region,district,community,contractor,package_number,ht_contract,ht_planted,ht_dressed,ht_strung,lv_contract,lv_planted,lv_dressed,lv_strung,tx_contract,tx_dressed,tx_commissioned,cs_1ph,cs_3ph
AHAFO,ASUTIFI NORTH,Asorepannin,FAAH TECH ENG. COMPANY LIMTED,SHEP-4-AR-AND-AAECL-17-22,53,30,30,30,150,0,0,0,2,1,0,200,0
AHAFO,ASUTIFI NORTH,Gambia Obolo Village,FAAH TECH ENG. COMPANY LIMTED,SHEP-4-AR-AND-AAECL-17-24,30,30,30,30,90,0,0,0,2,1,0,200,0
AHAFO,ASUTIFI NORTH,Issakakrom,FAAH TECH ENG. COMPANY LIMTED,SHEP-4-AR-AND-AAECL-17-21,34,25,25,25,150,0,0,0,2,1,0,150,0
AHAFO,ASUTIFI NORTH,Methodist Techincal School,NEDCO,SHEP-4-BAR-NEDCO-AND-TEMP-1,25,25,25,25,21,21,21,21,1,1,1,1,1
AHAFO,ASUTIFI NORTH,Nsanhokrom,FAAH TECH ENG. COMPANY LIMTED,SHEP-4-AR-AND-AAECL-17-25,36,36,36,36,100,0,0,0,2,1,0,200,0
AHAFO,ASUTIFI NORTH,Powbe,FAAH TECH ENG. COMPANY LIMTED,SHEP-4-AR-AND-AAECL-17-23,48,7,7,7,120,0,0,0,2,1,0,250,0
AHAFO,ASUTIFI NORTH,Solomon,APAM.A ENG COMPANY LTD,SHEP-4-AR-AND-AAECL-17-20,42,38,38,38,180,0,0,0,2,1,0,100,0
AHAFO,Ahafo Ano  South District,(Nsuta) Pokukrom,POWERBOARD COMPANY LTD,SHEP-4-AR-AASD-PCL-11-19,7,0,0,0,124,20,0,0,1,0,0,150,0
AHAFO,Ahafo Ano  South District,(Sabronum)Adekyem,POWERBOARD COMPANY LTD,SHEP-4-AR-AASD-PCL-11-19,17,0,0,0,185,0,0,0,1,0,0,300,0
AHAFO,Ahafo Ano  South District,Abofuo Road Ext.,POWERBOARD COMPANY LTD,SHEP-4-AR-AASD-PCL-11-19,14,0,0,0,135,0,0,0,1,0,0,150,0
AHAFO,Ahafo Ano  South District,Ahwiriwa Ext.,POWERBOARD COMPANY LTD,SHEP-4-AR-AASD-PCL-11-19,20,0,0,0,100,0,0,0,1,0,0,250,0
AHAFO,Ahafo Ano  South District,Akwadum Ext.,POWERBOARD COMPANY LTD,SHEP-4-AR-AASD-PCL-11-19,7,7,0,0,118,15,15,15,1,0,0,60,0
AHAFO,Ahafo Ano  South District,Akwatiakrom Ext.,POWERBOARD COMPANY LTD,SHEP-4-AR-AASD-PCL-11-19,5,0,0,0,60,0,0,0,1,0,0,300,0
AHAFO,Ahafo Ano  South District,Boaso Ext.,POWERBOARD COMPANY LTD,SHEP-4-AR-AASD-PCL-11-19,5,0,0,0,74,0,0,0,1,0,0,200,0
AHAFO,Ahafo Ano  South District,Boukrukruwa Ext.,POWERBOARD COMPANY LTD,SHEP-4-AR-AASD-PCL-11-19,2,0,0,0,64,0,0,0,1,0,0,100,0
AHAFO,Ahafo Ano  South District,Sabronum Ahenboboano,POWERBOARD COMPANY LTD,SHEP-4-AR-AASD-PCL-11-19,10,10,10,0,105,0,0,0,1,0,0,100,0
AHAFO,Ahafo Ano  South District,Sabronum Habitat Ext.,POWERBOARD COMPANY LTD,SHEP-4-AR-AASD-PCL-11-19,50,50,50,0,160,0,0,0,1,0,0,200,0
AHAFO,Asuafo South,Abesiwa,MANPOWER TRANSPORT & ENGINEERING SERVICES LTD,SHEP-4-AR-ASD-MTESL-09-19,47,0,0,0,90,12,12,12,1,0,0,300,0
AHAFO,Asuafo South,Abetenwom,MANPOWER TRANSPORT & ENGINEERING SERVICES LTD,SHEP-4-AR-ASD-MTESL-09-19,67,0,0,0,60,8,0,0,1,0,0,150,0
AHAFO,Asuafo South,Ahwia-Nkwanta,MANPOWER TRANSPORT & ENGINEERING SERVICES LTD,SHEP-4-AR-ASD-MTESL-09-19,60,30,30,30,150,20,0,0,1,0,0,600,0
AHAFO,Asuafo South,Akwasi-Bengkrom,MANPOWER TRANSPORT & ENGINEERING SERVICES LTD,SHEP-4-AR-ASD-MTESL-09-19,5,0,0,0,80,15,15,15,1,0,0,150,0
AHAFO,Asuafo South,Akyeamponkrom,MANPOWER TRANSPORT & ENGINEERING SERVICES LTD,SHEP-4-AR-ASD-MTESL-09-19,5,0,0,0,30,17,17,17,1,0,0,120,0
AHAFO,Asuafo South,Anwiam Extension,MANPOWER TRANSPORT & ENGINEERING SERVICES LTD,SHEP-4-AR-ASD-MTESL-09-19,19,0,0,0,165,25,25,0,1,0,0,300,0
AHAFO,Asuafo South,Atakorakrom,MANPOWER TRANSPORT & ENGINEERING SERVICES LTD,SHEP-4-AR-ASD-MTESL-09-19,22,0,0,0,180,11,11,11,1,0,0,90,0
AHAFO,Asuafo South,Boadan,MANPOWER TRANSPORT & ENGINEERING SERVICES LTD,SHEP-4-AR-ASD-MTESL-09-19,7,0,0,0,50,12,12,12,1,0,0,300,0
AHAFO,Asuafo South,Boakyekrom,MANPOWER TRANSPORT & ENGINEERING SERVICES LTD,SHEP-4-AR-ASD-MTESL-09-19,30,30,30,30,100,20,20,20,1,0,0,200,0
AHAFO,Asuafo South,Dantano Kobeda Ext.,MANPOWER TRANSPORT & ENGINEERING SERVICES LTD,SHEP-4-AR-ASD-MTESL-09-19,10,10,10,10,200,15,0,0,1,1,1,200,20
AHAFO,Asuafo South,Kokuom Tanoso Road Ext.,MANPOWER TRANSPORT & ENGINEERING SERVICES LTD,SHEP-4-AR-ASD-MTESL-09-19,10,10,10,10,50,10,10,10,1,1,1,100,15
AHAFO,Asuafo South,Kumakwu/kumawu,MANPOWER TRANSPORT & ENGINEERING SERVICES LTD,SHEP-4-AR-ASD-MTESL-09-19,28,0,0,0,100,20,20,20,1,0,0,200,0
AHAFO,Asuafo South,Kwaadoma,MANPOWER TRANSPORT & ENGINEERING SERVICES LTD,SHEP-4-AR-ASD-MTESL-09-19,46,30,0,0,70,12,12,12,1,0,0,300,0
AHAFO,Asuafo South,Kwaaso,MANPOWER TRANSPORT & ENGINEERING SERVICES LTD,SHEP-4-AR-ASD-MTESL-09-19,16,0,0,0,240,15,15,15,1,0,0,200,0
AHAFO,Asuafo South,Manpong,MANPOWER TRANSPORT & ENGINEERING SERVICES LTD,SHEP-4-AR-ASD-MTESL-09-19,64,0,0,0,150,15,15,15,1,0,0,400,0
AHAFO,Asuafo South,Manponteng,MANPOWER TRANSPORT & ENGINEERING SERVICES LTD,SHEP-4-AR-ASD-MTESL-09-19,36,0,0,0,100,17,17,17,1,0,0,300,0
AHAFO,Asuafo South,Nobeko Aburaso Ext,MANPOWER TRANSPORT & ENGINEERING SERVICES LTD,SHEP-4-AR-ASD-MTESL-09-19,13,10,10,10,100,45,45,45,1,1,1,150,0
AHAFO,Asuafo South,Ntowkrom,MANPOWER TRANSPORT & ENGINEERING SERVICES LTD,SHEP-4-AR-ASD-MTESL-09-19,22,0,0,0,50,12,12,12,1,0,0,100,0
AHAFO,Asuafo South,Obaa-Adwoa Ext,MANPOWER TRANSPORT & ENGINEERING SERVICES LTD,SHEP-4-AR-ASD-MTESL-09-19,10,10,10,10,195,40,40,40,1,1,1,200,40
AHAFO,Asuafo South,Quarter Rubber,MANPOWER TRANSPORT & ENGINEERING SERVICES LTD,SHEP-4-AR-ASD-MTESL-09-19,29,29,29,29,160,20,20,20,1,0,0,200,0
AHAFO,Asuafo South,Tadieso,MANPOWER TRANSPORT & ENGINEERING SERVICES LTD,SHEP-4-AR-ASD-MTESL-09-19,41,0,0,0,50,7,0,0,1,0,0,400,0
AHAFO,Asuafo South,Tanoso Ext.,MANPOWER TRANSPORT & ENGINEERING SERVICES LTD,SHEP-4-AR-ASD-MTESL-09-19,12,12,12,12,200,0,0,0,1,0,0,150,0
AHAFO,Asuafo South,Yankye Road Ext.,MANPOWER TRANSPORT & ENGINEERING SERVICES LTD,SHEP-4-AR-ASD-MTESL-09-19,14,14,14,14,30,50,50,50,1,0,0,150,0
AHAFO,Asuafo South,Yankye-Abesim,MANPOWER TRANSPORT & ENGINEERING SERVICES LTD,SHEP-4-AR-ASD-MTESL-09-19,50,0,0,0,160,0,0,0,1,0,0,200,0
AHAFO,Asunafo North,(Akodie) Nyamebekyere,MY REDEEMER ELECTRICAL & CIVIL ENG WORKS,SHEP-4-BAR-MRECEW-ANMA-07-15,57,50,50,0,200,60,0,0,2,0,0,200,0
AHAFO,Asunafo North,(Goaso) Nyamebekyere,WASHDAN COMPANY LTD,SHEP-4-AR-AND-WCL-09-19,60,50,50,50,70,40,40,40,1,1,1,130,50
AHAFO,Asunafo North,(Kasapin) Kramo-krom,WASHDAN COMPANY LTD,SHEP-4-AR-AND-WCL-09-19,24,0,0,0,58,0,0,0,1,0,0,110,0
AHAFO,Asunafo North,Adamakrom,WASHDAN COMPANY LTD,SHEP-4-AR-AND-WCL-09-19,24,2,2,2,50,15,15,15,1,0,0,140,0
AHAFO,Asunafo North,Adeapena- Asumura,WASHDAN COMPANY LTD,SHEP-4-AR-AND-WCL-09-19,24,24,0,0,50,30,30,30,1,0,0,140,0
AHAFO,Asunafo North,Adome/Danseasa,WASHDAN COMPANY LTD,SHEP-4-AR-AND-WCL-09-19,38,0,0,0,55,0,0,0,1,0,0,100,0
AHAFO,Asunafo North,Aglago,WASHDAN COMPANY LTD,SHEP-4-AR-AND-WCL-09-19,12,12,12,12,80,0,0,0,1,0,0,210,0
AHAFO,Asunafo North,Agravi,WASHDAN COMPANY LTD,SHEP-4-AR-AND-WCL-09-19,24,0,0,0,40,0,0,0,1,0,0,120,0
AHAFO,Asunafo North,Akutuase,WASHDAN COMPANY LTD,SHEP-4-AR-AND-WCL-09-19,36,14,14,14,68,50,50,50,1,1,1,130,16
AHAFO,Asunafo North,Akwaboaa,WASHDAN COMPANY LTD,SHEP-4-AR-AND-WCL-09-19,24,0,0,0,60,0,0,0,1,0,0,170,0
AHAFO,Asunafo North,Akwasi Addaikrom,WASHDAN COMPANY LTD,SHEP-4-AR-AND-WCL-09-19,24,0,0,0,45,0,0,0,1,0,0,100,0
AHAFO,Asunafo North,Alavanyo/Nyamebekyere,WASHDAN COMPANY LTD,SHEP-4-AR-AND-WCL-09-19,24,24,24,24,44,12,12,12,1,0,0,90,0
AHAFO,Asunafo North,Attakrom-Nkwanta,WASHDAN COMPANY LTD,SHEP-4-AR-AND-WCL-09-19,36,16,16,16,80,36,36,36,1,0,0,200,0
AHAFO,Asunafo North,Aworakuma,WASHDAN COMPANY LTD,SHEP-4-AR-AND-WCL-09-19,24,20,0,0,64,0,0,0,1,0,0,180,0
AHAFO,Asunafo North,Baakodua,WASHDAN COMPANY LTD,SHEP-4-AR-AND-WCL-09-19,36,36,0,0,40,14,14,14,1,0,0,100,0
AHAFO,Asunafo North,Banka,WASHDAN COMPANY LTD,SHEP-4-AR-AND-WCL-09-19,36,0,0,0,48,0,0,0,1,0,0,200,0
AHAFO,Asunafo North,Bediako,WASHDAN COMPANY LTD,SHEP-4-AR-AND-WCL-09-19,36,0,0,0,46,0,0,0,1,0,0,90,0
AHAFO,Asunafo North,Charleskrom,WASHDAN COMPANY LTD,SHEP-4-AR-AND-WCL-09-19,24,0,0,0,49,0,0,0,1,0,0,130,0
AHAFO,Asunafo North,Coco Ase,WASHDAN COMPANY LTD,SHEP-4-AR-AND-WCL-09-19,24,0,0,0,55,0,0,0,1,0,0,120,0
AHAFO,Asunafo North,Duase,WASHDAN COMPANY LTD,SHEP-4-AR-AND-WCL-09-19,60,36,36,36,50,50,50,50,1,1,1,140,30
AHAFO,Asunafo North,Essienimpong,MY REDEEMER ELECTRICAL & CIVIL ENG WORKS,SHEP-4-BAR-MRECEW-ANMA-07-15,81,58,58,58,180,40,40,40,2,0,0,230,0
AHAFO,Asunafo North,Forson Krom,WASHDAN COMPANY LTD,SHEP-4-AR-AND-WCL-09-19,96,0,0,0,68,0,0,0,1,0,0,150,0
AHAFO,Asunafo North,Gwesewobre,WASHDAN COMPANY LTD,SHEP-4-AR-AND-WCL-09-19,36,36,0,0,51,33,33,33,1,0,0,100,0
AHAFO,Asunafo North,Gyamfikrom,WASHDAN COMPANY LTD,SHEP-4-AR-AND-WCL-09-19,12,0,0,0,100,0,0,0,1,0,0,190,0
AHAFO,Asunafo North,Kayeyakrom,MY REDEEMER ELECTRICAL & CIVIL ENG WORKS,SHEP-4-BAR-MRECEW-ANMA-07-15,68,3,3,3,165,15,15,15,1,1,0,200,0
AHAFO,Asunafo North,Kobro,WASHDAN COMPANY LTD,SHEP-4-AR-AND-WCL-09-19,12,0,0,0,70,0,0,0,1,0,0,170,0
AHAFO,Asunafo North,Kofi Nkrumah,WASHDAN COMPANY LTD,SHEP-4-AR-AND-WCL-09-19,24,0,0,0,40,0,0,0,1,0,0,85,0
AHAFO,Asunafo North,Kokofu-Ayomsu,WASHDAN COMPANY LTD,SHEP-4-AR-AND-WCL-09-19,24,0,0,0,54,0,0,0,1,0,0,210,0
AHAFO,Asunafo North,Kramo-krom,WASHDAN COMPANY LTD,SHEP-4-AR-AND-WCL-09-19,24,0,0,0,58,0,0,0,1,0,0,140,0
AHAFO,Asunafo North,Kwaku-kura,WASHDAN COMPANY LTD,SHEP-4-AR-AND-WCL-09-19,74,0,0,0,40,0,0,0,1,0,0,90,0
AHAFO,Asunafo North,Kwame Donkor,WASHDAN COMPANY LTD,SHEP-4-AR-AND-WCL-09-19,12,0,0,0,90,0,0,0,1,0,0,120,0
AHAFO,Asunafo North,Kwame Kobe,WASHDAN COMPANY LTD,SHEP-4-AR-AND-WCL-09-19,24,0,0,0,40,0,0,0,1,0,0,120,0
AHAFO,Asunafo North,Kwamikibikrom,WASHDAN COMPANY LTD,SHEP-4-AR-AND-WCL-09-19,24,0,0,0,40,0,0,0,1,0,0,120,0
AHAFO,Asunafo North,Mansorkwa,WASHDAN COMPANY LTD,SHEP-4-AR-AND-WCL-09-19,30,0,0,0,30,0,0,0,1,0,0,70,0
AHAFO,Asunafo North,Nkrankrom-Ayomsu,WASHDAN COMPANY LTD,SHEP-4-AR-AND-WCL-09-19,48,0,0,0,45,0,0,0,1,0,0,150,0
AHAFO,Asunafo North,Ogyam,MY REDEEMER ELECTRICAL & CIVIL ENG WORKS,SHEP-4-BAR-MRECEW-ANMA-07-15,65,65,65,65,240,35,35,35,2,1,1,150,100
AHAFO,Asunafo North,Ohianimguase,WASHDAN COMPANY LTD,SHEP-4-AR-AND-WCL-09-19,24,24,24,24,48,48,48,48,1,1,1,110,50
AHAFO,Asunafo North,Own,WASHDAN COMPANY LTD,SHEP-4-AR-AND-WCL-09-19,36,36,36,36,90,0,0,0,1,0,0,210,0
AHAFO,Asunafo North,Yeboakrom,WASHDAN COMPANY LTD,SHEP-4-AR-AND-WCL-09-19,24,0,0,0,50,0,0,0,1,0,0,120,0
AHAFO,Asunafo North &South,(Sankore) Oseikrom,MANPOWER TRANSPORT & ENGINEERING SERVICES LTD,BAR-SHEP-AS&ND-MTESL-11-16,39,39,0,0,35,26,0,0,1,0,0,170,0
AHAFO,Asunafo North &South,(Sankore) Pokukrom,MANPOWER TRANSPORT & ENGINEERING SERVICES LTD,BAR-SHEP-AS&ND-MTESL-11-16,26,26,0,0,45,10,0,0,1,0,0,220,0
AHAFO,Asunafo North &South,Abesewa,MANPOWER TRANSPORT & ENGINEERING SERVICES LTD,BAR-SHEP-AS&ND-MTESL-11-16,2,2,2,2,40,23,23,23,1,0,0,305,0
AHAFO,Asunafo North &South,Abuom Manhyia,MANPOWER TRANSPORT & ENGINEERING SERVICES LTD,BAR-SHEP-AS&ND-MTESL-11-16,4,4,4,4,38,12,12,0,1,0,0,180,0
AHAFO,Asunafo North &South,Abuom Nkwanta,MANPOWER TRANSPORT & ENGINEERING SERVICES LTD,BAR-SHEP-AS&ND-MTESL-11-16,4,0,0,0,35,22,0,0,1,1,1,350,0
AHAFO,Asunafo North &South,Akrodie Ext.,MANPOWER TRANSPORT & ENGINEERING SERVICES LTD,BAR-SHEP-AS&ND-MTESL-11-16,10,5,5,5,100,100,100,100,2,2,1,150,120
AHAFO,Asunafo North &South,Asumingkrom,MANPOWER TRANSPORT & ENGINEERING SERVICES LTD,BAR-SHEP-AS&ND-MTESL-11-16,26,0,0,0,40,0,0,0,1,0,0,120,0
AHAFO,Asunafo North &South,Ayomso Ext.,MANPOWER TRANSPORT & ENGINEERING SERVICES LTD,BAR-SHEP-AS&ND-MTESL-11-16,10,5,5,5,160,95,95,95,1,1,1,100,20
AHAFO,Asunafo North &South,Bediako. Ext.,MANPOWER TRANSPORT & ENGINEERING SERVICES LTD,BAR-SHEP-AS&ND-MTESL-11-16,5,5,5,5,80,0,0,0,1,0,0,200,0
AHAFO,Asunafo North &South,Bowohoboden,MANPOWER TRANSPORT & ENGINEERING SERVICES LTD,BAR-SHEP-AS&ND-MTESL-11-16,39,0,0,0,40,10,0,0,1,0,0,360,0
AHAFO,Asunafo North &South,Dominase Ext.,MANPOWER TRANSPORT & ENGINEERING SERVICES LTD,BAR-SHEP-AS&ND-MTESL-11-16,4,2,2,2,100,50,50,50,1,0,0,100,0
AHAFO,Asunafo North &South,Fawohoyeden Ext.,MANPOWER TRANSPORT & ENGINEERING SERVICES LTD,BAR-SHEP-AS&ND-MTESL-11-16,20,15,15,15,160,50,50,50,2,1,1,200,100
AHAFO,Asunafo North &South,Goaso Abrodanho Ext.,MANPOWER TRANSPORT & ENGINEERING SERVICES LTD,BAR-SHEP-AS&ND-MTESL-11-16,7,7,7,7,80,10,10,10,1,1,1,150,0
AHAFO,Asunafo North &South,Goaso SSNIT Ext,MANPOWER TRANSPORT & ENGINEERING SERVICES LTD,BAR-SHEP-AS&ND-MTESL-11-16,7,5,5,5,50,50,50,50,1,1,1,200,0
AHAFO,Asunafo North &South,Kasapin Ext.,MANPOWER TRANSPORT & ENGINEERING SERVICES LTD,BAR-SHEP-AS&ND-MTESL-11-16,20,14,14,14,150,100,100,100,1,1,1,100,50
AHAFO,Asunafo North &South,Kwadwomo,MANPOWER TRANSPORT & ENGINEERING SERVICES LTD,BAR-SHEP-AS&ND-MTESL-11-16,78,0,0,0,48,28,28,28,1,0,0,195,0
AHAFO,Asunafo North &South,Manhyia Ext.,MANPOWER TRANSPORT & ENGINEERING SERVICES LTD,BAR-SHEP-AS&ND-MTESL-11-16,7,7,7,7,90,0,0,0,1,0,0,100,0
AHAFO,Asunafo North &South,Mim Alikrom Ext.,MANPOWER TRANSPORT & ENGINEERING SERVICES LTD,BAR-SHEP-AS&ND-MTESL-11-16,13,8,8,8,100,50,50,50,1,1,1,300,50
AHAFO,Asunafo North &South,Mim Domeabra Ext.,MANPOWER TRANSPORT & ENGINEERING SERVICES LTD,BAR-SHEP-AS&ND-MTESL-11-16,14,12,12,12,150,50,50,50,1,1,1,100,50
AHAFO,Asunafo North &South,Mim Feteeagya No.3 Ext.,MANPOWER TRANSPORT & ENGINEERING SERVICES LTD,BAR-SHEP-AS&ND-MTESL-11-16,7,7,7,7,100,50,50,50,1,1,1,150,50
AHAFO,Asunafo North &South,Mmeso Shed,MANPOWER TRANSPORT & ENGINEERING SERVICES LTD,BAR-SHEP-AS&ND-MTESL-11-16,49,0,0,0,80,0,0,0,1,0,0,350,0
AHAFO,Asunafo North &South,Naa Nyaanase,MANPOWER TRANSPORT & ENGINEERING SERVICES LTD,BAR-SHEP-AS&ND-MTESL-11-16,78,75,0,0,40,32,32,32,1,0,0,305,0
AHAFO,Asunafo North &South,Siiso Bawjiase,MANPOWER TRANSPORT & ENGINEERING SERVICES LTD,BAR-SHEP-AS&ND-MTESL-11-16,39,2,2,2,95,40,40,40,1,1,1,350,70
AHAFO,Asunafo North &South,Towoboase/Nyamebekyere,MANPOWER TRANSPORT & ENGINEERING SERVICES LTD,BAR-SHEP-AS&ND-MTESL-11-16,33,33,0,0,85,18,0,0,1,0,0,280,0
AHAFO,Asunafo North/South,Abodom- Aboaboso,MANPOWER TRANSPORT & ENGINEERING SERVICES LTD,SHEP-4-AS&ND-MTSEL-11-16,53,0,0,0,50,12,0,0,1,0,0,200,0
AHAFO,Asunafo North/South,Abodom- Mawosekan zyznnam,MANPOWER TRANSPORT & ENGINEERING SERVICES LTD,SHEP-4-AS&ND-MTSEL-11-16,62,20,0,0,48,15,0,0,1,0,0,150,0
AHAFO,Asunafo North/South,Abuom Manhyia Okyerekrom,MANPOWER TRANSPORT & ENGINEERING SERVICES LTD,SHEP-4-AS&ND-MTSEL-11-16,14,0,0,0,55,10,0,0,1,0,0,230,0
AHAFO,Asunafo North/South,Abuom Manhyia Yeboakrom,MANPOWER TRANSPORT & ENGINEERING SERVICES LTD,SHEP-4-AS&ND-MTSEL-11-16,41,0,0,0,68,12,0,0,1,0,0,150,0
AHAFO,Asunafo North/South,Amankwakrom -Boakyekrom,MANPOWER TRANSPORT & ENGINEERING SERVICES LTD,SHEP-4-AS&ND-MTSEL-11-16,58,0,0,0,65,12,12,12,1,0,0,200,0
AHAFO,Asunafo North/South,Amankwakrom -koduakrom,MANPOWER TRANSPORT & ENGINEERING SERVICES LTD,SHEP-4-AS&ND-MTSEL-11-16,32,0,0,0,54,5,5,5,1,0,0,240,0
AHAFO,Asunafo North/South,Asibrem Tamakloe,MANPOWER TRANSPORT & ENGINEERING SERVICES LTD,SHEP-4-AS&ND-MTSEL-11-16,46,0,0,0,59,5,5,5,1,0,0,150,0
AHAFO,Asunafo North/South,Kokookrom-Koduakrom,MANPOWER TRANSPORT & ENGINEERING SERVICES LTD,SHEP-4-AS&ND-MTSEL-11-16,20,0,0,0,75,7,7,7,1,0,0,100,0
AHAFO,Asunafo North/South,Kwaku Tei(Akwasi Mframa),MANPOWER TRANSPORT & ENGINEERING SERVICES LTD,SHEP-4-AS&ND-MTSEL-11-16,22,0,0,0,97,6,0,0,1,0,0,200,0
AHAFO,Asunafo North/South,Mmeso Boakyekrom,MANPOWER TRANSPORT & ENGINEERING SERVICES LTD,SHEP-4-AS&ND-MTSEL-11-16,59,0,0,0,41,0,0,0,1,0,0,300,0
AHAFO,Asunafo North/South,Nakete zmma Nonyo,MANPOWER TRANSPORT & ENGINEERING SERVICES LTD,SHEP-4-AS&ND-MTSEL-11-16,14,0,0,0,58,11,0,0,1,0,0,200,0
AHAFO,Asunafo North/South,Poliskrom,MANPOWER TRANSPORT & ENGINEERING SERVICES LTD,SHEP-4-AS&ND-MTSEL-11-16,12,0,0,0,36,8,0,0,1,0,0,240,0
AHAFO,Asunafo South,(Sankore)Adekyem,POWERBOARD COMPANY LTD,SHEP-4-AR-AS-PCL-07-19-P2,12,0,0,0,30,10,0,0,1,0,0,250,0
AHAFO,Asunafo South,(Sankore)Dwomo,POWERBOARD COMPANY LTD,SHEP-4-AR-AS-PCL-07-19-P2,50,0,0,0,87,8,0,0,1,0,0,200,0
AHAFO,Asunafo South,Alhaji-krom,POWERBOARD COMPANY LTD,SHEP-4-AR-AS-PCL-07-19-P2,25,0,0,0,60,10,0,0,1,0,0,120,0
AHAFO,Asunafo South,Amanfoso-Grotto,WASHDAN COMPANY LTD,SHEP-BAR-ASD-WDCL-TEMP-1,60,60,60,60,150,150,150,150,2,2,2,250,250
AHAFO,Asunafo South,Betenase,POWERBOARD COMPANY LTD,SHEP-4-AR-AS-PCL-07-19-P2,12,0,0,0,30,8,0,0,1,0,0,250,0
AHAFO,Asunafo South,Bethlehem,POWERBOARD COMPANY LTD,SHEP-4-AR-AS-PCL-07-19-P2,7,2,2,2,70,19,19,19,1,1,1,150,35
AHAFO,Asunafo South,Boadukrom,POWERBOARD COMPANY LTD,SHEP-4-AR-AS-PCL-07-19-P2,86,0,0,0,93,14,0,0,1,0,0,240,0
AHAFO,Asunafo South,Datano Ext./Abuom Ext.,WASHDAN COMPANY LTD,SHEP-BAR-ASD-WDCL-TEMP-1,30,0,0,0,180,130,130,130,2,0,0,280,0
AHAFO,Asunafo South,Gyamase 1 & 2,POWERBOARD COMPANY LTD,SHEP-4-AR-AS-PCL-07-19-P2,50,0,0,0,124,8,0,0,1,0,0,300,0
AHAFO,Asunafo South,Gyatokrom,POWERBOARD COMPANY LTD,SHEP-4-AR-AS-PCL-07-19-P2,22,0,0,0,65,35,35,0,1,0,0,220,0
AHAFO,Asunafo South,Kokookrom,POWERBOARD COMPANY LTD,SHEP-4-AR-AS-PCL-07-19-P2,56,56,56,56,98,15,15,15,1,0,0,230,0
AHAFO,Asunafo South,Kukuom Ext,WASHDAN COMPANY LTD,SHEP-BAR-ASD-WDCL-TEMP-1,60,60,60,60,410,30,30,30,2,2,2,1004,100
AHAFO,Asunafo South,Kwapong Ext.,WASHDAN COMPANY LTD,SHEP-BAR-ASD-WDCL-TEMP-1,23,23,0,0,325,310,310,310,2,1,1,413,0
AHAFO,Asunafo South,Manukrom,POWERBOARD COMPANY LTD,SHEP-4-AR-AS-PCL-07-19-P2,49,2,2,2,172,6,0,0,1,0,0,320,0
AHAFO,Asunafo South,Mossikrom,POWERBOARD COMPANY LTD,SHEP-4-AR-AS-PCL-07-19-P2,42,0,0,0,65,35,0,0,1,0,0,150,0
AHAFO,Asunafo South,Nkwantamanu,POWERBOARD COMPANY LTD,SHEP-4-AR-AS-PCL-07-19-P2,10,0,0,0,57,0,0,0,1,0,0,150,0
AHAFO,Asunafo South,Nobeko Ext.,WASHDAN COMPANY LTD,SHEP-BAR-ASD-WDCL-TEMP-1,15,15,15,15,165,75,75,75,1,1,1,320,0
AHAFO,Asunafo South,Nyame Adisaa,POWERBOARD COMPANY LTD,SHEP-4-AR-AS-PCL-07-19-P2,58,0,0,0,74,40,40,40,1,0,0,200,0
AHAFO,Asunafo South,Owusukrom,POWERBOARD COMPANY LTD,SHEP-4-AR-AS-PCL-07-19-P2,7,0,0,0,105,12,0,0,1,0,0,240,0
AHAFO,Asunafo South,Saakakrom,POWERBOARD COMPANY LTD,SHEP-4-AR-AS-PCL-07-19-P2,43,31,31,0,50,10,10,0,1,0,0,400,0
AHAFO,Asunafo South,Sankore Ext.,WASHDAN COMPANY LTD,SHEP-BAR-ASD-WDCL-TEMP-1,65,30,30,30,450,415,415,415,2,1,1,1263,0
AHAFO,Asunafo South,Siiso Bodwease,POWERBOARD COMPANY LTD,SHEP-4-AR-AS-PCL-07-19-P2,84,2,2,2,53,40,40,40,1,1,1,150,70
AHAFO,Asunafo South,Tettekwao Omanhene,POWERBOARD COMPANY LTD,SHEP-4-AR-AS-PCL-07-19-P2,22,0,0,0,80,15,0,0,1,0,0,200,0
AHAFO,Asunafo South,Tiabante,POWERBOARD COMPANY LTD,SHEP-4-AR-AS-PCL-07-19-P2,70,0,0,0,38,22,22,22,1,0,0,100,0
AHAFO,Asunafo South,Wagarakrom,POWERBOARD COMPANY LTD,SHEP-4-AR-AS-PCL-07-19-P2,72,0,0,0,35,8,0,0,1,0,0,320,0
AHAFO,Asunafo South,Yabe,POWERBOARD COMPANY LTD,SHEP-4-AR-AS-PCL-07-19-P2,8,0,0,0,80,15,0,0,1,0,0,200,0
AHAFO,Asutifi North,Biaso Kasapin,APAM.A ENG COMPANY LTD,SHEP-4-AR-AND -FECL-11-20,30,0,0,0,120,0,0,0,2,0,0,150,0
AHAFO,Asutifi North,Mintinminntin,APAM.A ENG COMPANY LTD,SHEP-4-AR-AND -FECL-11-20,48,0,0,0,140,0,0,0,2,0,0,200,0
AHAFO,Asutifi North,Mumunumuu,APAM.A ENG COMPANY LTD,SHEP-4-AR-AND -FECL-11-20,25,0,0,0,70,0,0,0,2,0,0,150,0
AHAFO,Asutifi North,Penkankrom,APAM.A ENG COMPANY LTD,SHEP-4-AR-AND -FECL-11-20,30,0,0,0,90,0,0,0,2,0,0,160,0
AHAFO,Asutifi North,Serekyererom,APAM.A ENG COMPANY LTD,SHEP-4-AR-AND -FECL-11-20,40,0,0,0,90,0,0,0,2,0,0,250,0
AHAFO,Asutifi North,kwaware,APAM.A ENG COMPANY LTD,SHEP-4-AR-AND -FECL-11-20,24,0,0,0,100,0,0,0,2,0,0,100,0
AHAFO,Asutifi South,Acherensua Camp,WASHDAN COMPANY LTD,SHEP-4-AS-WDCL-TEMP-1,12,12,12,12,80,80,80,80,1,1,1,68,68
AHAFO,Asutifi South,Acherensua R/C,WASHDAN COMPANY LTD,SHEP-4-AS-WDCL-TEMP-1,12,12,12,12,150,143,143,143,1,1,1,159,142
AHAFO,Asutifi South,Adjeikrom,GYABSHARAH COMPANY LTD,SP-BAR-AD-GL-11-07-V2,3,3,3,3,27,27,27,27,1,1,1,21,21
AHAFO,Asutifi South,Asampaneye,GYABSHARAH COMPANY LTD,SP-BAR-AD-GL-11-07-V2,48,48,48,48,45,38,38,38,1,1,1,60,72
AHAFO,Asutifi South,Dadiesoaba,WASHDAN COMPANY LTD,SHEP-4-AS-WDCL-TEMP-1,24,22,22,22,200,200,200,200,1,1,1,255,255
AHAFO,Asutifi South,Donkorkrum,GYABSHARAH COMPANY LTD,SP-BAR-AD-GL-11-07-V2,36,32,32,32,55,29,29,29,1,1,1,80,69
AHAFO,Asutifi South,Hwidiem Newtown,WASHDAN COMPANY LTD,SHEP-4-AS-WDCL-TEMP-1,2,2,2,2,60,60,60,60,1,1,1,50,50
AHAFO,Asutifi South,Hwidiem Zongo,WASHDAN COMPANY LTD,SHEP-4-AS-WDCL-TEMP-1,34,30,30,30,220,172,172,172,1,1,1,252,80
AHAFO,Asutifi South,Kenyasi No.1,GYABSHARAH COMPANY LTD,SP-BAR-AD-GL-11-07-V2,28,28,28,28,45,45,45,45,2,2,2,50,74
AHAFO,Asutifi South,Kenyasi No.2,GYABSHARAH COMPANY LTD,SP-BAR-AD-GL-11-07-V2,75,75,75,75,180,98,98,98,2,2,2,280,157
AHAFO,Asutifi South,Kwahu # 2,GYABSHARAH COMPANY LTD,SP-BAR-AD-GL-11-07-V2,72,72,72,72,40,48,48,48,1,1,1,50,57
AHAFO,Asutifi South,Mehame,WASHDAN COMPANY LTD,SHEP-4-AS-WDCL-TEMP-1,24,24,24,24,105,105,105,105,1,1,1,250,250
AHAFO,Asutifi South,Mehame Junction,WASHDAN COMPANY LTD,SHEP-4-AS-WDCL-TEMP-1,16,4,4,4,120,120,120,120,1,1,1,105,92
AHAFO,Asutifi South,Nkasiem Clinic,WASHDAN COMPANY LTD,SHEP-4-AS-WDCL-TEMP-1,10,10,10,10,140,140,140,140,1,1,1,255,255
AHAFO,Asutifi South,Obengkrom,GYABSHARAH COMPANY LTD,SP-BAR-AD-GL-11-07-V2,36,36,36,36,65,65,65,65,1,1,1,120,152
AHAFO,Asutifi South,Sienchem,WASHDAN COMPANY LTD,SHEP-4-AS-WDCL-TEMP-1,84,15,15,15,80,70,70,70,1,1,1,205,85
AHAFO,Asutifi South,Techimantia Newtown,WASHDAN COMPANY LTD,SHEP-4-AS-WDCL-TEMP-1,22,22,22,0,160,100,100,100,1,1,1,600,350
AHAFO,Asutifi South,Wuramumuso,WASHDAN COMPANY LTD,SHEP-4-AS-WDCL-TEMP-1,6,5,5,5,6,6,6,6,2,2,1,20,20
AHAFO,AsutifiNorth,Agyaponkrom,WASHDAN COMPANY LTD,SHEP- 4-AR-AND-WCL-11-19,52,0,0,0,130,0,0,0,1,0,0,250,0
AHAFO,AsutifiNorth,Akrobo,WASHDAN COMPANY LTD,SHEP- 4-AR-AND-WCL-11-19,2,0,0,0,70,0,0,0,1,0,0,200,0
AHAFO,AsutifiNorth,Ama Agyenmankrom,WASHDAN COMPANY LTD,SHEP- 4-AR-AND-WCL-11-19,67,67,0,0,96,0,0,0,1,0,0,180,0
AHAFO,AsutifiNorth,Amomaso Centre,WASHDAN COMPANY LTD,SHEP- 4-AR-AND-WCL-11-19,61,0,0,0,96,0,0,0,1,0,0,150,0
AHAFO,AsutifiNorth,Anlo Mensah-Ntirakwa,WASHDAN COMPANY LTD,SHEP- 4-AR-AND-WCL-11-19,23,0,0,0,100,0,0,0,1,0,0,200,0
AHAFO,AsutifiNorth,Bechem Burkina,WASHDAN COMPANY LTD,SHEP- 4-AR-AND-WCL-11-19,50,0,0,0,380,0,0,0,1,0,0,200,0
AHAFO,AsutifiNorth,Biaso,WASHDAN COMPANY LTD,SHEP- 4-AR-AND-WCL-11-19,14,14,14,14,110,64,64,64,1,1,1,200,100
AHAFO,AsutifiNorth,Dwomo Mission,WASHDAN COMPANY LTD,SHEP- 4-AR-AND-WCL-11-19,2,0,0,0,250,0,0,0,1,0,0,100,0
AHAFO,AsutifiNorth,Ensonyameye,WASHDAN COMPANY LTD,SHEP- 4-AR-AND-WCL-11-19,83,40,0,0,78,0,0,0,1,0,0,120,0
AHAFO,AsutifiNorth,Gambia No. 1,WASHDAN COMPANY LTD,SHEP- 4-AR-AND-WCL-11-19,7,7,7,7,55,55,55,55,1,1,1,100,50
AHAFO,AsutifiNorth,Gambia No. 2,WASHDAN COMPANY LTD,SHEP- 4-AR-AND-WCL-11-19,14,14,14,14,70,70,70,70,1,1,1,90,40
AHAFO,AsutifiNorth,Kwadwo Addaikrom,WASHDAN COMPANY LTD,SHEP- 4-AR-AND-WCL-11-19,7,7,7,7,105,30,30,30,1,1,1,100,50
AHAFO,AsutifiNorth,Kwagyankrom,WASHDAN COMPANY LTD,SHEP- 4-AR-AND-WCL-11-19,22,22,0,0,135,6,0,0,1,0,0,220,0
AHAFO,AsutifiNorth,Ntotorso,WASHDAN COMPANY LTD,SHEP- 4-AR-AND-WCL-11-19,38,38,38,38,178,178,178,178,3,2,2,150,0
AHAFO,AsutifiNorth,Nyinasua,WASHDAN COMPANY LTD,SHEP- 4-AR-AND-WCL-11-19,23,10,0,0,65,0,0,0,1,0,0,150,0
AHAFO,AsutifiNorth,Owusu Ansakrom,WASHDAN COMPANY LTD,SHEP- 4-AR-AND-WCL-11-19,32,0,0,0,100,0,0,0,1,0,0,200,0
AHAFO,AsutifiNorth,St. Solomonkrom,WASHDAN COMPANY LTD,SHEP- 4-AR-AND-WCL-11-19,36,0,0,0,140,0,0,0,1,0,0,250,0
AHAFO,AsutifiNorth,Tuagyankrom,WASHDAN COMPANY LTD,SHEP- 4-AR-AND-WCL-11-19,2,0,0,0,50,0,0,0,1,0,0,150,0
AHAFO,AsutifiNorth,Twepease,WASHDAN COMPANY LTD,SHEP- 4-AR-AND-WCL-11-19,2,0,0,0,20,0,0,0,1,0,0,100,0
AHAFO,AsutifiNorth,Yakubokrom,WASHDAN COMPANY LTD,SHEP- 4-AR-AND-WCL-11-19,28,0,0,0,13,0,0,0,1,0,0,160,0
AHAFO,TANO NORTH,(Duayawnkwanta) Subriso,MY REDEEMER ELECTRICAL & CIVIL ENG WORKS,SHEP-4-BAR-MERCEW-TN-TEMP-1,20,0,0,0,10,10,0,0,1,0,0,100,0
AHAFO,TANO NORTH,(Yamfo) Beposo,MY REDEEMER ELECTRICAL & CIVIL ENG WORKS,SHEP-4-BAR-MERCEW-TN-TEMP-1,30,30,30,30,17,17,17,17,1,1,1,100,10
AHAFO,TANO NORTH,Adagyemin,MY REDEEMER ELECTRICAL & CIVIL ENG WORKS,SHEP-4-BAR-MERCEW-TN-TEMP-1,40,40,40,40,50,50,50,50,2,1,1,150,58
AHAFO,TANO NORTH,Adrobaa,MY REDEEMER ELECTRICAL & CIVIL ENG WORKS,SHEP-4-BAR-MERCEW-TN-TEMP-1,10,0,0,0,10,10,0,0,1,0,0,89,0
AHAFO,TANO NORTH,Agona Boosie,MY REDEEMER ELECTRICAL & CIVIL ENG WORKS,SHEP-4-BAR-MERCEW-TN-TEMP-1,40,40,40,40,36,30,30,30,1,1,1,100,37
AHAFO,TANO NORTH,Asentesua,MY REDEEMER ELECTRICAL & CIVIL ENG WORKS,SHEP-4-BAR-MERCEW-TN-TEMP-1,30,10,10,10,90,90,90,90,1,1,1,200,0
AHAFO,TANO NORTH,Asuade,MY REDEEMER ELECTRICAL & CIVIL ENG WORKS,SHEP-4-BAR-MERCEW-TN-TEMP-1,60,60,60,60,40,20,20,20,1,1,1,95,10
AHAFO,TANO NORTH,Asukese,MY REDEEMER ELECTRICAL & CIVIL ENG WORKS,SHEP-4-BAR-MERCEW-TN-TEMP-1,30,0,0,0,10,10,0,0,1,0,0,50,0
AHAFO,TANO NORTH,Atonsu,MY REDEEMER ELECTRICAL & CIVIL ENG WORKS,SHEP-4-BAR-MERCEW-TN-TEMP-1,40,0,0,0,36,15,0,0,1,0,0,50,0
AHAFO,TANO NORTH,Atudrobesa,MY REDEEMER ELECTRICAL & CIVIL ENG WORKS,SHEP-4-BAR-MERCEW-TN-TEMP-1,30,30,30,30,55,30,30,30,1,1,1,100,10
AHAFO,TANO NORTH,Bafokrom,MY REDEEMER ELECTRICAL & CIVIL ENG WORKS,SHEP-4-BAR-MERCEW-TN-TEMP-1,20,0,0,0,5,5,0,0,1,0,0,90,0
AHAFO,TANO NORTH,Bedomme,MY REDEEMER ELECTRICAL & CIVIL ENG WORKS,SHEP-4-BAR-MERCEW-TN-TEMP-1,12,12,12,12,24,15,0,0,1,0,0,50,0
AHAFO,TANO NORTH,Bomaa,MY REDEEMER ELECTRICAL & CIVIL ENG WORKS,SHEP-4-BAR-MERCEW-TN-TEMP-1,30,0,0,0,35,35,0,0,1,0,0,120,0
AHAFO,TANO NORTH,Bredi,MY REDEEMER ELECTRICAL & CIVIL ENG WORKS,SHEP-4-BAR-MERCEW-TN-TEMP-1,20,0,0,0,10,10,0,0,1,0,0,200,0
AHAFO,TANO NORTH,Campso,MY REDEEMER ELECTRICAL & CIVIL ENG WORKS,SHEP-4-BAR-MERCEW-TN-TEMP-1,100,30,30,30,56,30,0,0,1,0,0,50,0
AHAFO,TANO NORTH,Domeabra,MY REDEEMER ELECTRICAL & CIVIL ENG WORKS,SHEP-4-BAR-MERCEW-TN-TEMP-1,35,35,35,35,82,82,82,82,1,1,1,200,0
AHAFO,TANO NORTH,Duayaw Nkwanta,MY REDEEMER ELECTRICAL & CIVIL ENG WORKS,SHEP-4-BAR-MERCEW-TN-TEMP-1,60,0,0,0,50,70,0,0,1,0,0,100,0
AHAFO,TANO NORTH,Dwumaku,MY REDEEMER ELECTRICAL & CIVIL ENG WORKS,SHEP-4-BAR-MERCEW-TN-TEMP-1,20,20,0,0,60,0,0,0,1,0,0,100,0
AHAFO,TANO NORTH,Gyaakye,MY REDEEMER ELECTRICAL & CIVIL ENG WORKS,SHEP-4-BAR-MERCEW-TN-TEMP-1,50,50,0,0,50,0,0,0,1,0,0,80,0
AHAFO,TANO NORTH,Koforidua,MY REDEEMER ELECTRICAL & CIVIL ENG WORKS,SHEP-4-BAR-MERCEW-TN-TEMP-1,20,0,0,0,10,10,0,0,1,0,0,50,0
AHAFO,TANO NORTH,Koope,MY REDEEMER ELECTRICAL & CIVIL ENG WORKS,SHEP-4-BAR-MERCEW-TN-TEMP-1,40,40,40,40,74,20,20,20,1,1,1,200,22
AHAFO,TANO NORTH,Kwabena,MY REDEEMER ELECTRICAL & CIVIL ENG WORKS,SHEP-4-BAR-MERCEW-TN-TEMP-1,50,30,0,0,60,0,0,0,1,0,0,100,0
AHAFO,TANO NORTH,Kwafo,MY REDEEMER ELECTRICAL & CIVIL ENG WORKS,SHEP-4-BAR-MERCEW-TN-TEMP-1,50,50,0,0,50,0,0,0,1,0,0,80,0
AHAFO,TANO NORTH,Mamponteng,MY REDEEMER ELECTRICAL & CIVIL ENG WORKS,SHEP-4-BAR-MERCEW-TN-TEMP-1,40,30,30,30,50,50,30,30,1,1,1,90,23
AHAFO,TANO NORTH,Nkurakai,MY REDEEMER ELECTRICAL & CIVIL ENG WORKS,SHEP-4-BAR-MERCEW-TN-TEMP-1,100,0,0,0,24,15,0,0,1,0,1,30,0
AHAFO,TANO NORTH,Nkwanta Bisa,MY REDEEMER ELECTRICAL & CIVIL ENG WORKS,SHEP-4-BAR-MERCEW-TN-TEMP-1,20,0,0,0,25,20,0,0,1,0,0,200,0
AHAFO,TANO NORTH,Onwe,MY REDEEMER ELECTRICAL & CIVIL ENG WORKS,SHEP-4-BAR-MERCEW-TN-TEMP-1,30,0,0,0,20,20,0,0,1,0,0,200,0
AHAFO,TANO NORTH,Rubi,MY REDEEMER ELECTRICAL & CIVIL ENG WORKS,SHEP-4-BAR-MERCEW-TN-TEMP-1,30,30,30,30,42,25,25,25,1,1,1,100,15
AHAFO,TANO NORTH,Subonpang,MY REDEEMER ELECTRICAL & CIVIL ENG WORKS,SHEP-4-BAR-MERCEW-TN-TEMP-1,30,0,0,0,5,5,0,0,1,0,0,150,0
AHAFO,TANO NORTH,Susuanho,MY REDEEMER ELECTRICAL & CIVIL ENG WORKS,SHEP-4-BAR-MERCEW-TN-TEMP-1,20,2,2,2,50,50,50,50,1,1,1,200,0
AHAFO,TANO NORTH,Susuanso,MY REDEEMER ELECTRICAL & CIVIL ENG WORKS,SHEP-4-BAR-MERCEW-TN-TEMP-1,20,0,0,0,10,10,0,0,1,0,0,90,0
AHAFO,TANO NORTH,Tano Ano,MY REDEEMER ELECTRICAL & CIVIL ENG WORKS,SHEP-4-BAR-MERCEW-TN-TEMP-1,70,70,70,70,60,45,45,45,1,1,1,100,35
AHAFO,TANO NORTH,Tanoso,MY REDEEMER ELECTRICAL & CIVIL ENG WORKS,SHEP-4-BAR-MERCEW-TN-TEMP-1,20,0,0,0,10,10,0,0,1,0,0,100,0
AHAFO,TANO NORTH,Tanoso Adengo,MY REDEEMER ELECTRICAL & CIVIL ENG WORKS,SHEP-4-BAR-MERCEW-TN-TEMP-1,30,0,0,0,20,20,0,0,1,0,0,100,0
AHAFO,TANO NORTH,Techire,MY REDEEMER ELECTRICAL & CIVIL ENG WORKS,SHEP-4-BAR-MERCEW-TN-TEMP-1,2,2,2,2,18,18,18,18,1,1,1,300,140
AHAFO,TANO NORTH,Twenewaho,MY REDEEMER ELECTRICAL & CIVIL ENG WORKS,SHEP-4-BAR-MERCEW-TN-TEMP-1,20,0,0,0,20,20,0,0,1,0,0,200,0
AHAFO,TANO NORTH,Yamfo,MY REDEEMER ELECTRICAL & CIVIL ENG WORKS,SHEP-4-BAR-MERCEW-TN-TEMP-1,30,0,0,0,35,35,0,0,1,0,0,300,0
AHAFO,TANO SOUTH,(Bechem) Dwomo,MANPOWER TRANSPORT & ENGINEERING SERVICES LTD,SHEP-BAR-TS-MTESL-TEMP-1,25,0,0,0,215,40,40,30,1,0,0,100,0
AHAFO,TANO SOUTH,Biokrom,MANPOWER TRANSPORT & ENGINEERING SERVICES LTD,SHEP-BAR-TS-MTESL-TEMP-1,1,0,0,0,60,0,0,0,1,0,0,100,0
AHAFO,TANO SOUTH,Breme,MANPOWER TRANSPORT & ENGINEERING SERVICES LTD,SHEP-BAR-TS-MTESL-TEMP-1,22,0,0,0,121,0,0,0,1,0,0,200,0
AHAFO,TANO SOUTH,Kofitamkrom,MANPOWER TRANSPORT & ENGINEERING SERVICES LTD,SHEP-BAR-TS-MTESL-TEMP-1,20,0,0,0,110,0,0,0,1,0,0,200,0
AHAFO,TANO SOUTH,Kwasu Nyesua,MANPOWER TRANSPORT & ENGINEERING SERVICES LTD,SHEP-BAR-TS-MTESL-TEMP-1,11,0,0,0,100,0,0,0,1,0,0,150,0
AHAFO,TANO SOUTH,Mansion,MANPOWER TRANSPORT & ENGINEERING SERVICES LTD,SHEP-BAR-TS-MTESL-TEMP-1,16,0,0,0,124,0,0,0,1,0,0,200,0
AHAFO,TANO SOUTH,Nkwakyere,MANPOWER TRANSPORT & ENGINEERING SERVICES LTD,SHEP-BAR-TS-MTESL-TEMP-1,25,0,0,0,80,0,0,0,1,0,0,100,0
AHAFO,TANO SOUTH,Nsuta Ninkyirankye,MANPOWER TRANSPORT & ENGINEERING SERVICES LTD,SHEP-BAR-TS-MTESL-TEMP-1,216,0,0,0,120,0,0,0,1,0,0,200,0
AHAFO,TANO SOUTH,Nyame Beye-Akobro,MANPOWER TRANSPORT & ENGINEERING SERVICES LTD,SHEP-BAR-TS-MTESL-TEMP-1,216,0,0,0,110,9,0,0,1,0,0,300,0
AHAFO,TANO SOUTH,Worapenho Subriso,MANPOWER TRANSPORT & ENGINEERING SERVICES LTD,SHEP-BAR-TS-MTESL-TEMP-1,192,7,0,0,160,60,0,0,1,0,0,200,0
AHAFO,Tano North,Apesika,GYABSHARAH COMPANY LTD,SP-BAR-AD-GL-11-17,4,4,4,4,20,30,30,30,1,1,1,55,37
AHAFO,Tano North,Kootwe,GYABSHARAH COMPANY LTD,SP-BAR-AD-GL-11-17,30,30,30,30,20,20,20,20,1,1,1,42,42
AHAFO,Tano North,Kwasuagya,GYABSHARAH COMPANY LTD,SP-BAR-AD-GL-11-17,48,40,40,40,36,36,36,36,1,1,1,115,78
AHAFO,Tano South,(Techimantia) Subriso,WASHDAN COMPANY LTD,SHEP-BAR-TS-WDCL-05-19,18,7,0,0,120,25,0,0,1,0,0,180,0
AHAFO,Tano South,Adaa,WASHDAN COMPANY LTD,SHEP-BAR-TS-WDCL-05-19,2,0,0,0,210,0,0,0,1,0,0,315,0
AHAFO,Tano South,Akrobo,WASHDAN COMPANY LTD,SHEP-BAR-TS-WDCL-05-19,40,40,0,0,110,41,41,0,1,0,0,165,0
AHAFO,Tano South,Ankase,WASHDAN COMPANY LTD,SHEP-BAR-TS-WDCL-05-19,2,0,0,0,180,0,0,0,1,0,0,270,0
AHAFO,Tano South,Atekyem,WASHDAN COMPANY LTD,SHEP-BAR-TS-WDCL-05-19,2,0,0,0,70,0,0,0,1,0,0,100,0
AHAFO,Tano South,Ayesuano,WASHDAN COMPANY LTD,SHEP-BAR-TS-WDCL-05-19,10,10,0,0,250,0,0,0,1,0,0,375,0
AHAFO,Tano South,Bechem Ahenfo Asieye,WASHDAN COMPANY LTD,SHEP-BAR-TS-WDCL-05-19,10,10,0,0,218,0,0,0,1,0,0,327,0
AHAFO,Tano South,Bechem Hipc,WASHDAN COMPANY LTD,SHEP-BAR-TS-WDCL-05-19,12,12,0,0,230,0,0,0,1,0,0,345,0
AHAFO,Tano South,Brosang Township,WASHDAN COMPANY LTD,SHEP-BAR-TS-WDCL-05-19,60,48,48,48,130,0,0,0,1,0,0,195,0
AHAFO,Tano South,E.E.K junction Derma,WASHDAN COMPANY LTD,SHEP-BAR-TS-WDCL-05-19,25,0,0,0,200,0,0,0,1,0,0,300,0
AHAFO,Tano South,Holy Trinity Ext,WASHDAN COMPANY LTD,SHEP-BAR-TS-WDCL-05-19,2,0,0,0,170,30,0,0,1,0,0,255,0
AHAFO,Tano South,Kubease Zone,WASHDAN COMPANY LTD,SHEP-BAR-TS-WDCL-05-19,2,2,2,2,240,150,150,150,1,1,1,360,50
AHAFO,Tano South,Nsereso,WASHDAN COMPANY LTD,SHEP-BAR-TS-WDCL-05-19,2,0,0,0,150,0,0,0,1,0,0,250,0
AHAFO,Tano South,Old Brosangkrom,WASHDAN COMPANY LTD,SHEP-BAR-TS-WDCL-05-19,12,12,0,0,280,100,100,0,1,0,0,420,0
AHAFO,Tano South,Sisirace,WASHDAN COMPANY LTD,SHEP-BAR-TS-WDCL-05-19,2,0,0,0,130,98,0,0,1,0,0,195,0
AHAFO,Tano South,T .T New Town,WASHDAN COMPANY LTD,SHEP-BAR-TS-WDCL-05-19,2,0,0,0,165,48,0,0,1,0,0,245,0
AHAFO,Tano South,T .T New Zongo,WASHDAN COMPANY LTD,SHEP-BAR-TS-WDCL-05-19,2,0,0,0,150,43,0,0,1,0,0,225,0
AHAFO,Tano South,Techmantia Habitat,WASHDAN COMPANY LTD,SHEP-BAR-TS-WDCL-05-19,14,5,0,0,150,68,0,0,1,0,0,225,0
AHAFO,Tano South,Techmantia Mission,WASHDAN COMPANY LTD,SHEP-BAR-TS-WDCL-05-19,40,5,5,5,150,50,0,0,1,0,0,225,0
AHAFO,Tano South,Tepa Junction Ext.,WASHDAN COMPANY LTD,SHEP-BAR-TS-WDCL-05-19,20,11,0,0,170,0,0,0,1,0,0,255,0
AHAFO,Tano South,Toronto Ext,WASHDAN COMPANY LTD,SHEP-BAR-TS-WDCL-05-19,14,14,14,14,260,20,20,20,1,1,1,390,350
AHAFO,Tano South,Tweapease(T.T),WASHDAN COMPANY LTD,SHEP-BAR-TS-WDCL-05-19,2,0,0,0,50,10,0,0,1,0,0,75,0
ASHANTI,ADANS FOMENA,Akrokerri,BUKJEE COMPANY LTD,SHEP-4-ASR-AFD-BCL-05-19,88,0,0,0,244,100,100,100,3,0,0,666,666
ASHANTI,ADANS FOMENA,Borbriase,BUKJEE COMPANY LTD,SHEP-4-ASR-AFD-BCL-05-19,15,0,0,0,82,80,80,50,2,0,0,123,123
ASHANTI,ADANS FOMENA,Dadwen,BUKJEE COMPANY LTD,SHEP-4-ASR-AFD-BCL-05-19,20,0,0,0,183,100,0,120,2,0,0,280,280
ASHANTI,ADANS FOMENA,Dompoase,BUKJEE COMPANY LTD,SHEP-4-ASR-AFD-BCL-05-19,35,0,0,0,196,50,50,50,3,1,1,294,294
ASHANTI,ADANS FOMENA,Fomena,BUKJEE COMPANY LTD,SHEP-4-ASR-AFD-BCL-05-19,99,0,0,0,204,100,100,100,3,1,1,306,306
ASHANTI,ADANS FOMENA,Kusa,BUKJEE COMPANY LTD,SHEP-4-ASR-AFD-BCL-05-19,7,0,0,0,43,20,20,20,1,1,1,65,65
ASHANTI,ADANS FOMENA,Kwapia,BUKJEE COMPANY LTD,SHEP-4-ASR-AFD-BCL-05-19,88,0,0,0,261,100,100,100,3,1,0,390,390
ASHANTI,ADANS FOMENA,Kyekyewere,BUKJEE COMPANY LTD,SHEP-4-ASR-AFD-BCL-05-19,76,76,76,76,200,200,200,200,3,3,3,300,300
ASHANTI,ADANS FOMENA,Meduma,BUKJEE COMPANY LTD,SHEP-4-ASR-AFD-BCL-05-19,92,0,0,0,231,120,120,120,3,1,0,350,350
ASHANTI,ADANS FOMENA,New Ayaase,BUKJEE COMPANY LTD,SHEP-4-ASR-AFD-BCL-05-19,6,0,0,0,49,20,20,20,1,1,1,75,75
ASHANTI,ADANS FOMENA,Old Ayaase,BUKJEE COMPANY LTD,SHEP-4-ASR-AFD-BCL-05-19,13,0,0,0,44,25,25,25,1,1,0,66,66
ASHANTI,ADANS FOMENA,Patakro,BUKJEE COMPANY LTD,SHEP-4-ASR-AFD-BCL-05-19,16,0,0,0,64,30,30,30,1,0,1,96,96
ASHANTI,ADANS FOMENA,Wioso,BUKJEE COMPANY LTD,SHEP-4-ASR-AFD-BCL-05-19,19,0,0,0,52,50,50,50,1,1,0,78,78
ASHANTI,ADANSI ASOKWA,Aboabo,SAMANGI COMPANY LTD,SHEP-4-AR-AAD-SCL-05-19,0,0,0,0,15,30,30,30,2,2,2,30,30
ASHANTI,ADANSI ASOKWA,Adiembra,SAMANGI COMPANY LTD,SHEP-4-AR-AAD-SCL-05-19,0,0,0,0,30,25,25,25,0,0,0,61,61
ASHANTI,ADANSI ASOKWA,Adunku,SAMANGI COMPANY LTD,SHEP-4-AR-AAD-SCL-05-19,29,12,0,0,280,0,0,0,1,0,0,450,450
ASHANTI,ADANSI ASOKWA,Akwasrem,SAMANGI COMPANY LTD,SHEP-4-AR-AAD-SCL-05-19,8,8,8,8,15,15,15,15,1,1,1,30,30
ASHANTI,ADANSI ASOKWA,Ansa,SAMANGI COMPANY LTD,SHEP-4-AR-AAD-SCL-05-19,2,2,2,2,20,20,20,20,1,1,1,40,40
ASHANTI,ADANSI ASOKWA,Anwona,SAMANGI COMPANY LTD,SHEP-4-AR-AAD-SCL-05-19,0,0,0,0,15,0,0,0,0,0,0,25,25
ASHANTI,ADANSI ASOKWA,Asokwa,SAMANGI COMPANY LTD,SHEP-4-AR-AAD-SCL-05-19,0,0,0,0,20,0,0,0,0,0,0,40,40
ASHANTI,ADANSI ASOKWA,Atuam,SAMANGI COMPANY LTD,SHEP-4-AR-AAD-SCL-05-19,13,13,0,0,15,11,11,11,1,0,0,30,30
ASHANTI,ADANSI ASOKWA,Ayokoa,SAMANGI COMPANY LTD,SHEP-4-AR-AAD-SCL-05-19,0,0,0,0,16,0,0,0,0,0,0,35,35
ASHANTI,ADANSI ASOKWA,Bodwesango,SAMANGI COMPANY LTD,SHEP-4-AR-AAD-SCL-05-19,5,5,5,5,40,40,40,40,1,1,1,80,80
ASHANTI,ADANSI ASOKWA,Brofeyedru,SAMANGI COMPANY LTD,SHEP-4-AR-AAD-SCL-05-19,8,8,8,8,20,20,20,20,1,1,1,40,40
ASHANTI,ADANSI ASOKWA,Fumso,SAMANGI COMPANY LTD,SHEP-4-AR-AAD-SCL-05-19,5,0,0,0,40,40,40,40,1,0,0,80,80
ASHANTI,ADANSI ASOKWA,Fumso Ketewa,SAMANGI COMPANY LTD,SHEP-4-AR-AAD-SCL-05-19,0,0,0,0,30,19,19,19,0,0,0,60,60
ASHANTI,ADANSI ASOKWA,Hwiremoase,SAMANGI COMPANY LTD,SHEP-4-AR-AAD-SCL-05-19,0,0,0,0,15,0,0,0,0,0,0,30,30
ASHANTI,ADANSI ASOKWA,Kojo Nkwata,SAMANGI COMPANY LTD,SHEP-4-AR-AAD-SCL-05-19,2,0,0,0,15,10,10,10,0,0,0,30,30
ASHANTI,ADANSI ASOKWA,Mensahkrom,SAMANGI COMPANY LTD,SHEP-4-AR-AAD-SCL-05-19,0,0,0,0,10,0,0,0,0,0,0,20,20
ASHANTI,ADANSI ASOKWA,New Akrofuom,SAMANGI COMPANY LTD,SHEP-4-AR-AAD-SCL-05-19,0,0,0,0,15,15,15,15,0,0,0,30,30
ASHANTI,ADANSI ASOKWA,Nyamebekyere,SAMANGI COMPANY LTD,SHEP-4-AR-AAD-SCL-05-19,0,0,0,0,5,5,5,5,0,0,0,61,61
ASHANTI,ADANSI ASOKWA,Nyankomase,SAMANGI COMPANY LTD,SHEP-4-AR-AAD-SCL-05-19,0,0,0,0,15,0,0,0,0,0,0,50,50
ASHANTI,ADANSI ASOKWA,Pipiiso,SAMANGI COMPANY LTD,SHEP-4-AR-AAD-SCL-05-19,5,5,5,5,30,30,30,30,1,1,1,60,60
ASHANTI,ADANSI ASOKWA,Tewoobaabi,SAMANGI COMPANY LTD,SHEP-4-AR-AAD-SCL-05-19,6,6,6,6,30,0,0,0,1,0,0,50,50
ASHANTI,ADANSI NORTH,Abadwam,BUKJEE COMPANY LTD,SHEP-4-ASR-AND-BCL-10-20,24,0,0,0,120,0,0,0,1,0,0,30,30
ASHANTI,ADANSI NORTH,Adokwai,ISAAC FORDJOUR LTD,SHEP-4-ASR-AND-IFL-05-19,10,10,10,10,41,0,0,0,1,0,0,62,62
ASHANTI,ADANSI NORTH,Adumenu Community Mining Site,BUKJEE COMPANY LTD,SHEP-4-ASR-AND-BCL-10-20,15,0,0,0,40,0,0,0,1,0,0,30,30
ASHANTI,ADANSI NORTH,Agogooso,ISAAC FORDJOUR LTD,SHEP-4-ASR-AND-IFL-05-19,10,7,7,7,44,7,7,7,1,0,0,66,66
ASHANTI,ADANSI NORTH,Ahinsan,ISAAC FORDJOUR LTD,SHEP-4-ASR-AND-IFL-05-19,10,5,5,5,43,15,15,15,1,0,0,85,85
ASHANTI,ADANSI NORTH,Akatakyieso Community Mining,BUKJEE COMPANY LTD,SHEP-4-ASR-AND-BCL-11-20,7,0,0,0,40,0,0,0,1,0,0,5,5
ASHANTI,ADANSI NORTH,Akrofuom,BUKJEE COMPANY LTD,SHEP-4-ASR-AND-BCL-11-20,24,0,0,0,150,0,0,0,1,0,0,120,120
ASHANTI,ADANSI NORTH,Akrokeri Training College,BUKJEE COMPANY LTD,SHEP-4-ASR-AND-BCL-11-20,30,0,0,0,200,0,0,0,1,0,0,15,15
ASHANTI,ADANSI NORTH,Asare Bediako SHS,BUKJEE COMPANY LTD,SHEP-4-ASR-AND-BCL-11-20,24,0,0,0,150,0,0,0,1,0,0,10,10
ASHANTI,ADANSI NORTH,Atetem,ISAAC FORDJOUR LTD,SHEP-4-ASR-AND-IFL-05-19,56,56,31,31,85,50,50,50,1,0,0,120,120
ASHANTI,ADANSI NORTH,Bonriase 1D1F,BUKJEE COMPANY LTD,SHEP-4-ASR-AND-BCL-10-20,8,0,0,0,70,0,0,0,2,0,0,30,30
ASHANTI,ADANSI NORTH,Broni Kurom Senit,BUKJEE COMPANY LTD,SHEP-4-ASR-AND-BCL-10-20,22,0,0,0,80,0,0,0,1,0,0,50,50
ASHANTI,ADANSI NORTH,Dadwen Newsite,BUKJEE COMPANY LTD,SHEP-4-ASR-AND-BCL-11-20,8,0,0,0,185,0,0,0,1,0,0,80,80
ASHANTI,ADANSI NORTH,Dompoase SHS,BUKJEE COMPANY LTD,SHEP-4-ASR-AND-BCL-11-20,42,0,0,0,54,0,0,0,1,0,0,20,20
ASHANTI,ADANSI NORTH,Fomena Ahmadiya SHS,BUKJEE COMPANY LTD,SHEP-4-ASR-AND-BCL-11-20,15,0,0,0,66,0,0,0,1,0,0,40,40
ASHANTI,ADANSI NORTH,Hemang Poultry Newsite,BUKJEE COMPANY LTD,SHEP-4-ASR-AND-BCL-11-20,9,0,0,0,15,0,0,0,1,0,0,10,10
ASHANTI,ADANSI NORTH,Kusa Newsite,BUKJEE COMPANY LTD,SHEP-4-ASR-AND-BCL-11-20,20,0,0,0,56,0,0,0,1,0,0,150,150
ASHANTI,ADANSI NORTH,Kusa Scrap,BUKJEE COMPANY LTD,SHEP-4-ASR-AND-BCL-10-20,10,0,0,0,50,0,0,0,1,0,0,60,60
ASHANTI,ADANSI NORTH,Kyeaboso,ISAAC FORDJOUR LTD,SHEP-4-ASR-AND-IFL-05-19,15,8,8,8,54,30,30,30,1,0,0,81,81
ASHANTI,ADANSI NORTH,Kyekyewere Newsite,BUKJEE COMPANY LTD,SHEP-4-ASR-AND-BCL-11-20,15,0,0,0,231,0,0,0,2,0,0,100,100
ASHANTI,ADANSI NORTH,New Amensia,BUKJEE COMPANY LTD,SHEP-4-ASR-AND-BCL-11-20,6,0,0,0,51,0,0,0,1,0,0,150,150
ASHANTI,ADANSI NORTH,New Nyamebekyere,BUKJEE COMPANY LTD,SHEP-4-ASR-AND-BCL-10-20,11,0,0,0,130,0,0,0,1,0,0,80,80
ASHANTI,ADANSI NORTH,Nursing & Midwifery,BUKJEE COMPANY LTD,SHEP-4-ASR-AND-BCL-11-20,20,0,0,0,58,0,0,0,1,0,0,75,75
ASHANTI,ADANSI NORTH,Old Edubiase,ISAAC FORDJOUR LTD,SHEP-4-ASR-AND-IFL-05-19,19,14,14,14,63,30,30,30,1,0,0,0,0
ASHANTI,ADANSI NORTH,Sampakrom,BUKJEE COMPANY LTD,SHEP-4-ASR-AND-BCL-10-20,36,0,0,0,180,0,0,0,1,0,0,25,25
ASHANTI,ADANSI NORTH,Sodua,BUKJEE COMPANY LTD,SHEP-4-ASR-AND-BCL-10-20,24,0,0,0,90,0,0,0,1,0,0,100,100
ASHANTI,ADANSI NORTH,Wiawso Community Mining,BUKJEE COMPANY LTD,SHEP-4-ASR-AND-BCL-10-20,24,0,0,0,100,0,0,0,1,0,0,20,20
ASHANTI,ADANSI NORTH-BOSOMTWE-BOSOMTWE FREHO,AdANS ENG LTDi Adiembra,AMAPPAW ELECTRICAL & CONTRUCTION LTD,REQ-ASR-ADS-AECL-07-15,0,0,0,0,35,0,0,0,0,0,0,0,0
ASHANTI,ADANSI NORTH-BOSOMTWE-BOSOMTWE FREHO,AdANS ENG LTDi Akwaserem,AMAPPAW ELECTRICAL & CONTRUCTION LTD,REQ-ASR-ADS-AECL-07-15,0,0,0,0,57,0,0,0,1,1,0,0,0
ASHANTI,ADANSI NORTH-BOSOMTWE-BOSOMTWE FREHO,AdANS ENG LTDi Asokwa,AMAPPAW ELECTRICAL & CONTRUCTION LTD,REQ-ASR-ADS-AECL-07-15,0,0,0,0,49,0,0,0,0,0,0,0,0
ASHANTI,ADANSI NORTH-BOSOMTWE-BOSOMTWE FREHO,AdANS ENG LTDi Brofoyedur,AMAPPAW ELECTRICAL & CONTRUCTION LTD,REQ-ASR-ADS-AECL-07-15,1,0,0,0,51,0,0,0,1,1,0,0,0
ASHANTI,ADANSI NORTH-BOSOMTWE-BOSOMTWE FREHO,AdANS ENG LTDi Fumso,AMAPPAW ELECTRICAL & CONTRUCTION LTD,REQ-ASR-ADS-AECL-07-15,0,0,0,0,87,0,0,0,0,0,0,0,0
ASHANTI,ADANSI NORTH-BOSOMTWE-BOSOMTWE FREHO,AdANS ENG LTDi Kyiriaburoso,AMAPPAW ELECTRICAL & CONTRUCTION LTD,REQ-ASR-ADS-AECL-07-15,0,0,0,0,55,0,0,0,0,0,0,0,0
ASHANTI,ADANSI NORTH-BOSOMTWE-BOSOMTWE FREHO,AdANS ENG LTDi Tewobabi,AMAPPAW ELECTRICAL & CONTRUCTION LTD,REQ-ASR-ADS-AECL-07-15,0,0,0,0,31,0,0,0,0,0,0,0,0
ASHANTI,ADANSI NORTH-BOSOMTWE-BOSOMTWE FREHO,Adom Koforidua,AMAPPAW ELECTRICAL & CONTRUCTION LTD,REQ-ASR-ADS-AECL-07-15,18,12,12,0,120,12,12,12,1,1,0,200,200
ASHANTI,ADANSI NORTH-BOSOMTWE-BOSOMTWE FREHO,Agogomamesene,AMAPPAW ELECTRICAL & CONTRUCTION LTD,REQ-ASR-ADS-AECL-07-15,57,57,57,57,280,280,280,280,1,3,0,600,600
ASHANTI,ADANSI NORTH-BOSOMTWE-BOSOMTWE FREHO,Anhwiaso,AMAPPAW ELECTRICAL & CONTRUCTION LTD,REQ-ASR-ADS-AECL-07-15,0,56,56,56,78,45,45,44,0,0,0,0,0
ASHANTI,ADANSI NORTH-BOSOMTWE-BOSOMTWE FREHO,Apitisu,AMAPPAW ELECTRICAL & CONTRUCTION LTD,REQ-ASR-ADS-AECL-07-15,15,15,15,15,35,30,30,30,1,1,0,100,100
ASHANTI,ADANSI NORTH-BOSOMTWE-BOSOMTWE FREHO,Asokore Akwasi Kokoo,AMAPPAW ELECTRICAL & CONTRUCTION LTD,REQ-ASR-ADS-AECL-07-15,18,18,18,18,70,48,48,48,1,2,0,175,175
ASHANTI,ADANSI NORTH-BOSOMTWE-BOSOMTWE FREHO,Awiaso,AMAPPAW ELECTRICAL & CONTRUCTION LTD,REQ-ASR-ADS-AECL-07-15,87,56,56,56,65,35,35,35,1,1,0,95,95
ASHANTI,ADANSI NORTH-BOSOMTWE-BOSOMTWE FREHO,Besease,AMAPPAW ELECTRICAL & CONTRUCTION LTD,REQ-ASR-ADS-AECL-07-15,38,66,66,66,75,45,45,45,1,1,0,110,110
ASHANTI,ADANSI NORTH-BOSOMTWE-BOSOMTWE FREHO,Biakoyeden,AMAPPAW ELECTRICAL & CONTRUCTION LTD,REQ-ASR-ADS-AECL-07-15,15,5,5,5,200,200,200,200,1,2,0,350,350
ASHANTI,ADANSI NORTH-BOSOMTWE-BOSOMTWE FREHO,Bodwesango,AMAPPAW ELECTRICAL & CONTRUCTION LTD,REQ-ASR-ADS-AECL-07-15,4,0,0,0,52,0,0,0,1,1,0,0,0
ASHANTI,ADANSI NORTH-BOSOMTWE-BOSOMTWE FREHO,Krobo,AMAPPAW ELECTRICAL & CONTRUCTION LTD,REQ-ASR-ADS-AECL-07-15,38,38,38,38,45,45,45,45,1,1,1,78,78
ASHANTI,ADANSI NORTH-BOSOMTWE-BOSOMTWE FREHO,Kwabenakwa,AMAPPAW ELECTRICAL & CONTRUCTION LTD,REQ-ASR-ADS-AECL-07-15,15,0,0,0,60,60,60,60,2,2,0,200,200
ASHANTI,ADANSI NORTH-BOSOMTWE-BOSOMTWE FREHO,New Akrofuom,AMAPPAW ELECTRICAL & CONTRUCTION LTD,REQ-ASR-ADS-AECL-07-15,0,0,0,0,35,0,0,0,0,0,0,0,0
ASHANTI,ADANSI NORTH-BOSOMTWE-BOSOMTWE FREHO,Odem,AMAPPAW ELECTRICAL & CONTRUCTION LTD,REQ-ASR-ADS-AECL-07-15,45,57,57,0,85,85,85,85,1,1,0,200,200
ASHANTI,ADANSI NORTH-BOSOMTWE-BOSOMTWE FREHO,Pipiiso,AMAPPAW ELECTRICAL & CONTRUCTION LTD,REQ-ASR-ADS-AECL-07-15,1,0,0,0,58,0,0,0,1,1,0,0,0
ASHANTI,ADANSI NORTH-BOSOMTWE-BOSOMTWE FREHO,Prambong/ Awiom,AMAPPAW ELECTRICAL & CONTRUCTION LTD,REQ-ASR-ADS-AECL-07-15,32,20,20,20,240,240,240,240,1,3,0,630,630
ASHANTI,ADANSI NORTH-BOSOMTWE-BOSOMTWE FREHO,Sumdadeaso,AMAPPAW ELECTRICAL & CONTRUCTION LTD,REQ-ASR-ADS-AECL-07-15,99,99,99,99,85,85,85,85,1,1,1,120,120
ASHANTI,ADANSI SOUTH,Adomanyame,ANS ELECTRICAL  LTD,SHEP-4-ASR-ASD-AEL-11-16,70,35,0,0,38,0,0,0,1,1,0,150,150
ASHANTI,ADANSI SOUTH,Adukroba,ANS ELECTRICAL  LTD,SHEP-4-ASR-ASD-AEL-11-16,39,70,0,0,61,0,0,0,1,1,0,178,178
ASHANTI,ADANSI SOUTH,Alata NkorANS ENG LTDa,ANS ELECTRICAL  LTD,SHEP-4-ASR-ASD-AEL-11-16,49,49,47,0,183,183,183,0,1,2,0,450,450
ASHANTI,ADANSI SOUTH,Asiedukrom,ANS ELECTRICAL  LTD,SHEP-4-ASR-ASD-AEL-11-16,26,0,0,0,52,0,0,0,1,1,0,273,273
ASHANTI,ADANSI SOUTH,Avornyo/ Benkumhene,ANS ELECTRICAL  LTD,SHEP-4-ASR-ASD-AEL-11-16,27,27,27,0,52,52,52,0,1,2,0,125,125
ASHANTI,ADANSI SOUTH,Bekampa,ANS ELECTRICAL  LTD,SHEP-4-ASR-ASD-AEL-11-16,25,0,0,0,79,0,0,0,1,1,0,143,143
ASHANTI,ADANSI SOUTH,Beseasi,ANS ELECTRICAL  LTD,SHEP-4-ASR-ASD-AEL-11-16,56,11,0,0,49,0,0,0,1,1,0,198,198
ASHANTI,ADANSI SOUTH,Bethlehem,ANS ELECTRICAL  LTD,SHEP-4-ASR-ASD-AEL-11-16,45,3,0,0,45,0,0,0,1,1,0,182,182
ASHANTI,ADANSI SOUTH,Boakyekrom,ANS ELECTRICAL  LTD,SHEP-4-ASR-ASD-AEL-11-16,52,0,0,0,51,0,0,0,1,1,0,180,180
ASHANTI,ADANSI SOUTH,Essonkrom,ANS ELECTRICAL  LTD,SHEP-4-ASR-ASD-AEL-11-16,18,56,56,0,22,22,22,0,1,1,0,115,115
ASHANTI,ADANSI SOUTH,Grumesa,ANS ELECTRICAL  LTD,SHEP-4-ASR-ASD-AEL-11-16,24,24,24,0,86,86,86,0,1,1,0,250,250
ASHANTI,ADANSI SOUTH,Gyimi Camp,ANS ELECTRICAL  LTD,SHEP-4-ASR-ASD-AEL-11-16,104,0,0,0,80,0,0,0,1,1,0,143,143
ASHANTI,ADANSI SOUTH,Kofigyame/ Asiedukrom,ANS ELECTRICAL  LTD,SHEP-4-ASR-ASD-AEL-11-16,80,68,68,0,78,52,52,0,1,1,0,230,230
ASHANTI,ADANSI SOUTH,Kramokrom,ANS ELECTRICAL  LTD,SHEP-4-ASR-ASD-AEL-11-16,87,87,87,0,88,88,88,0,1,1,0,255,255
ASHANTI,ADANSI SOUTH,Kwakye Krom,ANS ELECTRICAL  LTD,SHEP-4-ASR-ASD-AEL-11-16,70,21,0,0,48,0,0,0,1,1,0,300,300
ASHANTI,ADANSI SOUTH,Nhyiaso 1,ANS ELECTRICAL  LTD,SHEP-4-ASR-ASD-AEL-11-16,39,0,0,0,52,0,0,0,1,1,0,180,180
ASHANTI,ADANSI SOUTH,Nhyiaso 2,ANS ELECTRICAL  LTD,SHEP-4-ASR-ASD-AEL-11-16,26,0,0,0,48,0,0,0,1,1,0,143,143
ASHANTI,ADANSI SOUTH,Nnyameso,ANS ELECTRICAL  LTD,SHEP-4-ASR-ASD-AEL-11-16,31,0,0,0,50,0,0,0,1,1,0,100,100
ASHANTI,ADANSI SOUTH,Nyamebekyere,ANS ELECTRICAL  LTD,SHEP-4-ASR-ASD-AEL-11-16,56,11,0,0,52,0,0,0,1,1,0,189,189
ASHANTI,ADANSI SOUTH,Sofolagon,ANS ELECTRICAL  LTD,SHEP-4-ASR-ASD-AEL-11-16,25,25,25,0,16,16,16,0,1,1,0,85,85
ASHANTI,ADANSI SOUTH,Yawowusukrom,ANS ELECTRICAL LTD,SHEP-4-ASR-ASD-AEL-11-16,17,17,17,0,28,28,28,0,1,1,0,105,105
ASHANTI,ADANSI SOUTH,Yeboah,ANS ELECTRICAL  LTD,SHEP-4-ASR-ASD-AEL-11-16,0,0,0,0,0,0,0,0,0,0,0,139,139
ASHANTI,ADANSI SOUTH/ SEKYERE CENTRAL,Adubanaso,AGENBEC ELECTRICAL & PLUMING CONTRACTORS,ASR-ASR-ADSD-APEC-9-16,64,64,64,64,39,39,39,39,1,1,1,125,125
ASHANTI,ADANSI SOUTH/ SEKYERE CENTRAL,Agengensu,AGENBEC ELECTRICAL & PLUMING CONTRACTORS,ASR-ASR-ADSD-APEC-9-16,35,20,20,20,42,20,20,20,1,1,1,78,78
ASHANTI,ADANSI SOUTH/ SEKYERE CENTRAL,Akaasu No.1,AGENBEC ELECTRICAL & PLUMING CONTRACTORS,ASR-ASR-ADSD-APEC-9-16,24,20,20,20,22,22,22,22,1,1,1,95,95
ASHANTI,ADANSI SOUTH/ SEKYERE CENTRAL,Akaasu No.2,AGENBEC ELECTRICAL & PLUMING CONTRACTORS,ASR-ASR-ADSD-APEC-9-16,24,20,20,20,45,18,18,18,1,1,1,100,100
ASHANTI,ADANSI SOUTH/ SEKYERE CENTRAL,Asaasebomebosia,AGENBEC ELECTRICAL & PLUMING CONTRACTORS,ASR-ASR-ADSD-APEC-9-16,24,20,20,20,33,33,33,33,1,1,1,125,125
ASHANTI,ADANSI SOUTH/ SEKYERE CENTRAL,Bertenase,AGENBEC ELECTRICAL & PLUMING CONTRACTORS,ASR-ASR-ADSD-APEC-9-16,56,28,28,28,45,40,40,40,1,1,1,160,160
ASHANTI,ADANSI SOUTH/ SEKYERE CENTRAL,Bredi,AGENBEC ELECTRICAL & PLUMING CONTRACTORS,ASR-ASR-ADSD-APEC-9-16,7,7,7,7,32,32,32,32,1,1,1,122,122
ASHANTI,ADANSI SOUTH/ SEKYERE CENTRAL,Comfortable Nkwanta,AGENBEC ELECTRICAL & PLUMING CONTRACTORS,ASR-ASR-ADSD-APEC-9-16,14,14,14,14,30,30,30,30,1,1,1,89,89
ASHANTI,ADANSI SOUTH/ SEKYERE CENTRAL,Dampayam,AGENBEC ELECTRICAL & PLUMING CONTRACTORS,ASR-ASR-ADSD-APEC-9-16,28,20,20,20,45,20,20,20,1,1,1,112,112
ASHANTI,ADANSI SOUTH/ SEKYERE CENTRAL,Fawoman,AGENBEC ELECTRICAL & PLUMING CONTRACTORS,ASR-ASR-ADSD-APEC-9-16,33,20,20,20,36,20,20,20,1,1,1,87,87
ASHANTI,ADANSI SOUTH/ SEKYERE CENTRAL,Mensahkrom,AGENBEC ELECTRICAL & PLUMING CONTRACTORS,ASR-ASR-ADSD-APEC-9-16,39,39,39,39,16,16,16,16,1,1,1,60,60
ASHANTI,ADANSI SOUTH/ SEKYERE CENTRAL,Ofrikrom,AGENBEC ELECTRICAL & PLUMING CONTRACTORS,ASR-ASR-ADSD-APEC-9-16,14,14,14,14,32,32,32,32,1,1,1,96,96
ASHANTI,ADANSI SOUTH/ SEKYERE CENTRAL,Yadome,AGENBEC ELECTRICAL & PLUMING CONTRACTORS,ASR-ASR-ADSD-APEC-9-16,140,140,140,140,66,66,66,66,1,1,1,155,155
ASHANTI,AFIGYA KWABRE,Abrade,OKOSO & SONS ENG COMPANY LTD,SHEP-SP-ASR-AKD-OSECL-01-18,6,6,6,6,50,50,50,50,1,1,1,125,125
ASHANTI,AFIGYA KWABRE,Aduamoah,OKOSO & SONS ENG COMPANY LTD,SHEP-SP-ASR-AKD-OSECL-01-18,8,7,7,7,85,94,40,0,2,1,0,150,150
ASHANTI,AFIGYA KWABRE,Adubinso Bea,A.A WARNCHARN COMPANY LTD,SHEP-SP-ASR-AKD-AAWCL-01-18,6,6,6,6,85,85,85,85,1,0,0,150,150
ASHANTI,AFIGYA KWABRE,Adubinso Kese,ROXNO ENG LTD,SHEP-SP-ASR-AKD-REEL-01-18,6,9,9,9,230,200,200,200,1,1,0,575,575
ASHANTI,AFIGYA KWABRE,Aduman,AMAKYE GLOBAL LINKS ENTERPRISE,SHEP-SP-ASR-AKD-AGLE-01-18,30,30,30,30,206,200,200,200,2,1,1,775,775
ASHANTI,AFIGYA KWABRE,Adwumakese Kesse,A.A WARNCHARN COMPANY LTD,SHEP-SP-ASR-AKD-AAWCL-01-18,21,21,21,21,270,150,150,150,3,0,0,675,675
ASHANTI,AFIGYA KWABRE,Adwumkase Besease,A.A WARNCHARN COMPANY LTD,SHEP-SP-ASR-AKD-AAWCL-01-18,12,12,12,12,180,100,100,100,2,0,0,450,450
ASHANTI,AFIGYA KWABRE,Agyarko Buoho,OKOSO & SONS ENG COMPANY LTD,SHEP-SP-ASR-AKD-OSECL-01-18,8,11,11,11,100,156,0,0,2,1,0,220,220
ASHANTI,AFIGYA KWABRE,Akrofuom,AMAKYE GLOBAL LINKS ENTERPRISE,SHEP-SP-ASR-AKD-AGLE-01-18,26,26,26,26,250,250,250,250,2,1,1,525,525
ASHANTI,AFIGYA KWABRE,Akroma,OKOSO & SONS ENG COMPANY LTD,SHEP-SP-ASR-AKD-OSECL-01-18,15,15,15,15,90,90,90,90,2,2,2,160,160
ASHANTI,AFIGYA KWABRE,Ampabame,OKOSO & SONS ENG COMPANY LTD,SHEP-SP-ASR-AKD-OSECL-01-18,6,5,5,4,80,58,0,0,2,1,0,120,120
ASHANTI,AFIGYA KWABRE,Apagya,OKOSO & SONS ENG COMPANY LTD,SHEP-SP-ASR-AKD-OSECL-01-18,78,48,48,48,550,310,310,310,2,1,0,1375,1375
ASHANTI,AFIGYA KWABRE,Atimatim,AMAKYE GLOBAL LINKS ENTERPRISE,SHEP-SP-ASR-AKD-AGLE-01-18,20,20,20,20,415,300,300,300,3,2,2,651,651
ASHANTI,AFIGYA KWABRE,Atrema,OKOSO & SONS ENG COMPANY LTD,SHEP-SP-ASR-AKD-OSECL-01-18,4,0,0,0,70,0,0,0,1,1,0,100,100
ASHANTI,AFIGYA KWABRE,Bomfa,A.A WARNCHARN COMPANY LTD,SHEP-SP-ASR-AKD-AAWCL-01-18,36,12,12,12,300,211,211,211,3,0,0,0,0
ASHANTI,AFIGYA KWABRE,Bomso,OKOSO & SONS ENG COMPANY LTD,SHEP-SP-ASR-AKD-OSECL-01-18,3,0,0,0,95,67,0,0,1,1,0,160,160
ASHANTI,AFIGYA KWABRE,Boroyedur,OKOSO & SONS ENG COMPANY LTD,SHEP-SP-ASR-AKD-OSECL-01-18,7,4,4,4,100,58,0,0,2,1,0,210,210
ASHANTI,AFIGYA KWABRE,Dumanafo,OKOSO & SONS ENG COMPANY LTD,SHEP-SP-ASR-AKD-OSECL-01-18,30,30,30,30,310,220,220,220,1,2,0,775,775
ASHANTI,AFIGYA KWABRE,Ebom,A.A WARNCHARN COMPANY LTD,SHEP-SP-ASR-AKD-AAWCL-01-18,20,9,9,9,220,78,78,78,2,0,0,0,0
ASHANTI,AFIGYA KWABRE,Edwenase New Site,ROXNO ENG LTD,SHEP-SP-ASR-AKD-REEL-01-18,30,30,30,30,330,330,330,330,2,2,2,825,825
ASHANTI,AFIGYA KWABRE,Hemang,OKOSO & SONS ENG COMPANY LTD,SHEP-SP-ASR-AKD-OSECL-01-18,20,20,20,20,180,180,180,180,2,2,2,450,450
ASHANTI,AFIGYA KWABRE,Kodie,OKOSO & SONS ENG COMPANY LTD,SHEP-SP-ASR-AKD-OSECL-01-18,18,18,18,18,128,128,128,128,3,3,3,256,256
ASHANTI,AFIGYA KWABRE,Maase,AMAKYE GLOBAL LINKS ENTERPRISE,SHEP-SP-ASR-AKD-AGLE-01-18,59,59,59,59,275,20,20,20,2,1,1,515,515
ASHANTI,AFIGYA KWABRE,Maase Akorsua,ROXNO ENG LTD,SHEP-SP-ASR-AKD-REEL-01-18,10,7,7,7,85,85,85,85,1,1,0,213,213
ASHANTI,AFIGYA KWABRE,Maase Besease,ROXNO ENG LTD,SHEP-SP-ASR-AKD-REEL-01-18,25,9,9,9,215,185,185,185,3,0,0,538,538
ASHANTI,AFIGYA KWABRE,Maase Israel,ROXNO ENG LTD,SHEP-SP-ASR-AKD-REEL-01-18,20,8,8,8,180,170,170,170,2,1,0,450,450
ASHANTI,AFIGYA KWABRE,Mowire,OKOSO & SONS ENG COMPANY LTD,SHEP-SP-ASR-AKD-OSECL-01-18,16,16,16,16,120,120,120,120,2,2,2,240,240
ASHANTI,AFIGYA KWABRE,Mpobi,ROXNO ENG LTD,SHEP-SP-ASR-AKD-REEL-01-18,15,7,7,7,205,165,165,165,2,1,0,513,513
ASHANTI,AFIGYA KWABRE,Swedru,OKOSO & SONS ENG COMPANY LTD,SHEP-SP-ASR-AKD-OSECL-01-18,10,10,10,10,50,50,50,50,1,1,1,125,125
ASHANTI,AHAFO ANO NORTH,Bredi,PAT HAYFORD ELECTRICAL LTD,SHEP-ASR-AAND-PHEL-07-15,13,10,10,10,20,0,0,0,1,1,1,38,38
ASHANTI,AHAFO ANO NORTH,Keniago,PAT HAYFORD ELECTRICAL LTD,SHEP-ASR-AAND-PHEL-07-15,23,14,14,14,25,0,0,0,1,1,1,42,42
ASHANTI,AHAFO ANO NORTH,Kwaodonkor,PAT HAYFORD ELECTRICAL LTD,SHEP-ASR-AAND-PHEL-07-15,39,22,22,22,20,0,0,0,1,1,1,35,35
ASHANTI,AHAFO ANO NORTH,Mfante,PAT HAYFORD ELECTRICAL LTD,SHEP-ASR-AAND-PHEL-07-15,46,46,35,0,80,0,0,0,1,1,1,100,100
ASHANTI,AHAFO ANO NORTH,Odumase,PAT HAYFORD ELECTRICAL LTD,SHEP-ASR-AAND-PHEL-07-15,16,5,5,0,35,0,0,0,1,1,1,50,50
ASHANTI,AHAFO ANO NORTH,Subriso,PAT HAYFORD ELECTRICAL LTD,SHEP-ASR-AAND-PHEL-07-15,16,5,5,0,320,0,0,0,2,2,2,420,420
ASHANTI,AHAFO ANO NORTH,Sunrosiso,PAT HAYFORD ELECTRICAL LTD,SHEP-ASR-AAND-PHEL-07-15,49,21,21,21,35,0,0,0,1,1,1,45,45
ASHANTI,AHAFO ANO NORTH/ ADANSI SOUTH,Amankwa,PAT HAYFORD ELECTRICAL LTD,ASR-SHEP-AAND-PHEL-11-16-P2,14,0,0,0,100,25,0,0,1,1,0,255,255
ASHANTI,AHAFO ANO NORTH/ ADANSI SOUTH,Annorkrom,PAT HAYFORD ELECTRICAL LTD,ASR-SHEP-AAND-PHEL-11-16-P2,45,45,45,45,28,28,28,0,1,1,0,105,105
ASHANTI,AHAFO ANO NORTH/ ADANSI SOUTH,Boadesua,PAT HAYFORD ELECTRICAL LTD,ASR-SHEP-AAND-PHEL-11-16-P2,14,10,10,10,200,65,65,65,1,1,1,410,410
ASHANTI,AHAFO ANO NORTH/ ADANSI SOUTH,Camp 1,PAT HAYFORD ELECTRICAL LTD,ASR-SHEP-AAND-PHEL-11-16-P2,71,75,75,75,220,131,131,131,1,1,0,450,450
ASHANTI,AHAFO ANO NORTH/ ADANSI SOUTH,Car Owner Akwako,PAT HAYFORD ELECTRICAL LTD,ASR-SHEP-AAND-PHEL-11-16-P2,45,45,45,0,64,64,64,0,2,2,0,150,150
ASHANTI,AHAFO ANO NORTH/ ADANSI SOUTH,Dunkwafuom Botwe,PAT HAYFORD ELECTRICAL LTD,ASR-SHEP-AAND-PHEL-11-16-P2,25,25,25,0,88,88,88,0,1,1,0,250,250
ASHANTI,AHAFO ANO NORTH/ ADANSI SOUTH,Gyasehene,PAT HAYFORD ELECTRICAL LTD,ASR-SHEP-AAND-PHEL-11-16-P2,14,14,14,0,44,44,44,0,1,1,0,150,150
ASHANTI,AHAFO ANO NORTH/ ADANSI SOUTH,King Jesus-Tepa,PAT HAYFORD ELECTRICAL LTD,ASR-SHEP-AAND-PHEL-11-16-P2,42,25,25,25,175,125,125,125,2,2,1,410,410
ASHANTI,AHAFO ANO NORTH/ ADANSI SOUTH,Kyensedaho,PAT HAYFORD ELECTRICAL LTD,ASR-SHEP-AAND-PHEL-11-16-P2,25,25,25,25,150,150,150,150,1,1,1,345,345
ASHANTI,AHAFO ANO NORTH/ ADANSI SOUTH,Mintahkrom-Boakyekrom,PAT HAYFORD ELECTRICAL LTD,ASR-SHEP-AAND-PHEL-11-16-P2,34,34,34,0,50,50,50,0,2,2,0,125,125
ASHANTI,AHAFO ANO NORTH/ ADANSI SOUTH,Mprekyire,PAT HAYFORD ELECTRICAL LTD,ASR-SHEP-AAND-PHEL-11-16-P2,36,36,36,0,60,20,20,0,1,1,0,170,170
ASHANTI,AHAFO ANO NORTH/ ADANSI SOUTH,Tepa Beposo,PAT HAYFORD ELECTRICAL LTD,ASR-SHEP-AAND-PHEL-11-16-P2,4,10,10,10,220,150,150,150,1,1,0,510,510
ASHANTI,AHAFO ANO NORTH/ ADANSI SOUTH,Tepa Filermu,PAT HAYFORD ELECTRICAL LTD,ASR-SHEP-AAND-PHEL-11-16-P2,70,35,35,35,100,25,25,25,1,1,0,380,380
ASHANTI,AHAFO ANO NORTH/ ADANSI SOUTH,Tepa Rexco,PAT HAYFORD ELECTRICAL LTD,ASR-SHEP-AAND-PHEL-11-16-P2,28,9,9,9,100,100,100,100,1,1,1,250,250
ASHANTI,AHAFO ANO NORTH/ ADANSI SOUTH,Tepa Ward,PAT HAYFORD ELECTRICAL LTD,ASR-SHEP-AAND-PHEL-11-16-P2,10,10,10,10,120,125,120,120,1,1,0,320,320
ASHANTI,AHAFO ANO SOUTH,Adiembra,POSSIBLE ENG LTD,SHEP-SP-ASR-AASD-PPL-01-18,7,7,7,7,23,20,20,20,1,1,0,90,90
ASHANTI,AHAFO ANO SOUTH,Adukrom,PURETEC ENG LTD,SHEP-4-ASR-SLP-ANS ENG LTDD-PEL-10-19-P2,88,88,66,66,150,100,100,100,1,0,0,350,350
ASHANTI,AHAFO ANO SOUTH,Akwatiakrom,PURETEC ENG LTD,SHEP-4-ASR-SLP-ANS ENG LTDD-PEL-10-19-P2,95,95,95,95,70,70,70,70,1,1,1,210,210
ASHANTI,AHAFO ANO SOUTH,Amakrom,PURETEC ENG LTD,SHEP-4-ASR-SLP-ANS ENG LTDD-PEL-10-19-P2,76,76,76,76,90,90,90,90,1,1,1,270,270
ASHANTI,AHAFO ANO SOUTH,Amoakokrom,PURETEC ENG LTD,SHEP-4-ASR-SLP-ANS ENG LTDD-PEL-10-19-P2,81,81,81,81,110,110,110,110,2,0,0,320,320
ASHANTI,AHAFO ANO SOUTH,Amokrom,PURETEC ENG LTD,SHEP-4-ASR-SLP-ANS ENG LTDD-PEL-10-19-P2,70,70,70,70,150,100,100,100,2,0,0,410,410
ASHANTI,AHAFO ANO SOUTH,Ango,POSSIBLE ENG LTD,SHEP-SP-ASR-AASD-PPL-01-18,4,4,4,4,33,30,30,30,1,1,0,120,120
ASHANTI,AHAFO ANO SOUTH,Aponaponso,PURETEC ENG LTD,SHEP-4-ASR-SLP-ANS ENG LTDD-PEL-10-19-P2,90,90,90,90,150,100,100,100,2,0,0,350,350
ASHANTI,AHAFO ANO SOUTH,Asibey-Nkwanta,PRESTIGE ENGINEERING LTD,SP-ASR-AASD-PEL-11-16-P2,24,20,10,10,150,100,100,100,1,0,0,310,310
ASHANTI,AHAFO ANO SOUTH,Asuokor 1&2,POSSIBLE ENG LTD,SHEP-SP-ASR-AASD-PPL-01-18,52,52,52,52,75,75,75,75,2,2,2,285,285
ASHANTI,AHAFO ANO SOUTH,Attakrom,PURETEC ENG LTD,SHEP-4-ASR-SLP-ANS ENG LTDD-PEL-10-19-P2,76,76,76,76,80,80,80,80,2,2,2,250,250
ASHANTI,AHAFO ANO SOUTH,Awaduwa,PRESTIGE ENGINEERING LTD,SP-ASR-AASD-PEL-11-16-P2,4,0,0,0,100,80,70,70,1,0,0,250,250
ASHANTI,AHAFO ANO SOUTH,Awaduwa Nkwanta,PRESTIGE ENGINEERING LTD,SP-ASR-AASD-PEL-11-16-P2,5,20,20,20,25,25,20,20,1,0,0,50,50
ASHANTI,AHAFO ANO SOUTH,Banokrom,PURETEC ENG LTD,SHEP-4-ASR-SLP-ANS ENG LTDD-PEL-10-19-P2,70,81,81,50,80,80,80,80,1,0,0,205,205
ASHANTI,AHAFO ANO SOUTH,Bokuruwa,PURETEC ENG LTD,SHEP-4-ASR-SLP-ANS ENG LTDD-PEL-10-19-P2,76,76,76,70,150,150,150,150,2,0,0,350,350
ASHANTI,AHAFO ANO SOUTH,Bonsokrom,PURETEC ENG LTD,SHEP-4-ASR-SLP-ANS ENG LTDD-PEL-10-19-P2,76,76,76,76,80,80,80,80,1,0,0,210,210
ASHANTI,AHAFO ANO SOUTH,Bonsukrom,PRESTIGE ENGINEERING LTD,SP-ASR-AASD-PEL-11-16-P2,4,4,4,4,250,100,50,50,1,0,0,430,430
ASHANTI,AHAFO ANO SOUTH,Brepro,PURETEC ENG LTD,SHEP-4-ASR-SLP-ANS ENG LTDD-PEL-10-19-P2,81,81,81,81,76,76,76,76,1,1,1,210,210
ASHANTI,AHAFO ANO SOUTH,Dotiem,POSSIBLE ENG LTD,SHEP-SP-ASR-AASD-PPL-01-18,77,59,49,49,475,395,340,340,3,1,0,939,939
ASHANTI,AHAFO ANO SOUTH,Dunyan-Nkwanta,PRESTIGE ENGINEERING LTD,SP-ASR-AASD-PEL-11-16-P2,38,30,20,20,350,300,150,150,2,0,0,600,600
ASHANTI,AHAFO ANO SOUTH,Essienkyem,PURETEC ENG LTD,SHEP-4-ASR-SLP-ANS ENG LTDD-PEL-10-19-P2,76,76,76,100,100,100,100,100,1,0,0,250,250
ASHANTI,AHAFO ANO SOUTH,Fedeeya,PURETEC ENG LTD,SHEP-4-ASR-SLP-ANS ENG LTDD-PEL-10-19-P2,84,84,84,84,90,90,90,90,1,1,1,270,270
ASHANTI,AHAFO ANO SOUTH,Gyaekontabuo,PRESTIGE ENGINEERING LTD,SP-ASR-AASD-PEL-11-16-P2,68,52,52,52,300,300,150,150,1,0,0,580,580
ASHANTI,AHAFO ANO SOUTH,Gyaukrom,PURETEC ENG LTD,SHEP-4-ASR-SLP-ANS ENG LTDD-PEL-10-19-P2,86,86,86,86,60,60,60,60,1,0,0,180,180
ASHANTI,AHAFO ANO SOUTH,Kumawu,PRESTIGE ENGINEERING LTD,SP-ASR-AASD-PEL-11-16-P2,38,30,10,10,200,180,100,100,1,0,0,450,450
ASHANTI,AHAFO ANO SOUTH,Kunsu-Camp,PRESTIGE ENGINEERING LTD,SP-ASR-AASD-PEL-11-16-P2,12,10,10,10,100,100,50,50,1,0,0,230,230
ASHANTI,AHAFO ANO SOUTH,Kwaso-Deduako,PURETEC ENG LTD,SHEP-4-ASR-SLP-ANS ENG LTDD-PEL-10-19-P2,54,54,54,54,250,250,250,250,1,1,1,450,450
ASHANTI,AHAFO ANO SOUTH,Manhyia/ Achiase,POSSIBLE ENG LTD,SHEP-SP-ASR-AASD-PPL-01-18,182,72,72,72,185,77,77,77,0,1,1,550,550
ASHANTI,AHAFO ANO SOUTH,Nsutem,PURETEC ENG LTD,SHEP-4-ASR-SLP-ANS ENG LTDD-PEL-10-19-P2,81,81,81,81,100,100,100,100,1,0,0,285,285
ASHANTI,AHAFO ANO SOUTH,Numforkrom,PURETEC ENG LTD,SHEP-4-ASR-SLP-ANS ENG LTDD-PEL-10-19-P2,81,81,54,64,30,30,30,30,1,0,0,105,105
ASHANTI,AHAFO ANO SOUTH,Nyameadom,PRESTIGE ENGINEERING LTD,SP-ASR-AASD-PEL-11-16-P2,47,35,12,12,300,250,200,200,1,0,0,550,550
ASHANTI,AHAFO ANO SOUTH,Nyamebekyere,PURETEC ENG LTD,SHEP-4-ASR-SLP-ANS ENG LTDD-PEL-10-19-P2,76,76,76,76,140,140,140,140,2,0,0,350,350
ASHANTI,AHAFO ANO SOUTH,Odoyefe,PRESTIGE ENGINEERING LTD,SP-ASR-AASD-PEL-11-16-P2,41,40,20,20,70,70,70,70,1,0,0,210,210
ASHANTI,AHAFO ANO SOUTH,Ofirikrom,POSSIBLE ENG LTD,SHEP-SP-ASR-AASD-PPL-01-18,43,28,26,26,30,30,30,30,1,1,0,100,100
ASHANTI,AHAFO ANO SOUTH,Okroase,PRESTIGE ENGINEERING LTD,SP-ASR-AASD-PEL-11-16-P2,27,10,10,10,100,50,50,50,1,0,0,218,218
ASHANTI,AHAFO ANO SOUTH,Onyinanufu,PRESTIGE ENGINEERING LTD,SP-ASR-AASD-PEL-11-16-P2,4,4,4,4,100,100,100,100,1,0,0,280,280
ASHANTI,AHAFO ANO SOUTH,Pinewotrim,PRESTIGE ENGINEERING LTD,SP-ASR-AASD-PEL-11-16-P2,32,49,49,49,200,200,150,150,1,0,0,460,460
ASHANTI,AHAFO ANO SOUTH,Pokuase,PURETEC ENG LTD,SHEP-4-ASR-SLP-ANS ENG LTDD-PEL-10-19-P2,80,80,80,80,120,120,120,120,2,1,0,310,310
ASHANTI,AHAFO ANO SOUTH,Sabronum-Camp,PURETEC ENG LTD,SHEP-4-ASR-SLP-ANS ENG LTDD-PEL-10-19-P2,76,76,76,76,60,60,60,60,1,0,0,190,190
ASHANTI,AHAFO ANO SOUTH EAST,Abesewa,GODBLESS ELECTRICALS LTD,SHEP-4-ASR-AASED-GEL-03-20,13,0,0,0,130,0,0,0,1,0,0,260,260
ASHANTI,AHAFO ANO SOUTH EAST,Ahwrewam,GODBLESS ELECTRICALS LTD,SHEP-4-ASR-AASED-GEL-03-20,6,0,0,0,150,0,0,0,1,0,0,200,200
ASHANTI,AHAFO ANO SOUTH EAST,Amanfoase,GODBLESS ELECTRICALS LTD,SHEP-4-ASR-AASED-GEL-03-20,12,0,0,0,80,0,0,0,1,0,0,160,160
ASHANTI,AHAFO ANO SOUTH EAST,Betinko,GODBLESS ELECTRICALS LTD,SHEP-4-ASR-AASED-GEL-03-20,6,0,0,0,50,0,0,0,0,0,0,100,100
ASHANTI,AHAFO ANO SOUTH EAST,Fawoman,GODBLESS ELECTRICALS LTD,SHEP-4-ASR-AASED-GEL-03-20,12,0,0,0,85,0,0,0,1,0,0,150,150
ASHANTI,AHAFO ANO SOUTH EAST,Kwamekyemkrom,GODBLESS ELECTRICALS LTD,SHEP-4-ASR-AASED-GEL-03-20,20,0,0,0,97,0,0,0,2,0,0,180,180
ASHANTI,AHAFO ANO SOUTH EAST,Nsuta,GODBLESS ELECTRICALS LTD,SHEP-4-ASR-AASED-GEL-03-20,10,0,0,0,70,0,0,0,1,0,0,140,140
ASHANTI,AHAFO ANO SOUTH EAST,Nyamebekyere,GODBLESS ELECTRICALS LTD,SHEP-4-ASR-AASED-GEL-03-20,0,0,0,0,30,0,0,0,1,0,0,60,60
ASHANTI,AMANSI CENTRAL,Abuakwa,FRANVES ENG LTD,SHEP-4-ASR-ACD-FEL-09-19,7,0,0,0,117,0,0,0,1,0,0,300,300
ASHANTI,AMANSI CENTRAL,Adonfe,FRANVES ENG LTD,SHEP-4-ASR-ACD-FEL-09-19,48,0,0,0,120,0,0,0,1,0,0,120,120
ASHANTI,AMANSI CENTRAL,Adwease No. 1&2,PURETEC ENG LTD,SHEP-ASR-ACD-PEL-05-18,22,11,11,11,62,40,40,40,2,2,1,218,218
ASHANTI,AMANSI CENTRAL,Akasanim,FRANVES ENG LTD,SHEP-4-ASR-ACD-FEL-09-19,15,0,0,0,167,0,0,0,2,0,0,350,350
ASHANTI,AMANSI CENTRAL,Aketechie,FRANVES ENG LTD,SHEP-4-ASR-ACD-FEL-09-19,10,0,0,0,100,0,0,0,1,0,0,200,200
ASHANTI,AMANSI CENTRAL,Akwankwaso,PURETEC ENG LTD,SHEP-ASR-ACD-PEL-05-18,86,0,0,0,68,0,0,0,1,0,0,242,242
ASHANTI,AMANSI CENTRAL,Anyeayire,FRANVES ENG LTD,SHEP-4-ASR-ACD-FEL-09-19,2,0,0,0,96,0,0,0,1,0,0,200,200
ASHANTI,AMANSI CENTRAL,Apeboso,PURETEC ENG LTD,SHEP-ASR-ACD-PEL-05-18,21,13,13,13,48,0,0,0,1,1,1,162,162
ASHANTI,AMANSI CENTRAL,Asuadae,PURETEC ENG LTD,SHEP-ASR-ACD-PEL-05-18,91,91,91,91,110,0,0,0,2,0,0,320,320
ASHANTI,AMANSI CENTRAL,Bentenseni,PURETEC ENG LTD,SHEP-ASR-ACD-PEL-05-18,91,50,50,50,150,0,0,0,2,0,0,470,470
ASHANTI,AMANSI CENTRAL,Domeabra,FRANVES ENG LTD,SHEP-4-ASR-ACD-FEL-09-19,1,0,0,0,20,0,0,0,0,0,0,60,60
ASHANTI,AMANSI CENTRAL,Dotom,PURETEC ENG LTD,SHEP-ASR-ACD-PEL-05-18,65,53,53,53,85,40,40,40,1,1,1,260,260
ASHANTI,AMANSI CENTRAL,Edunso,PURETEC ENG LTD,SHEP-ASR-ACD-PEL-05-18,17,14,14,14,52,50,0,0,1,0,0,170,170
ASHANTI,AMANSI CENTRAL,Ewiase,PURETEC ENG LTD,SHEP-ASR-ACD-PEL-05-18,17,10,10,10,55,20,20,20,1,1,1,170,170
ASHANTI,AMANSI CENTRAL,Fenaso,FRANVES ENG LTD,SHEP-4-ASR-ACD-FEL-09-19,7,0,0,0,73,0,0,0,1,0,0,150,150
ASHANTI,AMANSI CENTRAL,Krofa,FRANVES ENG LTD,SHEP-4-ASR-ACD-FEL-09-19,48,0,0,0,100,0,0,0,1,0,0,100,100
ASHANTI,AMANSI CENTRAL,Manfo,PURETEC ENG LTD,SHEP-ASR-ACD-PEL-05-18,7,11,11,11,52,0,0,0,1,0,0,178,178
ASHANTI,AMANSI CENTRAL,Mile 15,FRANVES ENG LTD,SHEP-4-ASR-ACD-FEL-09-19,1,0,0,0,43,0,0,0,0,0,0,150,150
ASHANTI,AMANSI CENTRAL,Mile 18,PURETEC ENG LTD,SHEP-ASR-ACD-PEL-05-18,2,4,4,4,61,30,30,30,1,1,1,214,214
ASHANTI,AMANSI CENTRAL,Mpenkyireni,PURETEC ENG LTD,SHEP-ASR-ACD-PEL-05-18,104,45,45,45,120,41,41,41,2,1,0,306,306
ASHANTI,AMANSI CENTRAL,Nteben,PURETEC ENG LTD,SHEP-ASR-ACD-PEL-05-18,78,20,20,20,140,40,40,40,2,1,0,410,410
ASHANTI,AMANSI CENTRAL,Ntwaso & Aduntia,PURETEC ENG LTD,SHEP-ASR-ACD-PEL-05-18,13,10,10,10,92,72,72,72,2,2,0,338,338
ASHANTI,AMANSI CENTRAL,Nwease,PURETEC ENG LTD,SHEP-ASR-ACD-PEL-05-18,21,0,0,0,63,0,0,0,1,0,0,222,222
ASHANTI,AMANSI CENTRAL,Obeng ne Obeng,PURETEC ENG LTD,SHEP-ASR-ACD-PEL-05-18,104,49,49,49,190,60,60,60,1,1,0,510,510
ASHANTI,AMANSI CENTRAL,Odumto,PURETEC ENG LTD,SHEP-ASR-ACD-PEL-05-18,9,14,0,0,56,36,36,36,1,0,0,194,194
ASHANTI,AMANSI CENTRAL,Sabe 1,PURETEC ENG LTD,SHEP-ASR-ACD-PEL-05-18,2,6,6,6,63,30,30,30,1,0,0,225,225
ASHANTI,AMANSI CENTRAL,Sabe 2,PURETEC ENG LTD,SHEP-ASR-ACD-PEL-05-18,6,4,4,4,50,50,0,0,1,0,0,130,130
ASHANTI,AMANSI CENTRAL,Sudantoa,PURETEC ENG LTD,SHEP-ASR-ACD-PEL-05-18,11,11,11,0,65,65,0,0,1,0,0,230,230
ASHANTI,ASANTE AKIM,Abosomtweagya,AMAKYE GLOBAL LINKS ENTERPRISE,SHEP-4-ASR-AA&ESD-AGLE-01-20,25,25,25,25,345,250,250,250,3,2,2,770,770
ASHANTI,ASANTE AKIM,Agogo,NEW LIFE ELECTRICALS & CONSTRUCTION LTD,SHEP-4-ASR-AAD-NECL-02-20,30,0,0,0,300,0,0,0,3,0,0,700,700
ASHANTI,ASANTE AKIM,Akutuase,PURETEC ENG LTD,SHEP-4-ASR-AAD-PEL-01-20,6,0,0,0,95,0,0,0,1,0,0,280,280
ASHANTI,ASANTE AKIM,Amantena,PURETEC ENG LTD,SHEP-4-ASR-AAD-PEL-01-20,12,0,0,0,80,0,0,0,1,0,0,185,185
ASHANTI,ASANTE AKIM,Anawuokrom,MATWEN AWURADE ELECTRICAL ENG LTD,SHEP-4-ASR-AAD-MAEECL-02-19,33,33,0,0,155,155,41,0,1,0,0,310,310
ASHANTI,ASANTE AKIM,Anuroso B Water,AMAKYE GLOBAL LINKS ENTERPRISE,SHEP-4-ASR-AAD-AGLE-01-20,18,18,18,18,175,50,50,50,2,0,0,225,225
ASHANTI,ASANTE AKIM,Beposo,MATWEN AWURADE ELECTRICAL ENG LTD,SHEP-4-ASR-AAD-MAEECL-02-19,24,0,0,0,155,75,0,0,1,0,0,310,310
ASHANTI,ASANTE AKIM,Betwe,PURETEC ENG LTD,SHEP-4-ASR-AAD-PEL-01-20,18,0,0,0,65,0,0,0,1,0,0,180,180
ASHANTI,ASANTE AKIM,Boatengkrom,APAM.A ENG COMPANY LTD,SHEP-4-ASR-AAD-AAECL-01-20,14,14,14,14,135,100,100,100,1,1,1,235,235
ASHANTI,ASANTE AKIM,Bogu,APAM.A ENG COMPANY LTD,SHEP-4-ASR-AAD-AAECL-01-20,12,12,12,12,160,80,80,80,2,2,2,240,240
ASHANTI,ASANTE AKIM,Bomfa Newsite,MATWEN AWURADE ELECTRICAL ENG LTD,SHEP-4-ASR-AAD-MAEECL-02-19,12,0,0,0,250,0,0,0,1,0,0,400,400
ASHANTI,ASANTE AKIM,Domeabra,NEW LIFE ELECTRICALS & CONSTRUCTION LTD,SHEP-4-ASR-AAD-NECL-02-20,28,0,0,0,200,0,0,0,2,0,0,500,500
ASHANTI,ASANTE AKIM,Ejura Prisons Camp,AMAKYE GLOBAL LINKS ENTERPRISE,SHEP-4-ASR-AAD-AGLE-01-20,45,45,45,45,4,4,4,4,1,0,0,1,1
ASHANTI,ASANTE AKIM,Hwediem,NEW LIFE ELECTRICALS & CONSTRUCTION LTD,SHEP-4-ASR-AAD-NECL-02-20,25,0,0,0,120,0,0,0,1,0,0,300,300
ASHANTI,ASANTE AKIM,Juaso,NEW LIFE ELECTRICALS & CONSTRUCTION LTD,SHEP-4-ASR-AAD-NECL-02-20,25,0,0,0,200,0,0,0,2,0,0,500,500
ASHANTI,ASANTE AKIM,Juaso Asankare Dobiase,APAM.A ENG COMPANY LTD,SHEP-4-ASR-AASD-AAECL-11-20,22,20,20,20,153,50,0,0,2,0,0,200,200
ASHANTI,ASANTE AKIM,Juaso Asikafuo Amantem,APAM.A ENG COMPANY LTD,SHEP-4-ASR-AAD-AAECL-01-20,14,14,14,14,120,80,80,80,1,1,1,240,240
ASHANTI,ASANTE AKIM,Juaso Otuo Seribuo,APAM.A ENG COMPANY LTD,SHEP-4-ASR-AASD-AAECL-11-20,41,20,20,20,245,50,0,0,3,0,0,300,300
ASHANTI,ASANTE AKIM,Konongo,AMAKYE GLOBAL LINKS ENTERPRISE,SHEP-4-ASR-AAD-AGLE-01-20,20,20,20,20,285,50,50,50,2,0,0,600,600
ASHANTI,ASANTE AKIM,Konongo Abunumpso,AMAKYE GLOBAL LINKS ENTERPRISE,SHEP-4-ASR-AA&ESD-AGLE-01-20,15,15,15,15,220,111,111,111,2,2,2,500,500
ASHANTI,ASANTE AKIM,Konongo Habitat,APAM.A ENG COMPANY LTD,SHEP-4-ASR-AAD-AAECL-01-20,20,20,20,20,135,135,135,135,1,1,1,220,220
ASHANTI,ASANTE AKIM,Konongo SSNIT,AMAKYE GLOBAL LINKS ENTERPRISE,SHEP-4-ASR-AA&ESD-AGLE-01-20,25,25,25,25,150,87,87,87,2,2,0,400,400
ASHANTI,ASANTE AKIM,Kumso,APAM.A ENG COMPANY LTD,SHEP-4-ASR-AAD-AAECL-01-20,14,14,14,14,150,100,100,100,1,1,1,300,300
ASHANTI,ASANTE AKIM,Nkwata Area,APAM.A ENG COMPANY LTD,SHEP-4-ASR-AASD-AAECL-11-20,29,29,29,29,180,50,0,0,3,0,0,200,200
ASHANTI,ASANTE AKIM,Nsiakrom,MATWEN AWURADE ELECTRICAL ENG LTD,SHEP-4-ASR-AAD-MAEECL-02-19,28,20,0,0,150,0,0,0,1,0,0,300,300
ASHANTI,ASANTE AKIM,Nyaboo,AMAKYE GLOBAL LINKS ENTERPRISE,SHEP-4-ASR-AAD-AGLE-01-20,17,17,17,17,175,50,50,50,1,0,0,320,320
ASHANTI,ASANTE AKIM,Nyamebekyekrom,MATWEN AWURADE ELECTRICAL ENG LTD,SHEP-4-ASR-AAD-MAEECL-02-19,18,0,0,0,115,70,0,0,1,0,0,185,185
ASHANTI,ASANTE AKIM,Nyanponase,PURETEC ENG LTD,SHEP-4-ASR-AAD-PEL-01-20,16,0,0,0,70,0,0,0,1,0,0,180,180
ASHANTI,ASANTE AKIM,Odumase Newtown,AMAKYE GLOBAL LINKS ENTERPRISE,SHEP-4-ASR-AA&ESD-AGLE-01-20,22,22,22,22,130,79,79,79,2,2,0,300,300
ASHANTI,ASANTE AKIM,Odumase Suntreso,AMAKYE GLOBAL LINKS ENTERPRISE,SHEP-4-ASR-AA&ESD-AGLE-01-20,15,15,15,15,150,150,150,150,1,1,1,400,400
ASHANTI,ASANTE AKIM,Pan African Area,APAM.A ENG COMPANY LTD,SHEP-4-ASR-AASD-AAECL-11-20,24,15,15,15,125,50,0,0,2,0,0,210,210
ASHANTI,ASANTE AKIM,Pekyebrekye,PURETEC ENG LTD,SHEP-4-ASR-AAD-PEL-01-20,20,0,0,0,125,0,0,0,1,0,0,250,250
ASHANTI,ASANTE AKIM,Pentecost Area,APAM.A ENG COMPANY LTD,SHEP-4-ASR-AASD-AAECL-11-20,5,5,5,5,110,50,0,0,1,0,0,140,140
ASHANTI,ASANTE AKIM,Praaso,PURETEC ENG LTD,SHEP-4-ASR-AAD-PEL-01-20,15,0,0,0,75,0,0,0,1,0,0,235,235
ASHANTI,ASANTE AKIM,Wioso,PURETEC ENG LTD,SHEP-4-ASR-AAD-PEL-01-20,10,0,0,0,120,0,0,0,1,0,0,350,350
ASHANTI,ASANTE AKIM,Yawkwei,APAM.A ENG COMPANY LTD,SHEP-4-ASR-AAD-AAECL-01-20,25,25,25,25,130,80,80,80,2,2,2,210,210
ASHANTI,ASANTE AKIM NORTH,Atwedie,APAM.A ENG COMPANY LTD,SHEP-4-BR-SM-AAECL-12-20,30,0,0,0,160,0,0,0,1,0,0,250,250
ASHANTI,ASANTE AKIM NORTH,Konongo Lady Diana,APAM.A ENG COMPANY LTD,SHEP-4-BR-SM-AAECL-12-20,18,0,0,0,130,0,0,0,1,0,0,250,250
ASHANTI,ASANTE AKIM NORTH,Kwawkrom,APAM.A ENG COMPANY LTD,SHEP-4-BR-SM-AAECL-12-20,34,0,0,0,150,0,0,0,1,0,0,200,200
ASHANTI,ASANTE AKIM NORTH,Odumase Mr Odoom Area,APAM.A ENG COMPANY LTD,SHEP-4-BR-SM-AAECL-12-20,34,0,0,0,140,0,0,0,1,0,0,240,240
ASHANTI,ASANTE AKIM NORTH,Praaso Old Town,APAM.A ENG COMPANY LTD,SHEP-4-BR-SM-AAECL-12-20,22,0,0,0,140,0,0,0,1,0,0,300,300
ASHANTI,ASANTE AKIM NORTH,Yawkwei No.2,APAM.A ENG COMPANY LTD,SHEP-4-BR-SM-AAECL-12-20,36,0,0,0,130,0,0,0,1,0,0,220,220
ASHANTI,ASANTE AKIM SOUTH,Agogo Collins SHS,FAAH TECH ENG COMPANY LTD,SHEP-4-ASR-AASD-FTECL-11-20,19,0,0,0,93,0,0,0,3,0,0,190,190
ASHANTI,ASANTE AKIM SOUTH,Bogu No.2,BADJER ENG SERVICES COMPANY LTD,SHEP-4-ASR-AASD-BESCL-06-20,34,0,0,0,110,0,0,0,1,0,0,200,200
ASHANTI,ASANTE AKIM SOUTH,Bompata,BADJER ENG SERVICES COMPANY LTD,SHEP-4-ASR-AASD-BESCL-06-20,30,0,0,0,110,0,0,0,1,0,0,220,220
ASHANTI,ASANTE AKIM SOUTH,Bontibease,FAAH TECH ENG COMPANY LTD,SHEP-4-ASR-AASD-FTECL-11-20,10,0,0,0,145,0,0,0,1,0,0,120,120
ASHANTI,ASANTE AKIM SOUTH,Dabi Asem Area,FAAH TECH ENG COMPANY LTD,SHEP-4-ASR-AASD-FTECL-11-20,6,0,0,0,190,0,0,0,1,0,0,50,50
ASHANTI,ASANTE AKIM SOUTH,Jubi,BADJER ENG SERVICES COMPANY LTD,SHEP-4-ASR-AASD-BESCL-06-20,25,0,0,0,150,0,0,0,1,0,0,250,250
ASHANTI,ASANTE AKIM SOUTH,Konongo Domeabra,FAAH TECH ENG COMPANY LTD,SHEP-4-ASR-AASD-FTECL-11-20,39,0,0,0,265,0,0,0,3,0,0,200,200
ASHANTI,ASANTE AKIM SOUTH,Konongo Garage,FAAH TECH ENG COMPANY LTD,SHEP-4-ASR-AASD-FTECL-11-20,13,0,0,0,180,0,0,0,2,0,0,150,150
ASHANTI,ASANTE AKIM SOUTH,Kropa,BADJER ENG SERVICES COMPANY LTD,SHEP-4-ASR-AASD-BESCL-06-20,38,0,0,0,80,0,0,0,1,0,0,150,150
ASHANTI,ASANTE AKIM SOUTH,Mampongteng,BADJER ENG SERVICES COMPANY LTD,SHEP-4-ASR-AASD-BESCL-06-20,14,0,0,0,140,0,0,0,1,0,0,240,240
ASHANTI,ASANTE AKIM SOUTH,Mankyekye Spot Area,FAAH TECH ENG COMPANY LTD,SHEP-4-ASR-AASD-FTECL-11-20,7,0,0,0,155,0,0,0,1,0,0,230,230
ASHANTI,ASANTE AKIM SOUTH,Wenchi,BADJER ENG SERVICES COMPANY LTD,SHEP-4-ASR-AASD-BESCL-06-20,23,0,0,0,120,0,0,0,1,0,0,250,250
ASHANTI,ASOKORE MAMPONG MUNICIPAL,Asebi New Town,ADDISCO ELECTRICAL GHANA LTD,SHEP-4-ASR-AM-AEGL-02-19,27,27,27,27,89,50,50,50,2,0,0,267,267
ASHANTI,ASOKORE MAMPONG MUNICIPAL,Boabai New Site,ADDISCO ELECTRICAL GHANA LTD,SHEP-4-ASR-AM-AEGL-02-19,14,14,14,14,79,27,27,27,2,0,0,237,237
ASHANTI,ASOKORE MAMPONG MUNICIPAL,Chibewe,ADDISCO ELECTRICAL GHANA LTD,SHEP-4-ASR-AM-AEGL-02-19,8,8,8,8,50,50,50,50,1,0,0,150,150
ASHANTI,ASOKORE MAMPONG MUNICIPAL,Mighty Royals,ADDISCO ELECTRICAL GHANA LTD,SHEP-4-ASR-AM-AEGL-02-19,20,20,20,20,131,30,30,30,3,0,0,393,393
ASHANTI,ASOKORE MAMPONG MUNICIPAL,Misuwam,ADDISCO ELECTRICAL GHANA LTD,SHEP-4-ASR-AM-AEGL-02-19,11,11,11,11,80,50,50,50,2,0,0,240,240
ASHANTI,ASOKORE MAMPONG MUNICIPAL,Pakroso Madina,ADDISCO ELECTRICAL GHANA LTD,SHEP-4-ASR-AM-AEGL-02-19,16,16,16,16,65,133,133,133,2,0,0,195,195
ASHANTI,ASOKORE MAMPONG MUNICIPAL,Roman Catholic Estates,ADDISCO ELECTRICAL GHANA LTD,SHEP-4-ASR-AM-AEGL-02-19,11,11,11,11,50,50,50,50,1,0,0,150,150
ASHANTI,ASOKORE MAMPONG MUNICIPAL,Sepe Afoagya,ADDISCO ELECTRICAL GHANA LTD,SHEP-4-ASR-AM-AEGL-02-19,20,20,20,20,83,50,50,50,2,0,0,249,249
ASHANTI,ATWIMA KWAHOMA,Afraho Odumase Township,BEN K ENG WORKS,SHEP-4-AR-AKD-BKEW-04-20,30,0,0,0,515,0,0,0,1,0,0,0,0
ASHANTI,ATWIMA KWAHOMA,Ampabame No. 2,DADIE KWADWO COMPANY LTD,SHEP-4-ASR-AKD-DKCL-05-20,46,0,0,0,500,80,0,0,1,0,0,1100,1100
ASHANTI,ATWIMA KWAHOMA,Asaman Township,DADIE KWADWO COMPANY LTD,SHEP-4-ASR-AKD-DKCL-05-20,30,0,0,0,200,50,0,0,1,0,0,500,500
ASHANTI,ATWIMA KWAHOMA,Duakoben,AMAKYE GLOBAL LINKS ENTERPRISE,SHEP-4-ASR-AKD-AGLE-05-20,30,0,0,0,190,0,0,0,1,0,0,500,500
ASHANTI,ATWIMA KWAHOMA,Gyame/ Ankaa Township,AMAKYE GLOBAL LINKS ENTERPRISE,SHEP-4-ASR-AKD-AGLE-05-20,30,0,0,0,185,0,0,0,1,0,0,500,500
ASHANTI,ATWIMA KWAHOMA,Kantinkyire Township,BEN K ENG WORKS,SHEP-4-AR-AKD-BKEW-04-20,30,0,0,0,315,0,0,0,1,0,0,0,0
ASHANTI,ATWIMA KWAHOMA,Nketia Township,DADIE KWADWO COMPANY LTD,SHEP-4-ASR-AKD-DKCL-05-20,24,0,0,0,150,12,0,0,1,0,0,500,500
ASHANTI,ATWIMA KWAHOMA,Pakyi No.1,AL RAHAMA COMPANY LTD,,51,0,0,0,445,0,0,0,3,0,0,0,0
ASHANTI,ATWIMA KWAHOMA,Pakyi No.2,AL RAHAMA COMPANY LTD,,41,0,0,0,485,0,0,0,3,0,0,0,0
ASHANTI,ATWIMA KWAHOMA,Trede Township,AMAKYE GLOBAL LINKS ENTERPRISE,SHEP-4-ASR-AKD-AGLE-05-20,46,0,0,0,480,0,0,0,1,0,0,960,960
ASHANTI,ATWIMA KWANWOMA/ OBUASI,Abaamu,GOD CAN ELECTRICAL ENG,SP-ASR-AWD/AKD-CSC-KSL-12-16,28,28,28,28,90,90,90,90,1,1,1,300,300
ASHANTI,ATWIMA KWANWOMA/ OBUASI,Adankwame,GOD CAN ELECTRICAL ENG,SP-ASR-AWD/AKD-CSC-KSL-12-16,26,20,0,0,115,0,0,0,1,0,0,415,415
ASHANTI,ATWIMA KWANWOMA/ OBUASI,Akrafo/ Kokben,GOD CAN ELECTRICAL ENG,SP-ASR-AWD/AKD-CSC-KSL-12-16,43,43,0,0,165,0,0,0,2,0,0,420,420
ASHANTI,ATWIMA KWANWOMA/ OBUASI,Amomang,GOD CAN ELECTRICAL ENG,SP-ASR-AWD/AKD-CSC-KSL-12-16,26,25,0,0,115,0,0,0,1,0,0,350,350
ASHANTI,ATWIMA KWANWOMA/ OBUASI,Ampabame,GOD CAN ELECTRICAL ENG,SP-ASR-AWD/AKD-CSC-KSL-12-16,65,55,0,0,310,0,0,0,2,0,0,620,620
ASHANTI,ATWIMA KWANWOMA/ OBUASI,Apemanim,GOD CAN ELECTRICAL ENG,SP-ASR-AWD/AKD-CSC-KSL-12-16,22,22,0,0,190,0,0,0,2,0,0,395,395
ASHANTI,ATWIMA KWANWOMA/ OBUASI,Asamang,GOD CAN ELECTRICAL ENG,SP-ASR-AWD/AKD-CSC-KSL-12-16,42,40,0,0,210,0,0,0,2,0,0,550,550
ASHANTI,ATWIMA KWANWOMA/ OBUASI,Asratoase,GOD CAN ELECTRICAL ENG,SP-ASR-AWD/AKD-CSC-KSL-12-16,5,0,0,0,24,32,0,0,1,0,0,60,60
ASHANTI,ATWIMA KWANWOMA/ OBUASI,Asubonteng,GOD CAN ELECTRICAL ENG,SP-ASR-AWD/AKD-CSC-KSL-12-16,34,34,0,0,160,0,0,0,1,0,0,425,425
ASHANTI,ATWIMA KWANWOMA/ OBUASI,Bekwame,GOD CAN ELECTRICAL ENG,SP-ASR-AWD/AKD-CSC-KSL-12-16,20,20,0,0,96,0,0,0,2,0,0,210,210
ASHANTI,ATWIMA KWANWOMA/ OBUASI,Esaso/ Echiase,GOD CAN ELECTRICAL ENG,SP-ASR-AWD/AKD-CSC-KSL-12-16,33,10,0,0,96,0,0,0,1,0,0,325,325
ASHANTI,ATWIMA KWANWOMA/ OBUASI,Konfuokrom,GOD CAN ELECTRICAL ENG,SP-ASR-AWD/AKD-CSC-KSL-12-16,26,15,0,0,90,18,0,0,1,0,0,180,180
ASHANTI,ATWIMA KWANWOMA/ OBUASI,Kyekyewere,GOD CAN ELECTRICAL ENG,SP-ASR-AWD/AKD-CSC-KSL-12-16,46,30,0,0,190,0,0,0,2,0,0,380,380
ASHANTI,ATWIMA MPONUA,Abodimum,EAGLE POWER LTD,SHEP-ASR-AMDA-EPL-10-16,17,17,17,17,20,15,15,15,1,1,0,60,60
ASHANTI,ATWIMA MPONUA,Abompe,POSSIBLE ENG LTD,SHEP-ASR-AMDA-PPL-07-15,32,22,22,22,30,15,15,15,2,0,0,90,90
ASHANTI,ATWIMA MPONUA,Addaikrom,POSSIBLE ENG LTD,SHEP-ASR-AMDA-PPEL-10-16,17,17,17,17,30,30,30,30,1,1,1,95,95
ASHANTI,ATWIMA MPONUA,Adumasa,PURETEC ENG LTD,SHEP-ASR-AMDA-PEL10-16,56,40,40,0,130,0,0,0,2,2,0,420,420
ASHANTI,ATWIMA MPONUA,Akantensu,EAGLE POWER LTD,SHEP-ASR-AMDA-EPL-10-16,91,105,105,105,75,45,45,45,2,2,0,225,225
ASHANTI,ATWIMA MPONUA,Apatratom,POSSIBLE ENG LTD,SHEP-ASR-AMDA-PPEL-10-16,50,50,50,50,85,55,55,55,1,1,1,255,255
ASHANTI,ATWIMA MPONUA,Apenimadi,EAGLE POWER LTD,SHEP-ASR-AMDA-EPL-10-16,48,48,48,48,80,70,70,70,2,2,1,245,245
ASHANTI,ATWIMA MPONUA,Asuaya,EAGLE POWER LTD,SHEP-ASR-AMDA-EPL-10-16,8,12,12,12,20,15,15,15,1,1,0,63,63
ASHANTI,ATWIMA MPONUA,Atwima Agogo,PURETEC ENG LTD,SHEP-ASR-AMDA-PEL10-16,42,0,0,0,186,0,0,0,1,3,0,510,510
ASHANTI,ATWIMA MPONUA,Awesesu,EAGLE POWER LTD,SHEP-ASR-AMDA-EPL-10-16,108,108,108,108,40,35,35,35,1,1,0,120,120
ASHANTI,ATWIMA MPONUA,Bedabour,POSSIBLE ENG LTD,SHEP-ASR-AMDA-PPL-07-15,23,23,23,23,65,49,49,49,1,0,0,234,234
ASHANTI,ATWIMA MPONUA,Beposo,POSSIBLE ENG LTD,SHEP-ASR-AMDA-PPL-07-15,47,47,47,47,50,35,35,35,2,0,0,125,125
ASHANTI,ATWIMA MPONUA,Dabang,POSSIBLE ENG LTD,SHEP-ASR-AMDA-PPEL-10-16,154,75,75,75,210,210,210,210,2,2,0,600,600
ASHANTI,ATWIMA MPONUA,Darko,PURETEC ENG LTD,SHEP-ASR-AMDA-PEL10-16,42,32,32,0,140,0,0,0,2,2,0,450,450
ASHANTI,ATWIMA MPONUA,Hiamankwa,EAGLE POWER LTD,SHEP-ASR-AMDA-EPL-10-16,38,38,38,38,30,30,30,30,1,1,1,92,92
ASHANTI,ATWIMA MPONUA,Huntaado,POSSIBLE ENG LTD,SHEP-ASR-AMDA-PPEL-10-16,34,34,34,34,35,35,35,35,1,1,1,120,120
ASHANTI,ATWIMA MPONUA,Kasotie,POSSIBLE ENG LTD,SHEP-ASR-AMDA-PPEL-10-16,66,66,66,66,80,40,40,40,1,1,0,245,245
ASHANTI,ATWIMA MPONUA,Kwamedua,POSSIBLE ENG LTD,SHEP-ASR-AMDA-PPL-07-15,2,27,27,27,30,30,30,30,1,0,0,120,120
ASHANTI,ATWIMA MPONUA,Kyekyewere,POSSIBLE ENG LTD,SHEP-ASR-AMDA-PPEL-10-16,112,112,112,112,100,100,100,100,2,2,2,350,350
ASHANTI,ATWIMA MPONUA,Kyenkyenta,EAGLE POWER LTD,SHEP-ASR-AMDA-EPL-10-16,18,18,18,18,30,20,20,20,1,1,0,90,90
ASHANTI,ATWIMA MPONUA,Mawuaniba,POSSIBLE ENG LTD,SHEP-ASR-AMDA-PPEL-10-16,24,24,24,24,40,40,40,40,1,1,1,125,125
ASHANTI,ATWIMA MPONUA,Mpasaatia,PURETEC ENG LTD,SHEP-ASR-AMDA-PEL10-16,21,0,0,0,55,55,55,0,1,1,0,180,180
ASHANTI,ATWIMA MPONUA,Nkyensrekrom,POSSIBLE ENG LTD,SHEP-ASR-AMDA-PPEL-10-16,76,70,70,70,60,60,60,60,2,2,0,200,200
ASHANTI,ATWIMA MPONUA,Nyamebekyere,EAGLE POWER LTD,SHEP-ASR-AMDA-EPL-10-16,45,45,45,45,80,70,70,70,2,2,1,50,50
ASHANTI,ATWIMA MPONUA,Offinkrom (Lifo),PURETEC ENG LTD,SHEP-ASR-AMDA-PEL10-16,42,32,32,0,210,0,0,0,1,1,0,620,620
ASHANTI,ATWIMA MPONUA,Toase,POSSIBLE ENG LTD,SHEP-ASR-AMDA-PPEL-10-16,70,70,70,70,250,100,100,100,2,0,0,650,650
ASHANTI,ATWIMA MPONUA,Yabee,POSSIBLE ENG LTD,SHEP-ASR-AMDA-PPEL-10-16,146,34,34,34,144,0,0,0,2,0,0,450,450
ASHANTI,ATWIMA MPONUA,Yawbour,EAGLE POWER LTD,SHEP-ASR-AMDA-EPL-10-16,34,34,34,34,20,15,15,15,1,1,0,60,60
ASHANTI,ATWIMA MPONUA,amire,EAGLE POWER LTD,SHEP-ASR-AMDA-EPL-10-16,45,45,45,45,80,70,70,70,2,2,1,250,250
ASHANTI,ATWIMA MPONUA,asu,POSSIBLE ENG LTD,SHEP-ASR-AMDA-PPL-07-15,39,39,39,39,18,18,18,18,1,0,0,70,70
ASHANTI,Afigya Kwabre,Amankraso,Powerdock Engnieering Limited and NEDCo,COST SHARING-AR-AKND-05-2024,0,0,0,0,0,0,0,0,0,0,0,0,0
ASHANTI,Atwima Mponua,Abodimum,EAGLE POWER LIMITED,SHEP-ASR-AMDA-PEL-10-16,0,0,0,0,0,0,0,0,0,0,0,0,0
ASHANTI,Atwima Mponua,Apenimadi,EAGLE POWER LIMITED,SHEP-ASR-AMDA-PEL-10-16,0,0,0,0,0,0,0,0,0,0,0,0,0
ASHANTI,Atwima Mponua,Awesesu,EAGLE POWER LIMITED,SHEP-ASR-AMDA-PEL-10-16,0,0,0,0,0,0,0,0,0,0,0,0,0
ASHANTI,Atwima Mponua,Hiamankwa,EAGLE POWER LIMITED,SHEP-ASR-AMDA-PEL-10-16,0,0,0,0,0,0,0,0,0,0,0,0,0
ASHANTI,Atwima Mponua,Kyenkyenta,EAGLE POWER LIMITED,SHEP-ASR-AMDA-PEL-10-16,0,0,0,0,0,0,0,0,0,0,0,0,0
ASHANTI,Atwima Mponua,Nyamebekyere,EAGLE POWER LIMITED,SHEP-ASR-AMDA-PEL-10-16,0,0,0,0,0,0,0,0,0,0,0,0,0
ASHANTI,Atwima Mponua,Wansamire,EAGLE POWER LIMITED,SHEP-ASR-AMDA-PEL-10-16,0,0,0,0,0,0,0,0,0,0,0,0,0
ASHANTI,Atwima Mponua,Yawbour,EAGLE POWER LIMITED,SHEP-ASR-AMDA-PEL-10-16,0,0,0,0,0,0,0,0,0,0,0,0,0
ASHANTI,BEKWAI MUNICIPAL,Abono,AMAKYE GLOBAL LINKS ENTERPRISE,SHEP-4-ASR-BM-AGLE-11-19,2,0,0,0,50,0,0,0,0,0,0,150,150
ASHANTI,BEKWAI MUNICIPAL,Aduaden,AMAKYE GLOBAL LINKS ENTERPRISE,SHEP-4-ASR-BM-AGLE-11-19,8,0,0,0,70,0,0,0,0,0,0,210,210
ASHANTI,BEKWAI MUNICIPAL,Adwafo,AMAKYE GLOBAL LINKS ENTERPRISE,SHEP-4-ASR-BM-AGLE-11-19,0,0,0,0,50,0,0,0,0,0,0,150,150
ASHANTI,BEKWAI MUNICIPAL,Asisriwa,AMAKYE GLOBAL LINKS ENTERPRISE,SHEP-4-ASR-BM-AGLE-11-19,2,0,0,0,60,0,0,0,0,0,0,180,180
ASHANTI,BEKWAI MUNICIPAL,Brodekwanho,AMAKYE GLOBAL LINKS ENTERPRISE,SHEP-4-ASR-BM-AGLE-11-19,4,0,0,0,90,0,0,0,1,0,0,270,270
ASHANTI,BEKWAI MUNICIPAL,Dedesua,AMAKYE GLOBAL LINKS ENTERPRISE,SHEP-4-ASR-BM-AGLE-11-19,0,0,0,0,130,0,0,0,0,0,0,390,390
ASHANTI,BEKWAI MUNICIPAL,Konkoma,AMAKYE GLOBAL LINKS ENTERPRISE,SHEP-4-ASR-BM-AGLE-11-19,2,2,2,2,70,70,70,70,2,2,2,210,210
ASHANTI,BEKWAI MUNICIPAL,Nkowie,AMAKYE GLOBAL LINKS ENTERPRISE,SHEP-4-ASR-BM-AGLE-11-19,0,0,0,0,50,0,0,0,0,0,0,150,150
ASHANTI,BEKWAI MUNICIPAL,Nkwata,AMAKYE GLOBAL LINKS ENTERPRISE,SHEP-4-ASR-BM-AGLE-11-19,0,0,0,0,120,0,0,0,1,0,0,360,360
ASHANTI,BEKWAI MUNICIPAL,Obbo,AMAKYE GLOBAL LINKS ENTERPRISE,SHEP-4-ASR-BM-AGLE-11-19,0,0,0,0,60,0,0,0,1,0,0,180,180
ASHANTI,BEKWAI MUNICIPAL,Old Brodekwanho,AMAKYE GLOBAL LINKS ENTERPRISE,SHEP-4-ASR-BM-AGLE-11-19,2,0,0,0,90,0,0,0,0,0,0,270,270
ASHANTI,BOSOMTWI,Aboaso Newsite,MATWEN AWURADE ELECTRICAL ENG LTD,SHEP-4-ASR-BD-MAEECL-02-19,43,0,0,0,120,0,0,0,1,0,0,240,240
ASHANTI,BOSOMTWI,Akwaduom,MATWEN AWURADE ELECTRICAL ENG LTD,SHEP-4-ASR-BD-MAEECL-02-19,20,0,0,0,220,0,0,0,1,0,0,320,320
ASHANTI,BOSOMTWI,Atobiase Newsite,MATWEN AWURADE ELECTRICAL ENG LTD,SHEP-4-ASR-BD-MAEECL-02-19,11,0,0,0,100,0,0,0,1,0,0,200,200
ASHANTI,BOSOMTWI,Jachie Newsite,MATWEN AWURADE ELECTRICAL ENG LTD,SHEP-4-ASR-BD-MAEECL-02-19,15,0,0,0,101,0,0,0,1,0,0,200,200
ASHANTI,BOSOMTWI,Sewia Newsite,MATWEN AWURADE ELECTRICAL ENG LTD,SHEP-4-ASR-BD-MAEECL-02-19,6,0,0,0,200,0,0,0,1,0,0,350,350
ASHANTI,EFFIDUASE & ATWIMA KWAHOMA,Agya Hwe,OSMED PLUS COMPANY LTD,SHEP-4-ASR-ED-OPCL-11-19,16,0,0,0,200,0,0,0,1,0,0,300,300
ASHANTI,EFFIDUASE & ATWIMA KWAHOMA,Agya Zone,OSMED PLUS COMPANY LTD,SHEP-4-ASR-ED-OPCL-11-19,25,0,0,0,185,0,0,0,1,0,0,360,360
ASHANTI,EFFIDUASE & ATWIMA KWAHOMA,Dadieso Agric,OSMED PLUS COMPANY LTD,SHEP-4-ASR-ED-OPCL-11-19,38,0,0,0,120,0,0,0,1,0,0,200,200
ASHANTI,EFFIDUASE & ATWIMA KWAHOMA,Dadieso Mexico,OSMED PLUS COMPANY LTD,SHEP-4-ASR-ED-OPCL-11-19,8,0,0,0,130,0,0,0,1,0,0,240,240
ASHANTI,EFFIDUASE & ATWIMA KWAHOMA,Nkwabeng,OSMED PLUS COMPANY LTD,SHEP-4-ASR-ED-OPCL-11-19,36,0,0,0,30,0,0,0,1,0,0,5,5
ASHANTI,EFFIDUASE & ATWIMA KWAHOMA,Pepease Ankaase,OSMED PLUS COMPANY LTD,SHEP-4-ASR-ED-OPCL-11-19,28,0,0,0,220,0,0,0,1,0,0,360,360
ASHANTI,EJISU/ JUABEN,Adanwomase New Site,RICANA ENG LTD,SP-ASH-EJM-REL-1-18,26,26,26,26,160,160,160,160,2,2,2,480,480
ASHANTI,EJISU/ JUABEN,Adeposo,RICANA ENG LTD,SP-ASH-EJM-REL-1-18,30,30,30,30,35,20,20,20,1,1,0,120,120
ASHANTI,EJISU/ JUABEN,Ahinsan,RICANA ENG LTD,SP-ASH-EJM-REL-1-18,9,9,9,9,50,50,50,50,2,2,2,200,200
ASHANTI,EJISU/ JUABEN,Akokoaso Ext,RICANA ENG LTD,SP-ASH-EJM-REL-1-18,12,12,12,12,56,56,56,56,2,2,2,220,220
ASHANTI,EJISU/ JUABEN,Apromaase,RICANA ENG LTD,SP-ASH-EJM-REL-1-18,16,16,16,16,80,80,80,80,2,2,1,320,320
ASHANTI,EJISU/ JUABEN,Brofoyedu,RICANA ENG LTD,SP-ASH-EJM-REL-1-18,11,11,11,11,50,40,40,40,2,2,2,200,200
ASHANTI,EJISU/ JUABEN,Deduako New Site,RICANA ENG LTD,SP-ASH-EJM-REL-1-18,12,12,12,12,56,56,56,56,1,2,1,220,220
ASHANTI,EJISU/ JUABEN,Donaaso New Site,RICANA ENG LTD,SP-ASH-EJM-REL-1-18,35,35,35,35,250,150,150,150,3,3,2,400,400
ASHANTI,EJISU/ JUABEN,Donyina,RICANA ENG LTD,SP-ASH-EJM-REL-1-18,12,12,12,12,120,100,100,100,2,2,1,480,480
ASHANTI,EJISU/ JUABEN,Duapompo/ Asawase,RICANA ENG LTD,SP-ASH-EJM-REL-1-18,11,11,11,11,55,25,25,25,1,1,1,220,220
ASHANTI,EJISU/ JUABEN,Essienimpong New Site,RICANA ENG LTD,SP-ASH-EJM-REL-1-18,16,16,16,16,60,60,60,60,2,2,0,240,240
ASHANTI,EJISU/ JUABEN,Juaben Habitat,RICANA ENG LTD,SP-ASH-EJM-REL-1-18,16,16,16,16,50,25,25,25,1,1,0,200,200
ASHANTI,EJISU/ JUABEN,Kokoben,RICANA ENG LTD,SP-ASH-EJM-REL-1-18,12,12,12,12,100,80,80,80,2,2,1,400,400
ASHANTI,EJISU/ JUABEN,Krapa New Site,RICANA ENG LTD,SP-ASH-EJM-REL-1-18,16,16,16,16,150,88,88,88,2,2,2,320,320
ASHANTI,EJISU/ JUABEN,Kwaso New Site,RICANA ENG LTD,SP-ASH-EJM-REL-1-18,25,25,25,25,250,200,200,200,3,3,2,400,400
ASHANTI,EJISU/ JUABEN,Nkwaakwaanua,RICANA ENG LTD,SP-ASH-EJM-REL-1-18,7,7,7,7,40,40,40,40,1,1,1,160,160
ASHANTI,EJISU/ JUABEN,Timeabu New Site,RICANA ENG LTD,SP-ASH-EJM-REL-1-18,25,25,25,25,30,30,30,30,1,1,0,120,120
ASHANTI,EJURA MUNICIPAL,Abrodanho,A.A WARNCHARN COMPANY LTD,SHEP-4-ASR-EM-AAWCL-12-19,14,0,0,0,150,0,0,0,2,0,0,200,200
ASHANTI,EJURA MUNICIPAL,Alamire China 2,KINFIX SERVICES LTD,SHEP-4-ASR-EM-KSL-12-19,34,0,0,0,220,50,0,0,1,0,0,300,300
ASHANTI,EJURA MUNICIPAL,Dobidi,KINFIX SERVICES LTD,SHEP-4-ASR-EM-KSL-12-19,47,0,0,0,94,50,0,0,1,0,0,150,150
ASHANTI,EJURA MUNICIPAL,Nyamesomkrom,A.A WARNCHARN COMPANY LTD,SHEP-4-ASR-EM-AAWCL-12-19,24,0,0,0,167,0,0,0,1,0,0,200,200
ASHANTI,EJURA MUNICIPAL,Sabongari,KINFIX SERVICES LTD,SHEP-4-ASR-EM-KSL-12-19,38,0,0,0,128,50,0,0,1,0,0,150,150
ASHANTI,EJURA MUNICIPAL,Sekyire New Town,A.A WARNCHARN COMPANY LTD,SHEP-4-ASR-EM-AAWCL-12-19,18,0,0,0,200,0,0,0,2,0,0,300,300
ASHANTI,EJURA MUNICIPAL,Serikikrom,KINFIX SERVICES LTD,SHEP-4-ASR-EM-KSL-12-19,40,0,0,0,101,50,0,0,1,0,0,150,150
ASHANTI,EJURA MUNICIPAL,Sunkwa,A.A WARNCHARN COMPANY LTD,SHEP-4-ASR-EM-AAWCL-12-19,8,0,0,0,80,0,0,0,1,0,0,150,150
ASHANTI,EJURA MUNICIPAL,Zongo B,A.A WARNCHARN COMPANY LTD,SHEP-4-ASR-EM-AAWCL-12-19,22,0,0,0,194,0,0,0,1,0,0,250,250
ASHANTI,EJURA MUNICIPAL,Zongo Frafra,A.A WARNCHARN COMPANY LTD,SHEP-4-ASR-EM-AAWCL-12-19,20,0,0,0,180,0,0,0,1,0,0,250,250
ASHANTI,JAMAN NORTH AND ATWIMA NWABIAGYA,Apehease,KWAMENS ELECTRICAL ENG LTD,SHEP-4-BAR-ASR-JND/AND-07-15,22,0,0,0,15,0,0,0,1,0,0,40,40
ASHANTI,JAMAN NORTH AND ATWIMA NWABIAGYA,Apuayem,KWAMENS ELECTRICAL ENG LTD,SHEP-4-BAR-ASR-JND/AND-07-15,24,24,24,24,40,40,40,40,1,1,1,95,95
ASHANTI,JAMAN NORTH AND ATWIMA NWABIAGYA,Asiri,KWAMENS ELECTRICAL ENG LTD,SHEP-4-BAR-ASR-JND/AND-07-15,23,0,0,0,60,0,0,0,1,0,0,100,100
ASHANTI,JAMAN NORTH AND ATWIMA NWABIAGYA,Asuokor,KWAMENS ELECTRICAL ENG LTD,SHEP-4-BAR-ASR-JND/AND-07-15,0,0,0,0,60,60,60,60,0,0,0,105,105
ASHANTI,JAMAN NORTH AND ATWIMA NWABIAGYA,Brahabebome,KWAMENS ELECTRICAL ENG LTD,SHEP-4-BAR-ASR-JND/AND-07-15,24,0,0,0,15,0,0,0,1,0,0,35,35
ASHANTI,JAMAN NORTH AND ATWIMA NWABIAGYA,Buni,KWAMENS ELECTRICAL ENG LTD,SHEP-4-BAR-ASR-JND/AND-07-15,0,0,0,0,40,0,0,0,0,0,0,80,80
ASHANTI,JAMAN NORTH AND ATWIMA NWABIAGYA,Duadaso 1,KWAMENS ELECTRICAL ENG LTD,SHEP-4-BAR-ASR-JND/AND-07-15,0,0,0,0,120,0,0,0,0,0,0,185,185
ASHANTI,JAMAN NORTH AND ATWIMA NWABIAGYA,Duadaso 2,KWAMENS ELECTRICAL ENG LTD,SHEP-4-BAR-ASR-JND/AND-07-15,0,0,0,0,120,0,0,0,0,0,0,170,170
ASHANTI,JAMAN NORTH AND ATWIMA NWABIAGYA,Goka,KWAMENS ELECTRICAL ENG LTD,SHEP-4-BAR-ASR-JND/AND-07-15,23,0,0,0,80,0,0,0,0,0,0,120,120
ASHANTI,JAMAN NORTH AND ATWIMA NWABIAGYA,Kokoa,KWAMENS ELECTRICAL ENG LTD,SHEP-4-BAR-ASR-JND/AND-07-15,15,0,0,0,120,0,0,0,1,0,0,180,180
ASHANTI,JAMAN NORTH AND ATWIMA NWABIAGYA,Kyereyaase,KWAMENS ELECTRICAL ENG LTD,SHEP-4-BAR-ASR-JND/AND-07-15,24,24,24,24,50,50,50,50,1,1,1,115,115
ASHANTI,JAMAN NORTH AND ATWIMA NWABIAGYA,Nyamebekyere,KWAMENS ELECTRICAL ENG LTD,SHEP-4-BAR-ASR-JND/AND-07-15,23,23,23,23,45,45,45,45,1,1,1,100,100
ASHANTI,JAMAN NORTH AND ATWIMA NWABIAGYA,Odumase,KWAMENS ELECTRICAL ENG LTD,SHEP-4-BAR-ASR-JND/AND-07-15,25,25,25,25,18,18,18,18,1,1,1,40,40
ASHANTI,JAMAN NORTH AND ATWIMA NWABIAGYA,Sampa,KWAMENS ELECTRICAL ENG LTD,SHEP-4-BAR-ASR-JND/AND-07-15,68,0,0,0,160,0,0,0,1,0,0,220,220
ASHANTI,JAMAN NORTH AND ATWIMA NWABIAGYA,Seketia,KWAMENS ELECTRICAL ENG LTD,SHEP-4-BAR-ASR-JND/AND-07-15,0,0,0,0,60,0,0,0,0,0,0,85,85
ASHANTI,JAMAN NORTH AND ATWIMA NWABIAGYA,Suma-Ahenkro,KWAMENS ELECTRICAL ENG LTD,SHEP-4-BAR-ASR-JND/AND-07-15,23,0,0,0,100,0,0,0,0,0,0,140,140
ASHANTI,JUABEN MUNICIPAL,Juaben Municipality,AMAKYE GLOBAL LINKS ENTERPRISE,SHEP-4-ASR-JM-AGLE-05-21 P2,0,0,0,0,130,130,130,130,0,0,0,242,242
ASHANTI,JUABEN MUNICIPALITY,Juaben,AKYEKO GLOBAL LTD,SHEP-4-ASR-JM-AKGL-05-21,0,0,0,0,73,73,73,73,0,0,0,0,0
ASHANTI,JUABEN MUNICIPALITY,Juaben Municipality,AMAKYE GLOBAL LINKS ENTERPRISE,SHEP-4-ASR-JM-AGLE-05-21 P2,36,36,36,36,100,100,100,100,3,3,3,202,202
ASHANTI,JUABENG MUNICIPAL/OFFINSO SOUTH,Akroma Ext.,AMAKYE GLOBAL LINKS ENTERPRISE,SHEP-4-ASR-JM&OSD-AGLE-07-20,11,11,11,11,12,50,50,50,1,1,1,12,12
ASHANTI,JUABENG MUNICIPAL/OFFINSO SOUTH,Bomfa Junction,AMAKYE GLOBAL LINKS ENTERPRISE,SHEP-4-ASR-JM&OSD-AGLE-07-20,16,16,16,16,63,50,50,50,1,1,1,189,189
ASHANTI,JUABENG MUNICIPAL/OFFINSO SOUTH,Juabeng Estate,AMAKYE GLOBAL LINKS ENTERPRISE,SHEP-4-ASR-JM&OSD-AGLE-07-20,12,12,12,12,64,50,50,50,1,1,1,192,192
ASHANTI,JUABENG MUNICIPAL/OFFINSO SOUTH,Kokoben,AMAKYE GLOBAL LINKS ENTERPRISE,SHEP-4-ASR-JM&OSD-AGLE-07-20,2,2,2,2,65,50,50,50,1,1,1,140,140
ASHANTI,JUABENG MUNICIPAL/OFFINSO SOUTH,Kwagyekrom,AMAKYE GLOBAL LINKS ENTERPRISE,SHEP-4-ASR-JM&OSD-AGLE-07-20,143,143,143,143,90,50,50,50,1,1,1,200,200
ASHANTI,JUABENG MUNICIPAL/OFFINSO SOUTH,Odeso,AMAKYE GLOBAL LINKS ENTERPRISE,SHEP-4-ASR-JM&OSD-AGLE-07-20,2,2,2,2,67,67,67,67,1,1,1,160,160
ASHANTI,JUABENG MUNICIPAL/OFFINSO SOUTH,Odeso Camp,AMAKYE GLOBAL LINKS ENTERPRISE,SHEP-4-ASR-JM&OSD-AGLE-07-20,2,2,2,2,63,50,50,50,1,1,1,145,145
ASHANTI,JUABENG MUNICIPAL/OFFINSO SOUTH,Sikaman,AMAKYE GLOBAL LINKS ENTERPRISE,SHEP-4-ASR-JM&OSD-AGLE-07-20,2,2,2,2,75,50,50,50,1,1,1,160,160
ASHANTI,JUABENG MUNICIPAL/OFFINSO SOUTH,Takoradi,AMAKYE GLOBAL LINKS ENTERPRISE,SHEP-4-ASR-JM&OSD-AGLE-07-20,2,2,2,2,65,50,50,50,1,1,1,150,150
ASHANTI,KMA/ OFFINSO SOUTH/ AMANSI WEST,Amaning Town,PATCO ENG COMPANY LTD,SP-ASR-KMA-OSD-AWD-PECL-11-16,60,15,0,0,45,0,0,0,0,0,0,0,0
ASHANTI,KMA/ OFFINSO SOUTH/ AMANSI WEST,Amankwatia Town,PATCO ENG COMPANY LTD,SP-ASR-KMA-OSD-AWD-PECL-11-16,26,59,0,0,90,0,0,0,0,0,0,0,0
ASHANTI,KMA/ OFFINSO SOUTH/ AMANSI WEST,Apemso,PATCO ENG COMPANY LTD,SP-ASR-KMA-OSD-AWD-PECL-11-16,35,35,35,35,120,0,0,0,1,0,0,360,360
ASHANTI,KMA/ OFFINSO SOUTH/ AMANSI WEST,Apotosu Town,PATCO ENG COMPANY LTD,SP-ASR-KMA-OSD-AWD-PECL-11-16,26,0,0,0,85,0,0,0,0,0,0,0,0
ASHANTI,KMA/ OFFINSO SOUTH/ AMANSI WEST,Atabrakrom,PATCO ENG COMPANY LTD,SP-ASR-KMA-OSD-AWD-PECL-11-16,0,0,0,0,0,0,0,0,1,0,0,165,165
ASHANTI,KMA/ OFFINSO SOUTH/ AMANSI WEST,Atwere,PATCO ENG COMPANY LTD,SP-ASR-KMA-OSD-AWD-PECL-11-16,0,0,0,0,0,0,0,0,2,0,0,270,270
ASHANTI,KMA/ OFFINSO SOUTH/ AMANSI WEST,Ayaasu Town,PATCO ENG COMPANY LTD,SP-ASR-KMA-OSD-AWD-PECL-11-16,33,0,0,0,70,0,0,0,0,0,0,0,0
ASHANTI,KMA/ OFFINSO SOUTH/ AMANSI WEST,Baaniekrom,PATCO ENG COMPANY LTD,SP-ASR-KMA-OSD-AWD-PECL-11-16,25,0,0,0,55,0,0,0,0,0,0,0,0
ASHANTI,KMA/ OFFINSO SOUTH/ AMANSI WEST,Boahenkwaa Town,PATCO ENG COMPANY LTD,SP-ASR-KMA-OSD-AWD-PECL-11-16,55,5,0,0,60,0,0,0,0,0,0,0,0
ASHANTI,KMA/ OFFINSO SOUTH/ AMANSI WEST,Eben,PATCO ENG COMPANY LTD,SP-ASR-KMA-OSD-AWD-PECL-11-16,0,0,0,0,0,0,0,0,2,0,0,285,285
ASHANTI,KMA/ OFFINSO SOUTH/ AMANSI WEST,Kentikrono,PATCO ENG COMPANY LTD,SP-ASR-KMA-OSD-AWD-PECL-11-16,10,10,10,10,50,0,0,0,1,0,0,150,150
ASHANTI,KMA/ OFFINSO SOUTH/ AMANSI WEST,Kotei,PATCO ENG COMPANY LTD,SP-ASR-KMA-OSD-AWD-PECL-11-16,10,10,10,10,60,0,0,0,1,0,0,180,180
ASHANTI,KMA/ OFFINSO SOUTH/ AMANSI WEST,Namong Wenchi,PATCO ENG COMPANY LTD,SP-ASR-KMA-OSD-AWD-PECL-11-16,0,68,0,0,65,0,0,0,0,0,0,0,0
ASHANTI,KMA/ OFFINSO SOUTH/ AMANSI WEST,Obeng ne Obeng,PATCO ENG COMPANY LTD,SP-ASR-KMA-OSD-AWD-PECL-11-16,52,52,52,52,65,0,0,0,1,0,0,195,195
ASHANTI,KMA/ OFFINSO SOUTH/ AMANSI WEST,Pakyi No. 1,PATCO ENG COMPANY LTD,SP-ASR-KMA-OSD-AWD-PECL-11-16,0,0,0,0,0,0,0,0,1,0,0,180,180
ASHANTI,KMA/ OFFINSO SOUTH/ AMANSI WEST,Suninso Besease,PATCO ENG COMPANY LTD,SP-ASR-KMA-OSD-AWD-PECL-11-16,0,0,0,0,0,0,0,0,1,0,0,135,135
ASHANTI,KMA/ OFFINSO SOUTH/ AMANSI WEST,Wawase Town,PATCO ENG COMPANY LTD,SP-ASR-KMA-OSD-AWD-PECL-11-16,50,14,0,0,50,0,0,0,0,0,0,0,0
ASHANTI,KMA/ OFFINSO SOUTH/ AMANSI WEST,Yawkrom,PATCO ENG COMPANY LTD,SP-ASR-KMA-OSD-AWD-PECL-11-16,0,0,0,0,0,0,0,0,0,0,0,813,813
ASHANTI,KMA/ OFFINSO SOUTH/ AMANSI WEST,Yawkwei,PATCO ENG COMPANY LTD,SP-ASR-KMA-OSD-AWD-PECL-11-16,10,10,10,10,15,0,0,0,1,0,0,45,45
ASHANTI,KMA/ OFFINSO SOUTH/ AMANSI WEST,Zongo,PATCO ENG COMPANY LTD,SP-ASR-KMA-OSD-AWD-PECL-11-16,0,0,0,0,0,0,0,0,2,0,0,210,210
ASHANTI,KWABRE EAST,Aboaso Newsite,VINIADO ENG LTD,SHEP-4-ASR-KEM-VEL-07-19,80,40,0,0,170,0,0,0,1,0,0,340,340
ASHANTI,KWABRE EAST,Achiase 1&2,TANJA ENGINEERING LTD,SHEP-4-ASR-KEM-TEL-07-19/P1,153,0,0,0,630,150,0,0,1,0,0,1260,1260
ASHANTI,KWABRE EAST,Adantem Manchia Newsite,ANTOA-B VENTURES LTD,SHEP-4-ASR-KEM-ABVL-07-19,150,0,0,0,500,80,0,0,1,0,0,1000,1000
ASHANTI,KWABRE EAST,Adiembra New Site,POMARK ENG COMPANY LTD,SHEP-4-ASR-KEM-PECL-11-19,160,160,160,160,420,420,420,420,1,1,1,840,840
ASHANTI,KWABRE EAST,Adjei Mpra,OSMED PLUS COMPANY LTD,SHEP-4-ASR-KEM-OPCL-07-19,100,50,50,50,500,482,386,386,1,0,0,1000,1000
ASHANTI,KWABRE EAST,Akotosu,OSMED PLUS COMPANY LTD,SHEP-4-ASR-KEM-OPCL-07-19,110,50,50,50,300,200,150,150,1,0,0,600,600
ASHANTI,KWABRE EAST,Akwansia,TANJA ENGINEERING LTD,SHEP-4-ASR-KEM-TEL-07-19/P1,200,0,0,0,400,100,0,0,1,0,0,800,800
ASHANTI,KWABRE EAST,Antoa Newsite,LASTMAN ENG LTD,SHEP-4-ASR-KEM-LMEL-07-19,230,10,0,0,450,0,0,0,1,0,0,900,900
ASHANTI,KWABRE EAST,Djako,POMARK ENG COMPANY LTD,SHEP-4-ASR-KEM-PECL-11-19,130,0,0,0,400,60,0,0,1,0,0,800,800
ASHANTI,KWABRE EAST,Henoo,POMARK ENG COMPANY LTD,SHEP-4-ASR-KEM-PECL-11-19,50,0,0,0,250,233,204,173,1,0,0,500,500
ASHANTI,KWABRE EAST,Ntonso,VINIADO ENG LTD,SHEP-4-ASR-KEM-VEL-07-19,70,0,0,0,180,0,0,0,1,0,0,520,520
ASHANTI,KWABRE EAST,Ntonso Afiakrom,VINIADO ENG LTD,SHEP-4-ASR-KEM-VEL-07-19,0,0,0,0,0,0,0,0,0,0,0,360,360
ASHANTI,KWABRE EAST,Ntrodanim,TWINS TOUCH ENG LTD,SHEP-4-ASR-KED-TTEL-07-19,250,60,0,0,450,220,0,0,1,0,0,900,900
ASHANTI,KWABRE EAST,iniem Newsite,ANTOA-B VENTURES LTD,SHEP-4-ASR-KEM-ABVL-07-19,200,0,0,0,570,65,0,0,1,0,0,1140,1140
ASHANTI,MAMPONG/ ADANSI SOUTH,Aboakyekrom,ANS ELECTRICAL  LTD,SHEP-4-ASR-MMA/ASD-AEL-02-15,30,30,30,0,50,50,50,0,1,1,0,95,95
ASHANTI,MAMPONG/ ADANSI SOUTH,Adamso,ANS ELECTRICAL  LTD,SHEP-4-ASR-MMA/ASD-AEL-02-15,38,61,61,0,110,110,110,0,1,1,0,300,300
ASHANTI,MAMPONG/ ADANSI SOUTH,Aframso,ANS ELECTRICAL  LTD,SHEP-4-ASR-MMA/ASD-AEL-02-15,90,92,92,0,100,100,100,0,1,1,0,200,200
ASHANTI,MAMPONG/ ADANSI SOUTH,Ayankrom,ANS ELECTRICAL  LTD,SHEP-4-ASR-MMA/ASD-AEL-02-15,45,45,45,0,100,100,100,0,1,1,0,180,180
ASHANTI,MAMPONG/ ADANSI SOUTH,Bunoso,ANS ELECTRICAL  LTD,SHEP-4-ASR-MMA/ASD-AEL-02-15,45,45,45,0,50,50,50,0,1,1,0,100,100
ASHANTI,MAMPONG/ ADANSI SOUTH,Kojo-Kwapia,ANS ELECTRICAL  LTD,SHEP-4-ASR-MMA/ASD-AEL-02-15,23,23,23,23,35,35,35,35,1,1,1,95,95
ASHANTI,MAMPONG/ ADANSI SOUTH,Kontoho,ANS ELECTRICAL  LTD,SHEP-4-ASR-MMA/ASD-AEL-02-15,45,45,45,0,80,80,80,0,1,1,0,150,150
ASHANTI,MAMPONG/ ADANSI SOUTH,Kubi,ANS ELECTRICAL  LTD,SHEP-4-ASR-MMA/ASD-AEL-02-15,51,51,51,0,150,100,100,0,1,1,0,300,300
ASHANTI,MAMPONG/ ADANSI SOUTH,Nnobem,ANS ELECTRICAL  LTD,SHEP-4-ASR-MMA/ASD-AEL-02-15,45,45,45,0,30,30,30,0,1,1,0,60,60
ASHANTI,MAMPONG/ ADANSI SOUTH,Sekruwa,ANS ELECTRICAL  LTD,SHEP-4-ASR-MMA/ASD-AEL-02-15,45,45,45,0,100,100,100,0,1,1,0,200,200
ASHANTI,MAMPONG/ ADANSI SOUTH,Timer Nkwanta,ANS ELECTRICAL  LTD,SHEP-4-ASR-MMA/ASD-AEL-02-15,15,15,15,15,80,80,80,80,1,1,1,150,150
ASHANTI,MAMPONG/ EJISU,Aboutem Ext.,ANS ELECTRICAL  LTD,SHEP-4-ASR-MM/EJM-AECL-11-16,45,45,45,45,100,100,100,100,1,1,0,200,200
ASHANTI,MAMPONG/ EJISU,Atonsua Gya Ext.,ANS ELECTRICAL  LTD,SHEP-4-ASR-MM/EJM-AECL-11-16,45,45,45,45,80,80,80,80,1,1,0,150,150
ASHANTI,MAMPONG/ EJISU,Besease Jamase,ANS ELECTRICAL  LTD,SHEP-4-ASR-MM/EJM-AECL-11-16,53,53,53,53,183,183,183,183,2,2,0,211,211
ASHANTI,MAMPONG/ EJISU,Besease Newtown,ANS ELECTRICAL  LTD,SHEP-4-ASR-MM/EJM-AECL-11-16,35,35,35,35,112,112,112,112,1,1,0,158,158
ASHANTI,MAMPONG/ EJISU,Bosomkyekye Ext.,ANS ELECTRICAL  LTD,SHEP-4-ASR-MM/EJM-AECL-11-16,45,45,45,45,50,50,50,50,1,1,0,100,100
ASHANTI,MAMPONG/ EJISU,Dome Ext.,ANS ELECTRICAL  LTD,SHEP-4-ASR-MM/EJM-AECL-11-16,36,36,36,36,100,100,100,100,1,1,0,180,180
ASHANTI,MAMPONG/ EJISU,Nkwanta Ext.,ANS ELECTRICAL  LTD,SHEP-4-ASR-MM/EJM-AECL-11-16,40,40,40,40,30,30,30,30,1,1,0,60,60
ASHANTI,MAMPONG/ EJISU,Woraso,ANS ELECTRICAL  LTD,SHEP-4-ASR-MM/EJM-AECL-11-16,50,50,50,50,100,100,100,100,1,1,0,200,200
ASHANTI,NEW EDUBIASE,Amudurase,GLOBAL NEW BEGINNING ENG COMPANY LTD,SHEP-4-ASR-NED-ANBECL-02-20,24,0,0,0,250,0,0,0,2,0,0,450,450
ASHANTI,NEW EDUBIASE,Apagya,NEW LIFE ELECTRICALS & CONSTRUCTION LTD,SHEP-4-ASR-NTD-NECL-02-20,44,0,0,0,320,0,0,0,3,0,0,650,650
ASHANTI,NEW EDUBIASE,Ataabre,NEW LIFE ELECTRICALS & CONSTRUCTION LTD,SHEP-4-ASR-NTD-NECL-02-20,48,0,0,0,100,0,0,0,3,0,0,200,200
ASHANTI,NEW EDUBIASE,Ataasi-Nkwanta,GLOBAL NEW BEGINNING ENG COMPANY LTD,SHEP-4-ASR-NED-ANBECL-02-20,36,0,0,0,320,0,0,0,3,0,0,600,600
ASHANTI,NEW EDUBIASE,Atobiase,NEW LIFE ELECTRICALS & CONSTRUCTION LTD,SHEP-4-ASR-NTD-NECL-02-20,42,0,0,0,350,0,0,0,4,0,0,600,600
ASHANTI,NEW EDUBIASE,New Edubiase,NEW LIFE ELECTRICALS & CONSTRUCTION LTD,SHEP-4-ASR-NTD-NECL-02-20,36,0,0,0,110,0,0,0,2,0,0,200,200
ASHANTI,NEW EDUBIASE,Paaso,GLOBAL NEW BEGINNING ENG COMPANY LTD,SHEP-4-ASR-NED-ANBECL-02-20,26,0,0,0,250,0,0,0,3,0,0,650,650
ASHANTI,NEW EDUBIASE & ADANS ENG LTDI SOUTH,Akwaku,W.A. DUAH ELECTRICALS LTD,SHEP-4-ASR-AS & NED-WADEL-07-19,43,43,43,43,45,45,45,45,1,1,1,135,135
ASHANTI,NEW EDUBIASE & ADANS ENG LTDI SOUTH,Atobease 1D1F,W.A. DUAH ELECTRICALS LTD,SHEP-4-ASR-AS & NED-WADEL-07-19,7,0,0,0,50,0,0,0,1,0,0,0,0
ASHANTI,NEW EDUBIASE & ADANS ENG LTDI SOUTH,Bepoase CHIP Compound,W.A. DUAH ELECTRICALS LTD,SHEP-4-ASR-AS & NED-WADEL-07-19,7,0,0,0,45,0,0,0,1,0,0,0,0
ASHANTI,NEW EDUBIASE & ADANS ENG LTDI SOUTH,Fete,W.A. DUAH ELECTRICALS LTD,SHEP-4-ASR-AS & NED-WADEL-07-19,43,43,43,43,48,48,48,48,1,1,1,90,90
ASHANTI,NEW EDUBIASE & ADANS ENG LTDI SOUTH,Kapre,W.A. DUAH ELECTRICALS LTD,SHEP-4-ASR-AS & NED-WADEL-07-19,7,7,7,7,52,52,52,52,1,1,1,80,80
ASHANTI,NEW EDUBIASE & ADANS ENG LTDI SOUTH,Kwawso,W.A. DUAH ELECTRICALS LTD,SHEP-4-ASR-AS & NED-WADEL-07-19,43,43,43,43,50,50,50,50,1,1,1,110,110
ASHANTI,NEW EDUBIASE & ADANS ENG LTDI SOUTH,Menanng CHIPS Compound,W.A. DUAH ELECTRICALS LTD,SHEP-4-ASR-AS & NED-WADEL-07-19,43,0,0,0,40,0,0,0,1,0,0,0,0
ASHANTI,NEW EDUBIASE & ADANS ENG LTDI SOUTH,New Edubiase Sports Stadium,W.A. DUAH ELECTRICALS LTD,SHEP-4-ASR-AS & NED-WADEL-07-19,43,0,0,0,45,0,0,0,1,0,0,0,0
ASHANTI,NEW EDUBIASE & ADANS ENG LTDI SOUTH,Subrisu Ketewa,W.A. DUAH ELECTRICALS LTD,SHEP-4-ASR-AS & NED-WADEL-07-19,7,0,0,0,48,0,0,0,1,0,0,0,0
ASHANTI,NEW EDUBIASE & ADANS ENG LTDI SOUTH,Tweapeasen CHIP Compound,W.A. DUAH ELECTRICALS LTD,SHEP-4-ASR-AS & NED-WADEL-07-19,43,0,0,0,40,0,0,0,1,0,0,0,0
ASHANTI,OFFINSO NORTH,Adaa-Nkwanta,KWAMENS ELECTRICAL ENG LTD,SHEP-ASR-OND-KEEL-09-17,52,52,52,50,65,40,40,0,1,0,0,275,275
ASHANTI,OFFINSO NORTH,Afrancho,KWAMENS ELECTRICAL ENG LTD,SHEP-ASR-OND-KEEL-09-17,30,20,20,14,488,300,300,300,2,0,0,1310,1310
ASHANTI,OFFINSO NORTH,Akomadan,KWAMENS ELECTRICAL ENG LTD,SHEP-ASR-OND-KEEL-09-17,60,30,30,30,475,400,400,400,2,0,0,1215,1215
ASHANTI,OFFINSO NORTH,Akrofoa,KWAMENS ELECTRICAL ENG LTD,SHEP-ASR-OND-KEEL-09-17,55,55,55,24,75,50,50,0,1,0,0,300,300
ASHANTI,OFFINSO NORTH,Apenteng,KWAMENS ELECTRICAL ENG LTD,SHEP-ASR-OND-KEEL-09-17,4,4,4,2,50,35,35,0,1,0,0,210,210
ASHANTI,OFFINSO NORTH,Asotwe,KWAMENS ELECTRICAL ENG LTD,SHEP-ASR-OND-KEEL-09-17,12,12,12,4,28,17,17,0,1,0,0,96,96
ASHANTI,OFFINSO NORTH,Awendabi,KWAMENS ELECTRICAL ENG LTD,SHEP-ASR-OND-KEEL-09-17,45,45,45,45,62,21,21,0,1,0,0,272,272
ASHANTI,OFFINSO NORTH,Biemso,KWAMENS ELECTRICAL ENG LTD,SHEP-ASR-OND-KEEL-09-17,0,0,0,0,18,18,18,18,1,0,0,60,60
ASHANTI,OFFINSO NORTH,Bobra,KWAMENS ELECTRICAL ENG LTD,SHEP-ASR-OND-KEEL-09-17,32,32,32,0,50,14,14,0,1,0,0,205,205
ASHANTI,OFFINSO NORTH,Bosomponso,KWAMENS ELECTRICAL ENG LTD,SHEP-ASR-OND-KEEL-09-17,28,28,28,20,48,20,20,0,1,0,0,205,205
ASHANTI,OFFINSO NORTH,Dweneho,KWAMENS ELECTRICAL ENG LTD,SHEP-ASR-OND-KEEL-09-17,15,15,15,10,30,20,20,0,1,0,0,125,125
ASHANTI,OFFINSO NORTH,Konkon,KWAMENS ELECTRICAL ENG LTD,SHEP-ASR-OND-KEEL-09-17,210,210,210,100,80,75,75,0,1,0,0,310,310
ASHANTI,OFFINSO NORTH,Krakom,KWAMENS ELECTRICAL ENG LTD,SHEP-ASR-OND-KEEL-09-17,15,15,15,10,20,20,20,0,1,0,0,75,75
ASHANTI,OFFINSO NORTH,Kyeregdagya,KWAMENS ELECTRICAL ENG LTD,SHEP-ASR-OND-KEEL-09-27,25,25,25,25,47,20,20,0,1,0,0,200,200
ASHANTI,OFFINSO NORTH,Mankraso,KWAMENS ELECTRICAL ENG LTD,SHEP-ASR-OND-KEEL-09-17,34,20,20,10,50,50,50,50,1,0,0,210,210
ASHANTI,OFFINSO NORTH,NkekANS ENG LTDo,KWAMENS ELECTRICAL ENG LTD,SHEP-ASR-OND-KEEL-09-17,0,0,0,0,359,150,150,150,2,0,0,950,950
ASHANTI,OFFINSO NORTH,Nkwaankwaa,KWAMENS ELECTRICAL ENG LTD,SHEP-ASR-OND-KEEL-09-17,26,26,26,20,152,54,54,0,1,0,0,550,550
ASHANTI,OFFINSO NORTH,Nsanuafie,KWAMENS ELECTRICAL ENG LTD,SHEP-ASR-OND-KEEL-09-17,50,50,50,36,71,20,20,0,1,0,0,285,285
ASHANTI,OFFINSO NORTH,Nyamebekyere No.1,KWAMENS ELECTRICAL ENG LTD,SHEP-ASR-OND-KEEL-09-17,20,20,20,65,65,80,80,0,1,0,0,280,280
ASHANTI,OFFINSO NORTH,Papasisi,KWAMENS ELECTRICAL ENG LTD,SHEP-ASR-OND-KEEL-09-17,20,20,20,20,70,30,30,0,1,0,0,285,285
ASHANTI,OFFINSO NORTH,Saaneso No.1,KWAMENS ELECTRICAL ENG LTD,SHEP-ASR-OND-KEEL-09-17,22,22,22,22,45,40,40,0,1,0,0,195,195
ASHANTI,OFFINSO NORTH,Saaneso No.2,KWAMENS ELECTRICAL ENG LTD,SHEP-ASR-OND-KEEL-09-17,26,26,26,20,37,30,30,0,1,0,0,140,140
ASHANTI,OFFINSO NORTH/ AFIGYA KWABRE SOUTH,Ayapon Company Limited,AMAKYE GLOBAL LINKS ENTERPRISE,SHEP-4-ASR-ON/AKS-AGLE-11-19,143,0,0,0,4,0,0,0,1,0,0,1,1
ASHANTI,OFFINSO NORTH/ AFIGYA KWABRE SOUTH,Besease School/ Chief Priest/ Rich Guide And Aba Christ,AMAKYE GLOBAL LINKS ENTERPRISE,SHEP-4-ASR-ON/AKS-AGLE-11-19,39,0,0,0,180,0,0,0,1,0,0,540,540
ASHANTI,OFFINSO NORTH/ AFIGYA KWABRE SOUTH,Gonoline,AKYEKO GLOBAL LTD,SHEP-4-ASR-ON/AKSD-AGL-06-19,39,39,39,39,45,45,45,45,1,1,1,135,135
ASHANTI,OFFINSO NORTH/ AFIGYA KWABRE SOUTH,Maase Besease Cemetary/ Market Area,AMAKYE GLOBAL LINKS ENTERPRISE,SHEP-4-ASR-ON/AKS-AGLE-11-19,26,0,0,0,270,0,0,0,1,0,0,810,810
ASHANTI,OFFINSO NORTH/ AFIGYA KWABRE SOUTH,Maase Nana One/ Police Station,AMAKYE GLOBAL LINKS ENTERPRISE,SHEP-4-ASR-ON/AKS-AGLE-11-19,26,0,0,0,170,0,0,0,0,0,0,510,510
ASHANTI,OFFINSO NORTH/ AFIGYA KWABRE SOUTH,Mmeredane,AKYEKO GLOBAL LTD,SHEP-4-ASR-ON/AKSD-AGL-06-19,40,40,40,40,45,30,30,30,1,1,0,135,135
ASHANTI,OFFINSO NORTH/ AFIGYA KWABRE SOUTH,Nfante,AKYEKO GLOBAL LTD,SHEP-4-ASR-ON/AKSD-AGL-06-19,76,76,76,76,60,60,60,60,1,1,1,180,180
ASHANTI,OFFINSO NORTH/ AFIGYA KWABRE SOUTH,Oppong Agyare School Area/ Cemetary Area,AKYEKO GLOBAL LTD,SHEP-4-ASR-ON/AKSD-AGL-06-19,26,26,26,26,120,50,50,50,1,1,0,360,360
ASHANTI,OFFINSO NORTH/ AFIGYA KWABRE SOUTH,Serentiatia,AKYEKO GLOBAL LTD,SHEP-4-ASR-ON/AKSD-AGL-06-19,69,69,69,69,65,65,65,65,1,1,1,195,195
ASHANTI,OFFINSO NORTH/ AFIGYA KWABRE SOUTH,Taakwayemukrom,AKYEKO GLOBAL LTD,SHEP-4-ASR-ON/AKSD-AGL-06-19,77,77,77,77,55,55,55,55,1,1,1,165,165
ASHANTI,OFFINSO NORTH/ AFIGYA KWABRE SOUTH,Tawiakrom,AKYEKO GLOBAL LTD,SHEP-4-ASR-ON/AKSD-AGL-06-19,36,36,36,36,45,30,30,30,1,1,0,135,135
ASHANTI,SEKYERE AFRAM PLAINS,Anyinofi,NEW LIFE ELECTRICALS & CONSTRUCTION LTD,SHEP-4-BAR-ASR-SAPD-03-15,143,143,143,143,200,200,200,200,2,2,2,400,400
ASHANTI,SEKYERE AFRAM PLAINS,Dagomba,NEW LIFE ELECTRICALS & CONSTRUCTION LTD,SHEP-4-BAR-ASR-SAPD-03-15,126,123,123,123,250,250,250,250,1,1,1,320,320
ASHANTI,SEKYERE AFRAM PLAINS,Dawia,NEW LIFE ELECTRICALS & CONSTRUCTION LTD,SHEP-4-BAR-ASR-SAPD-03-15,344,200,200,200,100,100,100,100,1,1,1,280,280
ASHANTI,SEKYERE AFRAM PLAINS,Funsua,NEW LIFE ELECTRICALS & CONSTRUCTION LTD,SHEP-4-BAR-ASR-SAPD-03-15,676,350,350,350,240,240,240,240,2,2,2,300,300
ASHANTI,SEKYERE AFRAM PLAINS,Yakubu,NEW LIFE ELECTRICALS & CONSTRUCTION LTD,SHEP-4-BAR-ASR-SAPD-03-15,500,400,200,200,140,140,140,140,1,1,1,200,200
ASHANTI,SEKYERE CENTRAL,Asubuoso,SAINI MORRISON ENG LTD,SHEP-ASR-SCD-SMEL-05-18,20,0,0,0,106,31,0,0,1,0,0,420,420
ASHANTI,SEKYERE CENTRAL,Barlana,SAINI MORRISON ENG LTD,SHEP-ASR-SCD-SMEL-05-18,50,0,0,0,75,40,0,0,2,0,0,280,280
ASHANTI,SEKYERE CENTRAL,Congo Nkwanta,SAINI MORRISON ENG LTD,SHEP-ASR-SCD-SMEL-05-18,96,0,0,0,45,0,0,0,1,0,0,150,150
ASHANTI,SEKYERE CENTRAL,Dome,SAINI MORRISON ENG LTD,SHEP-ASR-SCD-SMEL-05-18,26,0,0,0,107,0,0,0,1,0,0,430,430
ASHANTI,SEKYERE CENTRAL,Mosikrom,SAINI MORRISON ENG LTD,SHEP-ASR-SCD-SMEL-05-18,31,0,0,0,45,25,0,0,1,0,0,150,150
ASHANTI,SEKYERE CENTRAL,Okufea,SAINI MORRISON ENG LTD,SHEP-ASR-SCD-SMEL-05-18,41,0,0,0,111,0,0,0,4,0,0,480,480
ASHANTI,SEKYERE CENTRAL,Okun Nkwanta,SAINI MORRISON ENG LTD,SHEP-ASR-SCD-SMEL-05-18,153,0,0,0,44,0,0,0,2,0,0,140,140
ASHANTI,SEKYERE CENTRAL,Sankakaase,SAINI MORRISON ENG LTD,SHEP-ASR-SCD-SMEL-05-18,33,0,0,0,70,0,0,0,1,0,0,265,265
ASHANTI,SEKYERE CENTRAL,Santaso,SAINI MORRISON ENG LTD,SHEP-ASR-SCD-SMEL-05-18,33,0,0,0,22,10,0,0,1,0,0,95,95
ASHANTI,SEKYERE CENTRAL,Tailor Nkwanta,SAINI MORRISON ENG LTD,SHEP-ASR-SCD-SMEL-05-18,60,0,0,0,38,0,0,0,1,0,0,130,130
ASHANTI,SEKYERE EAST,Adagya No. 1&2,GOD CAN ELECTRICAL ENG,SHEP-ASR-SED-GCEE-01-18 P2,20,0,0,0,22,0,0,0,1,0,0,85,85
ASHANTI,SEKYERE EAST,Addukrom,GOD CAN ELECTRICAL ENG,SHEP-ASR-SED-GCEE-01-18 P2,88,0,0,0,26,28,0,0,2,0,0,100,100
ASHANTI,SEKYERE EAST,Adenhuagya,THE SAINT ELECTRICALS ENG LTD,SHEP-4-ASR-SED-TSEEL-12-19,12,0,0,0,80,0,0,0,1,0,0,160,160
ASHANTI,SEKYERE EAST,Adensuagya,GOD CAN ELECTRICAL ENG,SHEP-ASR-SED-GCEE-01-18 P2,16,0,0,0,65,0,0,0,1,0,0,255,255
ASHANTI,SEKYERE EAST,Ahotokrom,THE SAINT ELECTRICALS ENG LTD,SHEP-4-ASR-SED-TSEEL-12-19,12,0,0,0,100,0,0,0,1,0,0,180,180
ASHANTI,SEKYERE EAST,Asokore Zongo,THE SAINT ELECTRICALS ENG LTD,SHEP-4-ASR-SED-TSEEL-12-19,24,0,0,0,120,0,0,0,1,0,0,200,200
ASHANTI,SEKYERE EAST,Attakrom,THE SAINT ELECTRICALS ENG LTD,SHEP-4-ASR-SED-TSEEL-12-19,12,12,12,12,80,80,80,80,1,1,1,50,50
ASHANTI,SEKYERE EAST,Buoya,GOD CAN ELECTRICAL ENG,SHEP-ASR-SED-GCEE-01-18 P2,42,65,65,65,51,54,54,54,2,0,0,200,200
ASHANTI,SEKYERE EAST,Effiduase Barrier,GOD CAN ELECTRICAL ENG,SHEP-ASR-SED-GCEE-01-18 P2,31,0,0,0,137,0,0,0,2,0,0,550,550
ASHANTI,SEKYERE EAST,Kobreso,GOD CAN ELECTRICAL ENG,SHEP-ASR-SED-GCEE-01-18 P2,27,0,0,0,64,0,0,0,1,0,0,250,250
ASHANTI,SEKYERE EAST,Krobea Newsite,THE SAINT ELECTRICALS ENG LTD,SHEP-4-ASR-SED-TSEEL-12-19,12,0,0,0,80,0,0,0,2,0,0,160,160
ASHANTI,SEKYERE EAST,Motokrodua,GOD CAN ELECTRICAL ENG,SHEP-ASR-SED-GCEE-01-18 P2,13,0,0,0,27,26,0,0,2,0,0,110,110
ASHANTI,SEKYERE EAST,Obaaoayikrim,THE SAINT ELECTRICALS ENG LTD,SHEP-4-ASR-SED-TSEEL-12-19,12,0,0,0,40,0,0,0,1,0,0,50,50
ASHANTI,SEKYERE EAST,Oseikrom,THE SAINT ELECTRICALS ENG LTD,SHEP-4-ASR-SED-TSEEL-12-19,12,0,0,0,120,100,0,0,1,0,0,14,14
ASHANTI,SEKYERE EAST,Tetekaaso No.1,GOD CAN ELECTRICAL ENG,SHEP-ASR-SED-GCEE-01-18 P2,53,0,0,0,13,18,0,0,2,0,0,60,60
ASHANTI,SEKYERE EAST,Tetekaaso No.2,GOD CAN ELECTRICAL ENG,SHEP-ASR-SED-GCEE-01-18 P2,9,0,0,0,28,25,0,0,2,0,0,20,20
ASHANTI,Sekyere South,Attakrom,Amaning&Amaning Company Limited,SHEP-4-ASR-SSD-AACL-1-22,0,0,0,0,0,0,0,0,0,0,0,0,0
ASHANTI,Sekyere South,Beposo,Amaning&Amaning Company Limited,SHEP-4-ASR-SSD-AACL-1-22,0,0,0,0,0,0,0,0,0,0,0,0,0
ASHANTI,Sekyere South,Dantehekrom,Amaning&Amaning Company Limited,SHEP-4-ASR-SSD-AACL-1-22,0,0,0,0,0,0,0,0,0,0,0,0,0
ASHANTI,Sekyere South,Mallam Issah,Amaning&Amaning Company Limited,SHEP-4-ASR-SSD-AACL-1-22,0,0,0,0,0,0,0,0,0,0,0,0,0
ASHANTI,Sekyere South,New Oyinase,Amaning&Amaning Company Limited,SHEP-4-ASR-SSD-AACL-1-22,0,0,0,0,0,0,0,0,0,0,0,0,0
ASHANTI,Sekyere South,Nsuta Extension,Amaning&Amaning Company Limited,SHEP-4-ASR-SSD-AACL-1-22,0,0,0,0,0,0,0,0,0,0,0,0,0
ASHANTI,Sekyere South,Nsuya 1&2,Amaning&Amaning Company Limited,SHEP-4-ASR-SSD-AACL-1-22,0,0,0,0,0,0,0,0,0,0,0,0,0
ASHANTI,Sekyere South,Owusukrom,Amaning&Amaning Company Limited,SHEP-4-ASR-SSD-AACL-1-22,0,0,0,0,0,0,0,0,0,0,0,0,0
ASHANTI,Sekyere South,Yaw Freko,Amaning&Amaning Company Limited,SHEP-4-ASR-SSD-AACL-1-22,0,0,0,0,0,0,0,0,0,0,0,0,0
ASHANTI,Sekyere South,Yepemso,Amaning&Amaning Company Limited,SHEP-4-ASR-SSD-AACL-1-22,0,0,0,0,0,0,0,0,0,0,0,0,0
BONO,BEREKUM,Afrihope,WASHDAN COMPANY LTD,,48,48,48,48,40,40,40,40,1,1,1,20,20
BONO,BEREKUM & JAMAN NORTH,Adeambra No. 1,FIDELITY GENERAL SERVICES,SHEP-4-BR-BD/JND-FGSL-12-20,2,0,0,0,170,0,0,0,1,0,0,180,0
BONO,BEREKUM & JAMAN NORTH,Adeambra No. 2,FIDELITY GENERAL SERVICES,SHEP-4-BR-BD/JND-FGSL-12-20,4,0,0,0,160,0,0,0,1,0,0,200,0
BONO,BEREKUM & JAMAN NORTH,Duadaso No.1,FIDELITY GENERAL SERVICES,SHEP-4-BR-BD/JND-FGSL-12-20,4,0,0,0,100,0,0,0,1,0,0,200,0
BONO,BEREKUM & JAMAN NORTH,Goka New Extension,FIDELITY GENERAL SERVICES,SHEP-4-BR-BD/JND-FGSL-12-20,6,0,0,0,120,0,0,0,1,0,0,300,0
BONO,BEREKUM & JAMAN NORTH,Kokoa,FIDELITY GENERAL SERVICES,SHEP-4-BR-BD/JND-FGSL-12-20,5,0,0,0,100,0,0,0,1,0,0,300,0
BONO,BEREKUM & JAMAN NORTH,Mpatapo Annex,FIDELITY GENERAL SERVICES,SHEP-4-BR-BD/JND-FGSL-12-20,4,0,0,0,160,0,0,0,1,0,0,100,0
BONO,BEREKUM & JAMAN NORTH,Suma koti (New Site),FIDELITY GENERAL SERVICES,SHEP-4-BR-BD/JND-FGSL-12-20,5,0,0,0,130,0,0,0,1,0,0,400,0
BONO,BEREKUM MUNICIPAL,Abawa,FIDELITY GENERAL SERVICES,SHEP-4-BR-FGSL-11-19,10,0,0,0,300,0,0,0,1,0,0,250,0
BONO,BEREKUM MUNICIPAL,Apraku Quarters,BEDFI LIMITED,SHEP-4-BR-BM-BL-12-20,1,0,0,0,150,0,0,0,1,0,0,200,0
BONO,BEREKUM MUNICIPAL,Atonotia,BEDFI LIMITED,SHEP-4-BR-BM-BL-11-20,12,0,0,0,100,0,0,0,1,0,0,300,0
BONO,BEREKUM MUNICIPAL,Awewem,FIDELITY GENERAL SERVICES,SHEP-4-BR-BM-FGSL-12-20,18,0,0,0,120,0,0,0,1,0,0,200,0
BONO,BEREKUM MUNICIPAL,Biadan magazine,FIDELITY GENERAL SERVICES,SHEP-BAR-BMA-FGSL-3-19,8,8,0,0,120,50,50,50,1,0,0,200,0
BONO,BEREKUM MUNICIPAL,Diasempa,FIDELITY GENERAL SERVICES,SHEP-4-BR-FGSL-11-19,5,0,0,0,100,0,0,0,1,0,0,300,0
BONO,BEREKUM MUNICIPAL,Domefete,FIDELITY GENERAL SERVICES,SHEP-BAR-BMA-FGSL-3-19,12,12,12,12,170,80,80,80,2,2,1,270,270
BONO,BEREKUM MUNICIPAL,Domfete Kasab,FIDELITY GENERAL SERVICES,SHEP-4-BR-FGSL-11-19,30,8,8,8,400,50,50,50,1,1,1,500,500
BONO,BEREKUM MUNICIPAL,Dominace,BEDFI LIMITED,SHEP-4-BR-BM-BL-12-20,1,0,0,0,100,0,0,0,1,0,0,200,0
BONO,BEREKUM MUNICIPAL,Fragy Kato,BEDFI LIMITED,SHEP-4-BR-BM-BL-12-20,20,0,0,0,250,20,20,20,1,0,0,150,25
BONO,BEREKUM MUNICIPAL,Gyawdede Factory,FIDELITY GENERAL SERVICES,SHEP-4-BR-FGSL-11-19,10,10,10,10,300,0,0,0,1,0,0,300,0
BONO,BEREKUM MUNICIPAL,Holy Family Ext,FIDELITY GENERAL SERVICES,SHEP-BAR-BMA-FGSL-3-19,6,0,0,0,130,0,0,0,1,0,0,200,0
BONO,BEREKUM MUNICIPAL,Jamadede Angola,BEDFI LIMITED,SHEP-4-BR-BM-BL-12-20,1,0,0,0,200,0,0,0,1,0,0,400,0
BONO,BEREKUM MUNICIPAL,Jamdede,FIDELITY GENERAL SERVICES,SHEP-BAR-BMA-FGSL-3-19,6,6,6,6,80,50,50,50,1,1,1,182,0
BONO,BEREKUM MUNICIPAL,Jericho,FIDELITY GENERAL SERVICES,SHEP-4-BR-BM-FGSL-12-20,24,0,0,0,150,0,0,0,1,0,0,300,0
BONO,BEREKUM MUNICIPAL,Jinjinin,FIDELITY GENERAL SERVICES,SHEP-BAR-BMA-FGSL-3-19,6,6,6,6,100,100,100,100,1,1,1,170,40
BONO,BEREKUM MUNICIPAL,Kato,FIDELITY GENERAL SERVICES,SHEP-BAR-BMA-FGSL-3-19,2,0,0,0,180,50,50,50,1,0,0,295,40
BONO,BEREKUM MUNICIPAL,Koraso,FIDELITY GENERAL SERVICES,SHEP-BAR-BMA-FGSL-3-19,2,0,0,0,143,0,0,0,1,0,0,250,0
BONO,BEREKUM MUNICIPAL,Kosopre Area,BEDFI LIMITED,SHEP-4-BR-BM-BL-11-20,6,6,6,6,100,100,100,100,1,1,1,200,0
BONO,BEREKUM MUNICIPAL,Kromum,BEDFI LIMITED,SHEP-4-BR-BM-BL-11-20,2,2,2,2,80,40,40,40,1,1,1,300,0
BONO,BEREKUM MUNICIPAL,Kutri No. 2,FIDELITY GENERAL SERVICES,SHEP-BAR-BMA-FGSL-3-19,9,9,9,9,160,100,100,100,1,1,1,270,50
BONO,BEREKUM MUNICIPAL,Kwame Nfum,BEDFI LIMITED,SHEP-4-BR-BM-BL-11-20,6,0,0,0,100,0,0,0,1,0,0,200,0
BONO,BEREKUM MUNICIPAL,Kyerebaa Presby,BEDFI LIMITED,SHEP-4-BR-BM-BL-12-20,20,0,0,0,300,15,15,15,1,0,0,300,0
BONO,BEREKUM MUNICIPAL,Kyirebaa,FIDELITY GENERAL SERVICES,SHEP-BAR-BMA-FGSL-3-19,6,6,6,6,180,70,70,70,1,1,1,300,40
BONO,BEREKUM MUNICIPAL,Little Angels,FIDELITY GENERAL SERVICES,SHEP-4-BR-FGSL-11-19,1,0,0,0,450,0,0,0,1,0,0,500,0
BONO,BEREKUM MUNICIPAL,Magazine East GridCo,BEDFI LIMITED,SHEP-4-BR-BM-BL-12-20,20,10,10,10,400,70,70,70,1,1,1,450,40
BONO,BEREKUM MUNICIPAL,Mansoase,BEDFI LIMITED,SHEP-4-BR-BM-BL-11-20,5,0,0,0,200,0,0,0,1,0,0,400,0
BONO,BEREKUM MUNICIPAL,Mpaatapo,FIDELITY GENERAL SERVICES,SHEP-BAR-BMA-FGSL-3-19,6,6,6,6,130,70,70,70,1,0,0,250,0
BONO,BEREKUM MUNICIPAL,Nanansua,FIDELITY GENERAL SERVICES,SHEP-BAR-BMA-FGSL-3-19,2,0,0,0,150,0,0,0,1,0,0,270,0
BONO,BEREKUM MUNICIPAL,Nfantsi,BEDFI LIMITED,SHEP-4-BR-BM-BL-11-20,6,0,0,0,150,0,0,0,1,0,0,400,0
BONO,BEREKUM MUNICIPAL,Nsretem,FIDELITY GENERAL SERVICES,SHEP-4-BR-BM-FGSL-12-20,12,0,0,0,100,0,0,0,1,0,0,150,0
BONO,BEREKUM MUNICIPAL,Nyame,FIDELITY GENERAL SERVICES,SHEP-BAR-BMA-FGSL-3-19,12,8,8,8,120,0,0,0,1,0,0,205,0
BONO,BEREKUM MUNICIPAL,Nyamebekyere Alawa Road,BEDFI LIMITED,SHEP-4-BR-BM-BL-12-20,1,0,0,0,250,0,0,0,1,0,0,200,0
BONO,BEREKUM MUNICIPAL,Nyamebekyere No. 2,BEDFI LIMITED,SHEP-4-BR-BM-BL-12-20,15,0,0,0,350,0,0,0,1,0,0,400,0
BONO,BEREKUM MUNICIPAL,Nyametease,FIDELITY GENERAL SERVICES,SHEP-BAR-BMA-FGSL-3-19,12,12,0,0,170,0,0,0,1,0,0,245,0
BONO,BEREKUM MUNICIPAL,OsofoKyere,FIDELITY GENERAL SERVICES,SHEP-BAR-BMA-FGSL-3-19,8,8,8,8,175,50,50,50,1,1,1,290,120
BONO,BEREKUM MUNICIPAL,OsofoMamme Down,FIDELITY GENERAL SERVICES,SHEP-4-BR-BM-FGSL-12-20,6,6,6,6,100,60,60,60,1,1,1,200,80
BONO,BEREKUM MUNICIPAL,Prampram,FIDELITY GENERAL SERVICES,SHEP-4-BR-BM-FGSL-12-20,24,0,0,0,140,0,0,0,1,0,0,200,0
BONO,BEREKUM MUNICIPAL,Semenshia,FIDELITY GENERAL SERVICES,SHEP-4-BR-BM-FGSL-12-20,24,0,0,0,180,0,0,0,1,0,0,300,0
BONO,BEREKUM MUNICIPAL,Senase,FIDELITY GENERAL SERVICES,SHEP-BAR-BMA-FGSL-3-19,6,0,0,0,100,0,0,0,1,0,0,175,0
BONO,BEREKUM MUNICIPAL,Sumbresu,BEDFI LIMITED,SHEP-4-BR-BM-BL-11-20,12,0,0,0,100,0,0,0,1,0,0,400,0
BONO,BEREKUM MUNICIPAL,Word of Friends,FIDELITY GENERAL SERVICES,SHEP-4-BR-BM-FGSL-12-20,6,0,0,0,80,0,0,0,1,0,0,400,0
BONO,BEREKUM MUNICIPAL,Zabou Zongo,FIDELITY GENERAL SERVICES,SHEP-4-BR-FGSL-11-19,1,0,0,0,150,0,0,0,1,0,0,300,0
BONO,Berekum West,Abisase,E.K.SENKYERE LTD,SHEP--BAR-DW-ESKL-07-19,12,0,0,0,115,0,0,0,1,0,0,300,0
BONO,Berekum West,Adom,E.K.SENKYERE LTD,SHEP--BAR-DW-ESKL-07-19,36,29,0,0,241,0,0,0,1,1,0,500,0
BONO,Berekum West,Adom Christ The King,E.K.SENKYERE LTD,SHEP--BAR-DW-ESKL-07-19,14,0,0,0,150,0,0,0,1,0,0,300,0
BONO,Berekum West,Amankokwaa,E.K.SENKYERE LTD,SHEP--BAR-DW-ESKL-07-19,24,0,0,0,186,0,0,0,1,1,0,400,0
BONO,Berekum West,Amomaso,E.K.SENKYERE LTD,SHEP--BAR-DW-ESKL-07-19,7,7,7,7,50,50,50,50,1,1,1,200,0
BONO,Berekum West,Apostle Continuation Church,E.K.SENKYERE LTD,SHEP--BAR-DW-ESKL-07-19,32,0,0,0,250,0,0,0,1,0,0,500,0
BONO,Berekum West,Ayimom,E.K.SENKYERE LTD,SHEP--BAR-DW-ESKL-07-19,24,24,24,24,120,120,120,120,1,1,1,300,59
BONO,Berekum West,BenKaasa,E.K.SENKYERE LTD,SHEP--BAR-DW-ESKL-07-19,7,7,7,7,85,40,40,40,1,1,1,200,32
BONO,Berekum West,Botokrom,E.K.SENKYERE LTD,SHEP--BAR-DW-ESKL-07-19,6,6,0,0,110,100,100,100,1,1,0,300,0
BONO,Berekum West,Fetentaa,E.K.SENKYERE LTD,SHEP--BAR-DW-ESKL-07-19,24,24,24,24,230,170,170,170,3,3,3,500,150
BONO,Berekum West,Nkantaka,E.K.SENKYERE LTD,SHEP--BAR-DW-ESKL-07-19,12,0,0,0,135,0,0,0,1,0,0,300,0
BONO,Berekum West,Nkyenkyenman,E.K.SENKYERE LTD,SHEP--BAR-DW-ESKL-07-19,12,8,0,0,80,80,80,0,1,0,0,200,0
BONO,Berekum West,Nsapor,E.K.SENKYERE LTD,SHEP--BAR-DW-ESKL-07-19,36,15,15,15,120,120,120,120,3,3,1,500,206
BONO,Berekum West,Twebabi,E.K.SENKYERE LTD,SHEP--BAR-DW-ESKL-07-19,7,0,0,0,120,0,0,0,1,1,0,300,0
BONO,DORMAA MUNICIPAL,(Dormaa) New Dormaa,KYEDUMA ENTERPRISE Ltd,SHEP-4-DM-KE-TEMP-2,14,14,14,14,100,100,100,100,1,1,1,100,0
BONO,DORMAA MUNICIPAL,Dormaa ABB,KYEDUMA ENTERPRISE Ltd,SHEP-4-DM-KE-TEMP-2,13,13,13,13,200,140,140,140,1,0,0,90,0
BONO,DORMAA MUNICIPAL,Dormaa Abenwaha,KYEDUMA ENTERPRISE Ltd,SHEP-4-DM-KE-TEMP-2,14,14,14,14,80,80,80,80,1,1,1,90,0
BONO,DORMAA MUNICIPAL,Dormaa Antwirifo,KYEDUMA ENTERPRISE Ltd,SHEP-4-DM-KE-TEMP-2,2,2,2,2,90,70,70,70,1,1,1,160,0
BONO,DORMAA MUNICIPAL,Dormaa Kyenkyenkye,KYEDUMA ENTERPRISE Ltd,SHEP-4-DM-KE-TEMP-2,11,11,11,11,50,50,50,50,1,0,0,50,0
BONO,DORMAA MUNICIPAL,Heman Nkwanta,KYEDUMA ENTERPRISE Ltd,SHEP-4-DM-KE-TEMP-2,2,2,2,2,50,0,0,0,1,0,0,40,0
BONO,DORMAA MUNICIPAL,Sawaba Zongo,KYEDUMA ENTERPRISE Ltd,SHEP-4-DM-KE-TEMP-2,6,6,6,6,30,30,30,30,1,1,1,150,0
BONO,DORMAA MUNICIPAL,Traonang Ext,KYEDUMA ENTERPRISE Ltd,SHEP-4-DM-KE-TEMP-2,2,2,2,2,30,30,30,30,1,1,1,120,0
BONO,Dormaa,Ahenfie,PURE TECH ELECTRICAL LTD,SHEP-4-BR-DD-PEL-11-20,10,0,0,0,80,0,0,0,1,0,0,150,0
BONO,Dormaa,Gyedi,GLOBAL NEW BEGINNING ELECTRICAL CONST. LTD,SHEP-4-BR-DM-GNBECL-11-20,45,0,0,140,0,0,0,0,1,0,0,140,0
BONO,Dormaa,Krakrom,PURE TECH ELECTRICAL LTD,SHEP-4-BR-DD-PEL-11-20,10,0,0,0,90,0,0,0,1,0,0,150,0
BONO,Dormaa,Kwadwomo,PURE TECH ELECTRICAL LTD,SHEP-4-BR-DD-PEL-11-20,0,0,0,0,50,0,0,0,0,0,0,150,0
BONO,Dormaa,Kwame Asua,GLOBAL NEW BEGINNING ELECTRICAL CONST. LTD,SHEP-4-BR-DM-GNBECL-11-20,70,0,0,150,0,0,0,0,1,0,0,150,0
BONO,Dormaa,Kwame Yeboahkrom,PURE TECH ELECTRICAL LTD,SHEP-4-BR-DD-PEL-11-20,10,0,0,0,120,0,0,0,1,0,0,160,0
BONO,Dormaa,Mensah Akura,GLOBAL NEW BEGINNING ELECTRICAL CONST. LTD,SHEP-4-BR-DM-GNBECL-11-20,60,0,0,190,0,0,0,0,1,0,0,190,0
BONO,Dormaa,Mosikrom,PURE TECH ELECTRICAL LTD,SHEP-4-BR-DD-PEL-11-20,7,0,0,0,130,0,0,0,1,0,0,160,0
BONO,Dormaa,Nkan Nkwantano No 1,PURE TECH ELECTRICAL LTD,SHEP-4-BR-DD-PEL-11-20,8,0,0,0,120,0,0,0,1,0,0,300,0
BONO,Dormaa,Nkrankwata,PURE TECH ELECTRICAL LTD,SHEP-4-BR-DD-PEL-11-20,10,0,0,0,230,0,0,0,1,0,0,300,0
BONO,Dormaa,Nkwantaso,PURE TECH ELECTRICAL LTD,SHEP-4-BR-DD-PEL-11-20,5,0,0,0,55,0,0,0,1,0,0,150,0
BONO,Dormaa,Nyameama Brofoyedru,PURE TECH ELECTRICAL LTD,SHEP-4-BR-DD-PEL-11-20,10,0,0,0,120,0,0,0,1,0,0,200,0
BONO,Dormaa,Womoho,GLOBAL NEW BEGINNING ELECTRICAL CONST. LTD,SHEP-4-BR-DM-GNBECL-11-20,74,0,0,290,0,0,0,0,1,0,0,200,0
BONO,Dormaa Central,Aboabi No 1,E.K.SENKYERE LTD,SHEP--BR-DCD-EKSL-11-20,14,14,0,0,25,25,0,0,3,0,0,58,0
BONO,Dormaa Central,Aboabo No 2,E.K.SENKYERE LTD,SHEP--BR-DCD-EKSL-11-20,10,10,0,0,50,0,0,0,3,0,0,95,0
BONO,Dormaa Central,Aboabo No 3,E.K.SENKYERE LTD,SHEP--BR-DCD-EKSL-11-20,1,1,0,0,100,0,0,0,1,0,0,125,0
BONO,Dormaa Central,Aboabo Police Station,E.K.SENKYERE LTD,SHEP--BR-DCD-EKSL-11-20,19,19,0,0,85,42,0,0,1,0,0,115,0
BONO,Dormaa Central,Amasu Estate,E.K.SENKYERE LTD,SHEP--BR-DCD-EKSL-11-20,19,19,0,0,85,68,0,0,1,0,0,410,0
BONO,Dormaa Central,Amasu Hospital,E.K.SENKYERE LTD,SHEP--BR-DCD-EKSL-11-20,10,10,10,10,28,28,28,28,1,1,1,68,0
BONO,Dormaa Central,Amasu Police Station,E.K.SENKYERE LTD,SHEP--BR-DCD-EKSL-11-20,8,8,0,0,23,30,0,0,1,0,0,88,0
BONO,Dormaa Central,Asensua No 1,E.K.SENKYERE LTD,SHEP--BR-DCD-EKSL-11-20,2,2,0,0,30,0,0,0,1,0,0,28,0
BONO,Dormaa Central,Asensua No 2,E.K.SENKYERE LTD,SHEP--BR-DCD-EKSL-11-20,2,0,0,0,20,0,0,0,1,0,0,82,0
BONO,Dormaa Central,Asikasu No. 1,E.K.SENKYERE LTD,SHEP--BR-DCD-EKSL-11-20,2,2,0,0,20,0,0,0,1,0,0,58,0
BONO,Dormaa Central,Dormaa ABB No. 1,E.K.SENKYERE LTD,SHEP--BR-DCD-EKSL-11-20,18,18,0,0,50,40,40,0,1,0,0,98,0
BONO,Dormaa Central,Dormaa Ahenkro,E.K.SENKYERE LTD,SHEP--BR-DCD-EKSL-11-20,30,30,0,0,120,90,90,0,5,0,0,300,0
BONO,Dormaa Central,Dormaa Dwen,E.K.SENKYERE LTD,SHEP--BR-DCD-EKSL-11-20,2,0,0,0,60,60,0,0,1,0,0,98,0
BONO,Dormaa Central,Dormaa Kyermesu,E.K.SENKYERE LTD,SHEP--BR-DCD-EKSL-11-20,25,25,0,0,120,100,100,0,3,0,0,250,0
BONO,Dormaa Central,Koraso,E.K.SENKYERE LTD,SHEP--BR-DCD-EKSL-11-20,32,32,0,0,100,70,70,0,3,0,0,150,0
BONO,Dormaa Central,Kwamesua Clinic,E.K.SENKYERE LTD,SHEP--BR-DCD-EKSL-11-20,14,14,0,0,25,25,0,0,1,0,0,95,0
BONO,Dormaa Central,Kwamesua Sawmill,E.K.SENKYERE LTD,SHEP--BR-DCD-EKSL-11-20,17,17,17,17,100,48,48,48,1,1,1,630,0
BONO,Dormaa Central,Mantwere,E.K.SENKYERE LTD,SHEP--BR-DCD-EKSL-11-20,1,1,0,0,40,0,0,0,1,0,0,95,0
BONO,Dormaa Central,Nsuhia,E.K.SENKYERE LTD,SHEP--BR-DCD-EKSL-11-20,2,0,0,0,20,0,0,0,1,0,0,75,0
BONO,Dormaa Central,Sawaba Zongo No.2,E.K.SENKYERE LTD,SHEP--BR-DCD-EKSL-11-20,30,30,0,0,160,150,150,0,1,0,0,180,0
BONO,Dormaa East,Asuotiano Ext.,PRESTIGE ENGINEERING LTD,SHEP-4-BR-DM- AAWCL-11-20-P2,12,5,0,0,70,45,0,0,1,0,0,195,0
BONO,Dormaa East,Dormaa Akwamu Ext.,PRESTIGE ENGINEERING LTD,SHEP-4-BR-DM- AAWCL-11-20-P2,9,9,9,9,80,80,80,80,1,1,1,195,148
BONO,Dormaa East,Wamanfo Ext.,PRESTIGE ENGINEERING LTD,SHEP-4-BR-DM- AAWCL-11-20-P2,9,9,9,9,200,200,200,200,2,2,2,485,557
BONO,Dormaa East,Wamfie Ext,PRESTIGE ENGINEERING LTD,SHEP-4-BR-DM- AAWCL-11-20-P2,20,14,14,14,250,50,50,50,3,1,1,780,40
BONO,Dormaa Municipal,Aboabo No. 4,TANJA ENGINEERING LTD,SHEP-4-BR-DM-TEL-11-20,8,0,0,0,140,0,0,0,1,0,0,126,0
BONO,Dormaa Municipal,Agyinakrom,A.A WARNCHAN COMPANY LTD,SHEP-4-BR-SED-BECL-09-19,48,0,0,0,100,0,0,0,1,0,0,200,0
BONO,Dormaa Municipal,Akokompe,A.A WARNCHAN COMPANY LTD,SHEP-4-BR-SED-BECL-09-19,3,0,0,0,90,0,0,0,1,0,0,220,0
BONO,Dormaa Municipal,Akonkodiem,TANJA ENGINEERING LTD,SHEP-4-BR-DM-TEL-11-20,7,0,0,0,192,0,0,0,1,0,0,200,0
BONO,Dormaa Municipal,Amasu Extension,A.A WARNCHAN COMPANY LTD,SHEP-4-BR-DM-AAWCL-11-20-P2,27,0,0,0,410,0,0,0,1,0,0,300,0
BONO,Dormaa Municipal,Amasu No.2,TANJA ENGINEERING LTD,SHEP-4-BR-DM-TEL-11-20,11,0,0,0,182,0,0,0,1,0,0,300,0
BONO,Dormaa Municipal,Amasu Pentecost,TANJA ENGINEERING LTD,SHEP-4-BR-DM-TEL-11-20,10,0,0,0,210,0,0,0,1,0,0,300,0
BONO,Dormaa Municipal,Amasu Zongo,A.A WARNCHAN COMPANY LTD,SHEP-4-BR-DM-AAWCL-11-20-P2,36,0,0,0,330,0,0,0,1,0,0,500,0
BONO,Dormaa Municipal,Appiahkrom,A.A WARNCHAN COMPANY LTD,SHEP-4-BR-SED-BECL-09-19,36,0,0,0,140,0,0,0,1,0,0,300,0
BONO,Dormaa Municipal,Ashiayem,A.A WARNCHAN COMPANY LTD,SHEP-4-BR-SED-BECL-09-19,42,0,0,0,150,0,0,0,1,0,0,250,0
BONO,Dormaa Municipal,Kofi Asua,TANJA ENGINEERING LTD,SHEP-4-BR-DM-TEL-11-20,10,0,0,0,190,0,0,0,1,0,0,130,0
BONO,Dormaa Municipal,Kroben,A.A WARNCHAN COMPANY LTD,SHEP-4-BR-SED-BECL-09-19,36,0,0,0,110,0,0,0,1,0,0,140,0
BONO,Dormaa Municipal,Mmaa Mpehia,A.A WARNCHAN COMPANY LTD,SHEP-4-BR-SED-BECL-09-19,58,0,0,0,200,0,0,0,1,0,0,160,0
BONO,Dormaa Municipal,Panpaso,A.A WARNCHAN COMPANY LTD,SHEP-4-BR-DM-AAWCL-11-20-P2,50,0,0,0,250,0,0,0,1,0,0,300,0
BONO,Dormaa Municipal,Tronanag,TANJA ENGINEERING LTD,SHEP-4-BR-DM-TEL-11-20,8,0,0,0,180,0,0,0,1,0,0,200,0
BONO,Dormaa West,(Nkrankwanta) Goka,E.K.SENKYERE LTD,SHEP--BAR-DWD-EKSL-08-16,2,2,2,2,34,34,34,34,1,1,1,80,0
BONO,Dormaa West,(Nkrankwanta) Nyamebekyere,E.K.SENKYERE LTD,SHEP--BAR-DWD-EKSL-08-16,27,27,27,27,30,30,30,30,1,1,1,150,20
BONO,Dormaa West,Aboabokrom,E.K.SENKYERE LTD,SHEP--BAR-DWD-EKSL-08-16,34,16,16,16,39,39,39,39,1,1,0,180,0
BONO,Dormaa West,Abutrekrom,E.K.SENKYERE LTD,SHEP--BAR-DWD-EKSL-08-16,2,2,2,2,41,41,41,41,1,1,1,100,0
BONO,Dormaa West,Ampemkrom Koforidua,E.K.SENKYERE LTD,SHEP--BAR-DWD-EKSL-08-16,13,13,13,13,20,20,20,20,1,1,1,150,160
BONO,Dormaa West,Apesika No.1,E.K.SENKYERE LTD,SHEP--BAR-DWD-EKSL-08-16,25,25,25,25,55,55,55,55,1,1,0,120,0
BONO,Dormaa West,Apesika No.2,E.K.SENKYERE LTD,SHEP--BAR-DWD-EKSL-08-16,29,29,29,29,70,70,70,70,1,1,1,150,0
BONO,Dormaa West,Boboo,E.K.SENKYERE LTD,SHEP--BAR-DWD-EKSL-08-16,2,2,2,2,34,34,34,34,1,1,1,80,0
BONO,Dormaa West,Entesere,E.K.SENKYERE LTD,SHEP--BAR-DWD-EKSL-08-16,85,85,85,85,71,71,71,71,1,1,1,90,0
BONO,Dormaa West,Ghana Abrewa,E.K.SENKYERE LTD,SHEP--BAR-DWD-EKSL-08-16,2,2,2,2,30,30,30,30,1,1,1,50,6
BONO,Dormaa West,J.K Mensah,E.K.SENKYERE LTD,SHEP--BAR-DWD-EKSL-08-16,2,2,2,2,28,28,28,28,1,1,1,90,8
BONO,Dormaa West,Kwahu Nyaw,E.K.SENKYERE LTD,SHEP--BAR-DWD-EKSL-08-16,29,29,29,29,37,37,37,37,1,1,1,50,0
BONO,Dormaa West,Kwametuakrom,E.K.SENKYERE LTD,SHEP--BAR-DWD-EKSL-08-16,42,42,42,42,30,30,30,30,1,1,1,40,0
BONO,Dormaa West,Naabakrom,E.K.SENKYERE LTD,SHEP--BAR-DWD-EKSL-08-16,18,18,18,18,49,49,49,49,1,1,1,120,0
BONO,Dormaa West,New Apesika,E.K.SENKYERE LTD,SHEP--BAR-DWD-EKSL-08-16,2,2,2,2,24,24,24,24,1,1,1,50,0
BONO,Dormaa West,Noubem,E.K.SENKYERE LTD,SHEP--BAR-DWD-EKSL-08-16,57,57,57,57,50,50,50,50,1,1,1,150,0
BONO,Dormaa West,Teakakakrom,E.K.SENKYERE LTD,SHEP--BAR-DWD-EKSL-08-16,57,57,57,57,40,40,40,40,1,1,1,90,0
BONO,Dormaa West,Yawkrom Bredi,E.K.SENKYERE LTD,SHEP--BAR-DWD-EKSL-08-16,2,2,2,2,60,60,60,60,1,1,1,160,0
BONO,Dormaa west,Antwirifo Ext,KYEDUMA ENTERPRISE Ltd,SHEP--BR-BCD-DWD-03-08-P3-13,14,14,14,14,165,165,165,165,1,1,1,125,125
BONO,Dormaa west,Dormaa Ext,KYEDUMA ENTERPRISE Ltd,SHEP--BR-BCD-DWD-03-08-P3-13,20,20,20,20,850,100,100,100,1,0,0,100,0
BONO,Dormaa west,Dormaa Ext 2,KYEDUMA ENTERPRISE Ltd,SHEP--BR-BCD-DWD-03-08-P3-13,42,42,42,42,1150,100,100,100,3,1,1,1300,385
BONO,Dormaa west,Frimpongkrom Ext,KYEDUMA ENTERPRISE Ltd,SHEP--BR-BCD-DWD-03-08-P3-13,10,10,10,10,85,0,0,0,1,0,0,800,0
BONO,Dormaa west,Twepease Ext,KYEDUMA ENTERPRISE Ltd,SHEP--BR-BCD-DWD-03-08-P3-13,14,14,14,14,55,55,55,55,1,0,0,200,0
BONO,JAMAN NORTH,Sampa Abrewanko,BEDFI LIMITED,SHEP-4-BR-JND-BL-12-20,10,0,0,0,200,0,0,0,1,0,0,400,0
BONO,JAMAN NORTH,Sampa Buko Road,BEDFI LIMITED,SHEP-4-BR-JND-BL-12-20,4,0,0,0,160,0,0,0,1,0,0,500,0
BONO,JAMAN NORTH,Sampa Kabile Road,BEDFI LIMITED,SHEP-4-BR-JND-BL-12-20,8,0,0,0,150,0,0,0,1,0,0,450,0
BONO,JAMAN NORTH,Suma Domeabra 1,BEDFI LIMITED,SHEP-4-BR-JND-BL-12-20,7,0,0,0,150,0,0,0,1,0,0,300,0
BONO,JAMAN NORTH,Suma Domeabra 2,BEDFI LIMITED,SHEP-4-BR-JND-BL-12-20,4,0,0,0,140,0,0,0,1,0,0,250,0
BONO,JAMAN SOUTH,(Drobo) Kramokrom,FIDELITY GENERAL SERVICES,SHEP-4-BR-JSD-FGSL-12-19,50,30,0,0,150,0,0,0,1,0,0,140,0
BONO,JAMAN SOUTH,Aboukrom Ext.,BEDFI LIMITED,SHEP-4-BR-JSD-BCL-12-19,60,40,40,40,140,60,60,60,1,1,0,180,0
BONO,JAMAN SOUTH,Adadiem(New Site),FIDELITY GENERAL SERVICES,SHEP-4-BR-JSD-FGSL-12-19,7,0,0,0,400,0,0,0,1,0,0,150,0
BONO,JAMAN SOUTH,Adamsu new town Exts,FIDELITY GENERAL SERVICES,SHEP-4-BR-JSD-FGSL-12-19,14,7,7,7,240,60,60,60,1,1,0,350,0
BONO,JAMAN SOUTH,Adamsu old Town Ext,FIDELITY GENERAL SERVICES,SHEP-4-BR-JSD-FGSL-12-19,10,10,10,10,200,50,50,50,1,1,0,400,0
BONO,JAMAN SOUTH,Adiokor No1,FIDELITY GENERAL SERVICES,SHEP-4-BR-JSD-FGSL-12-19,14,5,5,5,150,30,30,30,1,1,0,150,0
BONO,JAMAN SOUTH,Adiokor No2,FIDELITY GENERAL SERVICES,SHEP-4-BR-JSD-FGSL-12-19,20,10,10,10,150,45,45,45,1,0,0,150,0
BONO,JAMAN SOUTH,Amafoso Ext.,BEDFI LIMITED,SHEP-4-BR-JSD-BCL-12-19,40,10,10,10,130,60,60,60,1,1,0,160,0
BONO,JAMAN SOUTH,AmpomasuKrom,BEDFI LIMITED,SHEP-4-BR-JSD-BCL-12-19,70,0,0,0,160,0,0,0,1,0,0,190,0
BONO,JAMAN SOUTH,AnuKrunu,FIDELITY GENERAL SERVICES,SHEP-4-BR-JSD-FGSL-12-19,60,0,0,0,200,0,0,0,1,0,0,160,0
BONO,JAMAN SOUTH,Asuogya. Ext.,BEDFI LIMITED,SHEP-4-BR-JSD-BCL-12-19,50,30,30,30,150,80,80,80,1,1,0,240,0
BONO,JAMAN SOUTH,Atuna Ext.,FIDELITY GENERAL SERVICES,SHEP-4-BR-JSD-FGSL-12-19,15,15,15,15,200,40,40,40,1,1,1,450,0
BONO,JAMAN SOUTH,Baanafo,FIDELITY GENERAL SERVICES,SHEP-4-BR-JSD-FGSL-12-19,15,6,6,6,170,50,50,50,1,1,0,350,0
BONO,JAMAN SOUTH,Babianiha Ext,FIDELITY GENERAL SERVICES,SHEP-4-BR-JS-FGSL-TEMP-1,30,0,0,0,200,120,120,120,1,0,0,300,150
BONO,JAMAN SOUTH,"Bano No. 1,2 &3",FIDELITY GENERAL SERVICES,SHEP-4-BR-JSD-FGSL-12-19,1,1,1,1,280,50,50,50,1,1,0,250,0
BONO,JAMAN SOUTH,Bepoase Road (New Site),FIDELITY GENERAL SERVICES,SHEP-4-BR-JSD-FGSL-12-19,4,0,0,0,150,0,0,0,1,0,0,170,0
BONO,JAMAN SOUTH,Bodaa Ext.,FIDELITY GENERAL SERVICES,SHEP-4-BR-JSD-FGSL-12-19,2,0,0,0,150,0,0,0,1,0,0,250,0
BONO,JAMAN SOUTH,Doduosuo,FIDELITY GENERAL SERVICES,SHEP-4-BR-JSD-FGSL-12-19,6,6,6,6,190,40,40,40,1,1,0,210,30
BONO,JAMAN SOUTH,Drobo East,BEDFI LIMITED,SHEP-4-BR-JSD-BCL-12-19,50,50,10,10,200,90,90,90,1,1,1,250,90
BONO,JAMAN SOUTH,Drobo West Extension,BEDFI LIMITED,SHEP-BR-JSD-BL-03-19,30,8,8,8,300,100,100,100,2,2,2,300,110
BONO,JAMAN SOUTH,Dwenem West,FIDELITY GENERAL SERVICES,SHEP-4-BR-JS-FGSL-TEMP-1,40,10,10,10,400,90,90,90,1,1,1,400,0
BONO,JAMAN SOUTH,Dwenem prayer camp,BEDFI LIMITED,SHEP-4-BR-JSD-BCL-12-19,50,0,0,0,150,50,50,50,1,0,0,240,40
BONO,JAMAN SOUTH,Faaman Ext,FIDELITY GENERAL SERVICES,SHEP-4-BR-JS-FGSL-TEMP-1,30,0,0,0,260,155,155,55,1,0,0,350,0
BONO,JAMAN SOUTH,Famikwa,FIDELITY GENERAL SERVICES,SHEP-4-BR-JSD-FGSL-12-19,50,35,0,0,150,0,0,0,1,0,0,150,0
BONO,JAMAN SOUTH,Gonuasua Ext,FIDELITY GENERAL SERVICES,SHEP-4-BR-JS-FGSL-TEMP-1,25,0,0,0,350,90,90,90,1,0,0,400,30
BONO,JAMAN SOUTH,Jankufa Ext.,BEDFI LIMITED,SHEP-4-BR-JSD-BCL-12-19,60,0,0,0,170,0,0,0,1,0,0,230,0
BONO,JAMAN SOUTH,Jejemreja Extension,BEDFI LIMITED,SHEP-BR-JSD-BL-03-19,25,8,8,0,250,30,30,30,1,0,0,300,50
BONO,JAMAN SOUTH,Kabile,FIDELITY GENERAL SERVICES,SHEP-4-BR-JSD-FGSL-12-19,6,0,0,0,100,0,0,0,1,0,0,400,0
BONO,JAMAN SOUTH,Katakyeikrom Ext,FIDELITY GENERAL SERVICES,SHEP-4-BR-JS-FGSL-TEMP-1,22,10,10,10,280,85,85,85,1,1,1,450,0
BONO,JAMAN SOUTH,Kofi tiakrom Ext,FIDELITY GENERAL SERVICES,SHEP-4-BR-JSD-FGSL-12-19,15,0,0,0,160,150,150,100,1,0,0,180,0
BONO,JAMAN SOUTH,Kofiko,FIDELITY GENERAL SERVICES,SHEP-4-BR-JSD-FGSL-12-19,20,10,10,10,140,40,40,40,1,1,0,160,0
BONO,JAMAN SOUTH,Kojo Kesekrom Ext.,BEDFI LIMITED,SHEP-4-BR-JSD-BCL-12-19,70,0,0,0,180,30,30,30,1,0,0,200,20
BONO,JAMAN SOUTH,Kubease,FIDELITY GENERAL SERVICES,SHEP-4-BR-JSD-FGSL-12-19,480,0,0,0,200,0,0,0,1,0,0,250,0
BONO,JAMAN SOUTH,Kwameseikrom,FIDELITY GENERAL SERVICES,SHEP-4-BR-JSD-FGSL-12-19,15,7,7,7,200,50,50,50,1,1,1,240,50
BONO,JAMAN SOUTH,Kwasi boukrom,BEDFI LIMITED,SHEP-BR-JSD-BL-03-19,15,15,15,15,300,50,50,50,1,0,0,350,0
BONO,JAMAN SOUTH,Morle Ext.,BEDFI LIMITED,SHEP-4-BR-JSD-BCL-12-19,60,0,0,0,140,0,0,0,1,0,0,190,0
BONO,JAMAN SOUTH,Mpuasu Extension,BEDFI LIMITED,SHEP-BR-JSD-BL-03-19,25,10,10,10,250,50,50,50,1,1,1,300,30
BONO,JAMAN SOUTH,Mremanu Extension,BEDFI LIMITED,SHEP-BR-JSD-BL-03-19,30,30,30,30,300,30,30,30,1,0,0,300,50
BONO,JAMAN SOUTH,Nkokotoa/Ampemkrom Ext.,BEDFI LIMITED,SHEP-4-BR-JSD-BCL-12-19,40,8,8,8,140,90,90,90,1,1,0,140,0
BONO,JAMAN SOUTH,Ntabene,BEDFI LIMITED,SHEP-4-BR-JSD-BCL-12-19,100,0,0,0,200,0,0,0,1,0,0,250,0
BONO,JAMAN SOUTH,Nyamefie Ext.,BEDFI LIMITED,SHEP-4-BR-JSD-BCL-12-19,40,0,0,0,190,15,15,15,1,0,0,180,20
BONO,JAMAN SOUTH,Old Drobo Ext.,BEDFI LIMITED,SHEP-4-BR-JSD-BCL-12-19,90,40,40,40,170,70,70,70,1,1,0,180,0
BONO,JAMAN SOUTH,Sebreni Ext,FIDELITY GENERAL SERVICES,SHEP-4-BR-JS-FGSL-TEMP-1,30,8,8,0,350,40,40,40,1,0,0,380,0
BONO,JAMAN SOUTH,Seikwa Berekum Road,FIDELITY GENERAL SERVICES,SHEP-4-BR-JSD-FGSL-12-19,8,0,0,0,120,0,0,0,1,0,0,170,0
BONO,JAMAN SOUTH,Seikwa MTN Area Newsite,FIDELITY GENERAL SERVICES,SHEP-4-BR-JSD-FGSL-12-19,6,0,0,0,200,0,0,0,1,0,0,180,0
BONO,JAMAN SOUTH,Tekese/Asratoa,BEDFI LIMITED,SHEP-BR-JSD-BL-03-19,10,0,0,0,100,0,0,0,1,0,0,200,0
BONO,JAMAN SOUTH,Unity farms,FIDELITY GENERAL SERVICES,SHEP-4-BR-JSD-FGSL-12-19,2,0,0,0,60,0,0,0,1,0,0,10,0
BONO,JAMAN SOUTH,Yamansah Ext.,BEDFI LIMITED,SHEP-BR-JSD-BL-03-19,15,0,0,0,150,0,0,0,1,0,0,250,0
BONO,JAMAN SOUTH,Zezera,FIDELITY GENERAL SERVICES,SHEP-4-BR-JSD-FGSL-12-19,20,20,20,20,300,40,40,40,1,1,0,460,0
BONO,Jaman North,(Drobo) Goka,KWAMENS ELECT. ENG. COMPANY LTD,SHEP4-BAR-ASR-JND/AND-07-15,23,0,0,0,80,80,80,80,1,1,1,120,34
BONO,Jaman North,Adadiem,OSEMED PLUS COMPANY LTD,SHEP-4-BR-JD-OPCL-11-20,25,0,0,0,80,100,0,0,1,0,0,150,0
BONO,Jaman North,Adjako,OSEMED PLUS COMPANY LTD,SHEP-4-BR-JD-OPCL-11-20,10,0,0,0,75,0,0,0,1,0,0,150,0
BONO,Jaman North,Asiri,KWAMENS ELECT. ENG. COMPANY LTD,SHEP4-BAR-ASR-JND/AND-07-15,23,0,0,0,60,60,60,60,1,1,1,100,70
BONO,Jaman North,Asiri Habitat,NEWLIFE ELECTRICALS & CONSTRUCTION LTD,SHEP-4-BR-JND-NECL-11-20,10,0,0,90,0,0,0,0,1,0,0,200,0
BONO,Jaman North,Asuokor,KWAMENS ELECT. ENG. COMPANY LTD,SHEP4-BAR-ASR-JND/AND-07-15,2,2,2,2,60,60,60,60,0,0,0,105,74
BONO,Jaman North,Buni,KWAMENS ELECT. ENG. COMPANY LTD,SHEP4-BAR-ASR-JND/AND-07-15,2,2,2,2,40,40,40,40,0,0,0,80,56
BONO,Jaman North,Dadaso Town,NEWLIFE ELECTRICALS & CONSTRUCTION LTD,SHEP-4-BR-JND-NECL-11-20,7,0,0,100,0,0,0,0,1,0,0,200,0
BONO,Jaman North,Duadaso No.1,KWAMENS ELECT. ENG. COMPANY LTD,SHEP4-BAR-ASR-JND/AND-07-15,2,2,2,2,120,120,120,120,0,0,0,185,130
BONO,Jaman North,Duadaso No.2,KWAMENS ELECT. ENG. COMPANY LTD,SHEP4-BAR-ASR-JND/AND-07-15,2,2,2,2,120,110,110,110,0,0,0,170,119
BONO,Jaman North,Dumakrom,OSEMED PLUS COMPANY LTD,SHEP-4-BR-JD-OPCL-11-20,15,0,0,0,90,40,0,0,1,0,0,200,0
BONO,Jaman North,Goka Newtown,NEWLIFE ELECTRICALS & CONSTRUCTION LTD,SHEP-4-BR-JND-NECL-11-20,6,0,0,70,0,0,0,0,1,0,0,160,0
BONO,Jaman North,Jamera New Town,NEWLIFE ELECTRICALS & CONSTRUCTION LTD,SHEP-4-BR-JND-NECL-11-20,12,0,0,80,0,0,0,0,1,0,0,180,0
BONO,Jaman North,Kaabre New Town,NEWLIFE ELECTRICALS & CONSTRUCTION LTD,SHEP-4-BR-JND-NECL-11-20,20,0,0,85,0,0,0,0,1,0,0,170,0
BONO,Jaman North,Kokoa,KWAMENS ELECT. ENG. COMPANY LTD,SHEP4-BAR-ASR-JND/AND-07-15,15,0,0,0,120,120,120,80,1,0,0,180,126
BONO,Jaman North,Kokosua No.2,OSEMED PLUS COMPANY LTD,SHEP-4-BR-JD-OPCL-11-20,30,0,0,0,100,0,0,0,1,0,0,200,0
BONO,Jaman North,Kyirekrom,OSEMED PLUS COMPANY LTD,SHEP-4-BR-JD-OPCL-11-20,20,0,0,0,180,0,0,0,1,0,0,200,0
BONO,Jaman North,Nana Mensah Toiwn,NEWLIFE ELECTRICALS & CONSTRUCTION LTD,SHEP-4-BR-JND-NECL-11-20,10,0,0,115,0,0,0,0,1,0,0,300,0
BONO,Jaman North,New Siketia,OSEMED PLUS COMPANY LTD,SHEP-4-BR-JD-OPCL-11-20,40,0,0,0,125,40,0,0,1,0,0,200,0
BONO,Jaman North,Nsosomea,OSEMED PLUS COMPANY LTD,SHEP-4-BR-JD-OPCL-11-20,20,0,0,0,100,0,0,0,1,0,0,200,0
BONO,Jaman North,Nyasa Nkwanta,OSEMED PLUS COMPANY LTD,SHEP-4-BR-JD-OPCL-11-20,40,0,0,0,100,20,0,0,1,0,0,200,0
BONO,Jaman North,Sabusi Kwabenakrom,OSEMED PLUS COMPANY LTD,SHEP-4-BR-JD-OPCL-11-20,50,0,0,0,90,0,0,0,1,0,0,200,0
BONO,Jaman North,Sampa,KWAMENS ELECT. ENG. COMPANY LTD,SHEP4-BAR-ASR-JND/AND-07-15,68,30,30,30,160,160,160,160,2,2,2,220,154
BONO,Jaman North,Sampa Newtown,NEWLIFE ELECTRICALS & CONSTRUCTION LTD,SHEP-4-BR-JND-NECL-11-20,14,0,0,210,0,0,0,0,1,0,0,400,0
BONO,Jaman North,Seketia,KWAMENS ELECT. ENG. COMPANY LTD,SHEP4-BAR-ASR-JND/AND-07-15,2,2,2,2,60,60,60,60,1,1,1,85,60
BONO,Jaman North,Subiso Zobo New Town,NEWLIFE ELECTRICALS & CONSTRUCTION LTD,SHEP-4-BR-JND-NECL-11-20,9,0,0,80,0,0,0,0,1,0,0,160,0
BONO,Jaman North,Suma Ahenkro,KWAMENS ELECT. ENG. COMPANY LTD,SHEP4-BAR-ASR-JND/AND-07-15,23,5,5,5,100,100,100,100,1,1,1,140,78
BONO,Jaman North,Suma Domeabra,NEWLIFE ELECTRICALS & CONSTRUCTION LTD,SHEP-4-BR-JND-NECL-11-20,8,0,0,70,0,0,0,0,1,0,0,140,0
BONO,Jaman North,Yakata,OSEMED PLUS COMPANY LTD,SHEP-4-BR-JD-OPCL-11-20,35,0,0,0,170,0,0,0,1,0,0,300,0
BONO,Jaman South,Abrikasu Ext,AHMSON COMPANY LTD,SHEP-4-SLP-BR-/ASR-JS&AAD-ACL-09-19,10,0,0,0,170,0,0,0,1,0,0,261,0
BONO,Jaman South,Agurikrom,AHMSON COMPANY LTD,SHEP-4-SLP-BR-/ASR-JS&AAD-ACL-09-19,49,30,30,30,300,63,63,63,1,1,1,250,250
BONO,Jaman South,Ampemkrom,AHMSON COMPANY LTD,SHEP-4-SLP-BR-/ASR-JS&AAD-ACL-09-19,65,15,15,15,50,45,45,45,1,1,1,250,48
BONO,Jaman South,Asare Ext,AHMSON COMPANY LTD,SHEP-4-SLP-BR-/ASR-JS&AAD-ACL-09-19,15,8,0,0,150,0,0,0,1,0,0,182,0
BONO,Jaman South,Asempaneye,AHMSON COMPANY LTD,SHEP-4-SLP-BR-/ASR-JS&AAD-ACL-09-19,46,30,30,30,160,90,90,90,1,1,0,465,85
BONO,Jaman South,Batia,AHMSON COMPANY LTD,SHEP-4-SLP-BR-/ASR-JS&AAD-ACL-09-19,98,98,98,98,260,200,200,200,1,1,1,467,117
BONO,Jaman South,Biama,AHMSON COMPANY LTD,SHEP-4-SLP-BR-/ASR-JS&AAD-ACL-09-19,195,190,190,190,200,200,200,200,1,1,1,470,110
BONO,Jaman South,Boadwo,AHMSON COMPANY LTD,SHEP-4-SLP-BR-/ASR-JS&AAD-ACL-09-19,68,50,50,50,260,150,150,150,1,1,1,210,123
BONO,Jaman South,Bobunu Ext,AHMSON COMPANY LTD,SHEP-4-SLP-BR-/ASR-JS&AAD-ACL-09-19,5,0,0,0,100,0,0,0,1,0,0,150,0
BONO,Jaman South,Drobo,AHMSON COMPANY LTD,SHEP-4-SLP-BR-/ASR-JS&AAD-ACL-09-19,91,85,85,85,140,140,140,140,3,3,3,50,70
BONO,Jaman South,Japekrom,AHMSON COMPANY LTD,SHEP-4-SLP-BR-/ASR-JS&AAD-ACL-09-19,33,15,15,15,350,50,50,50,2,1,1,50,50
BONO,Jaman South,Kofi tiakrom krom Ext.,AHMSON COMPANY LTD,SHEP-4-SLP-BR-/ASR-JS&AAD-ACL-09-19,15,0,0,0,140,177,177,0,1,0,0,214,0
BONO,Jaman South,Krakrom,AHMSON COMPANY LTD,SHEP-4-SLP-BR-/ASR-JS&AAD-ACL-09-19,55,14,14,14,250,43,43,43,1,1,1,200,73
BONO,Jaman South,Obidiaba,AHMSON COMPANY LTD,SHEP-4-SLP-BR-/ASR-JS&AAD-ACL-09-19,35,15,15,15,160,39,39,39,1,1,1,160,160
BONO,Jaman South,Tainso 1 &2 Ext,AHMSON COMPANY LTD,SHEP-4-SLP-BR-/ASR-JS&AAD-ACL-09-19,2,0,0,0,160,0,0,0,1,0,0,200,0
BONO,Jaman South,konsia(Jaman South) Ext.,AHMSON COMPANY LTD,SHEP-4-SLP-BR-/ASR-JS&AAD-ACL-09-19,5,0,0,0,180,162,162,80,1,0,0,270,0
BONO,SUNYANI,One D One F (Mantukwa)LINSE LTD.,PAT HAYFORD,SHEP-BR-SM-PH-TEMP-4,17,17,17,17,1,1,1,1,1,1,1,1,1
BONO,SUNYANI MUNICIPAL,(Sunyani) New Dormaa Ext.,MANPOWER XPORT & ENG.SERVICES,BAR-SHEP-SEDA-MTESL-04-19,24,10,10,10,150,0,0,0,1,0,0,105,0
BONO,SUNYANI MUNICIPAL,Benue Nkwanta,MANPOWER XPORT & ENG.SERVICES,BAR-SHEP-SEDA-MTESL-04-19,140,77,77,77,320,120,120,120,1,1,1,202,171
BONO,SUNYANI MUNICIPAL,Brosankro,MANPOWER XPORT & ENG.SERVICES,BAR-SHEP-SEDA-MTESL-04-19,12,12,12,12,50,14,14,14,1,0,0,95,95
BONO,SUNYANI MUNICIPAL,Kurasua No.2,MANPOWER XPORT & ENG.SERVICES,BAR-SHEP-SEDA-MTESL-04-19,135,85,85,85,100,60,60,60,1,1,1,105,30
BONO,SUNYANI MUNICIPAL,Nana Bosomaa Market Ext.,MANPOWER XPORT & ENG.SERVICES,BAR-SHEP-SEDA-MTESL-04-19,5,0,0,0,100,0,0,0,1,0,0,180,0
BONO,SUNYANI MUNICIPAL,Osofokrom,MANPOWER XPORT & ENG.SERVICES,BAR-SHEP-SEDA-MTESL-04-19,85,11,11,11,100,50,50,50,1,1,1,100,30
BONO,SUNYANI MUNICIPAL,Penkwase High Tension Ext.,MANPOWER XPORT & ENG.SERVICES,BAR-SHEP-SEDA-MTESL-04-19,17,0,0,0,250,0,0,0,1,0,0,90,0
BONO,SUNYANI MUNICIPAL,Police School Ext.,MANPOWER XPORT & ENG.SERVICES,BAR-SHEP-SEDA-MTESL-04-19,24,8,8,8,200,135,135,135,1,1,1,110,70
BONO,SUNYANI MUNICIPAL,UENR-Nsoatre Campus,AGYACOT Co Ltd,,50,50,50,50,200,200,200,200,1,1,1,15,15
BONO,SUNYANI MUNICIPAL,Watchman,MANPOWER XPORT & ENG.SERVICES,BAR-SHEP-SEDA-MTESL-04-19,25,25,25,25,320,200,200,200,1,1,1,205,200
BONO,SUNYANI WEST MUNICIPAL,(Sunyani)Nkrankwata,APAM A.E COMPANY LIMITED,SHEP-4-AR-AAND-AAECL-12-20,18,0,0,0,130,0,0,0,1,0,0,250,0
BONO,SUNYANI WEST MUNICIPAL,Abesim Dormenase Area,APAM A.E COMPANY LIMITED,SHEP-4-AR-AAND-AAECL-12-20,30,30,30,30,160,24,24,24,1,1,1,250,0
BONO,SUNYANI WEST MUNICIPAL,Kotokrom Islamic Area,APAM A.E COMPANY LIMITED,SHEP-4-AR-AAND-AAECL-12-20,36,36,36,36,130,45,45,45,1,1,1,220,20
BONO,SUNYANI WEST MUNICIPAL,Kotokrom Mary land Area,APAM A.E COMPANY LIMITED,SHEP-4-AR-AAND-AAECL-12-20,34,34,34,34,150,28,28,28,1,1,1,200,0
BONO,SUNYANI WEST MUNICIPAL,Kotokrom Sasalaa Broni Area,APAM A.E COMPANY LIMITED,SHEP-4-AR-AAND-AAECL-12-20,34,34,34,34,140,52,52,52,1,1,1,240,0
BONO,SUNYANI WEST MUNICIPAL,Sunyani Olistar poultry Area,APAM A.E COMPANY LIMITED,SHEP-4-AR-AAND-AAECL-12-20,22,22,22,22,140,50,50,50,1,1,0,300,0
BONO,Sunyani East,Asikasu,FAAHTECH  ENG. COM. LTD,SHEP-4-BR-SED-FECL-11-19,38,38,0,0,130,0,0,0,1,0,0,150,0
BONO,Sunyani East,Bronsansah,FAAHTECH  ENG. COM. LTD,SHEP-4-BR-SED-FECL-11-19,40,40,0,0,90,0,0,0,2,0,0,120,0
BONO,Sunyani East,Nkwantanan,FAAHTECH  ENG. COM. LTD,SHEP-4-BR-SED-FECL-11-19,60,0,0,0,150,0,0,0,2,0,0,100,0
BONO,Sunyani East,Oluchekrom,FAAHTECH  ENG. COM. LTD,SHEP-4-BR-SED-FECL-11-19,54,0,0,0,120,0,0,0,1,0,0,90,0
BONO,Sunyani East,Yawmire,FAAHTECH  ENG. COM. LTD,SHEP-4-BR-SED-FECL-11-19,48,48,0,0,170,0,0,0,2,0,0,200,0
BONO,Sunyani East,Yeboakrom,FAAHTECH  ENG. COM. LTD,SHEP-4-BR-SED-FECL-11-19,46,0,0,0,180,0,0,0,2,0,0,100,0
BONO,Sunyani Municipal,Abeisem Ahenfo Asieye,POWERBOARD COMPANY LTD,BAR-SHEP-SEDA-PCL-04-19,120,0,0,0,492,0,0,0,2,0,0,350,0
BONO,Sunyani Municipal,Abesim,POWERBOARD COMPANY LTD,SHEP-4-BAR-SWD-PCL-11-16,20,20,20,20,340,60,60,60,2,2,1,280,280
BONO,Sunyani Municipal,Abesim Ahenfo Asieye,POWERBOARD COMPANY LTD,BAR-SHEP-SEDA-PCL-04-19,60,0,0,0,246,0,0,0,1,0,0,0,0
BONO,Sunyani Municipal,Abesim Fufuro,WASHDAN COMPANY LTD,SHEP-4-BAR-SMA-WCL-05-19,76,58,58,58,1300,370,370,370,6,6,6,3050,3050
BONO,Sunyani Municipal,Abisu,WASHDAN COMPANY LTD,SHEP-4-BAR-SMA-WCL-05-19,228,90,90,90,140,86,86,86,2,2,2,140,140
BONO,Sunyani Municipal,Adamstown,POWERBOARD COMPANY LTD,BAR-SHEP-SEDA-PCL-04-19,8,8,8,8,200,60,60,60,2,0,0,180,0
BONO,Sunyani Municipal,Adantia,POWERBOARD COMPANY LTD,SHEP- 4-BR-SM-PCL-09-18,24,24,24,24,240,30,30,30,1,1,0,350,0
BONO,Sunyani Municipal,Adoe,WASHDAN COMPANY LTD,SHEP-4-BAR-SMA-WCL-05-19,216,216,216,216,400,80,80,80,2,2,2,400,50
BONO,Sunyani Municipal,Adomako & Ext.,GYABSHARAH COMPANY LTD,SP-BAR-TND-SMA-KSDA-11-08,18,18,18,18,200,200,200,200,4,4,4,300,300
BONO,Sunyani Municipal,All for Christ,POWERBOARD COMPANY LTD,SHEP-4-BAR-SWD-PCL-11-16,20,20,20,20,60,60,60,60,2,2,2,150,150
BONO,Sunyani Municipal,Ampenkro,POWERBOARD COMPANY LTD,SHEP- 4-BR-SM-PCL-09-18,24,0,0,0,260,0,0,0,1,0,0,400,0
BONO,Sunyani Municipal,Anhwire Ext,WASHDAN COMPANY LTD,SHEP-4-BAR-SMA-WCL-05-19,84,22,22,22,240,36,36,36,2,2,2,240,10
BONO,Sunyani Municipal,Antwikrom,GYABSHARAH COMPANY LTD,SP-BAR-TND-SMA-KSDA-11-08,111,111,111,111,115,47,47,47,2,1,1,300,56
BONO,Sunyani Municipal,Apaaso,WASHDAN COMPANY LTD,SHEP-4-BAR-SMA-WCL-05-19,192,48,48,48,180,40,40,40,2,2,2,180,12
BONO,Sunyani Municipal,Asanakrom,WASHDAN COMPANY LTD,SHEP-4-BAR-SMA-WCL-05-19,90,90,90,90,800,800,800,800,4,4,4,700,700
BONO,Sunyani Municipal,Asuakwa,POWERBOARD COMPANY LTD,SHEP-4-BAR-SWD-PCL-11-16,66,32,32,32,320,160,140,140,2,2,2,270,270
BONO,Sunyani Municipal,Asufufuo & Ext.,GYABSHARAH COMPANY LTD,SP-BAR-TND-SMA-KSDA-11-08,34,34,34,34,60,60,60,60,4,4,4,100,100
BONO,Sunyani Municipal,Atronie Asuogya,POWERBOARD COMPANY LTD,SHEP-4-BAR-SWD-PCL-11-16,13,13,13,13,200,18,18,18,1,1,1,300,300
BONO,Sunyani Municipal,Atuahenekrom,POWERBOARD COMPANY LTD,SHEP-4-BAR-SWD-PCL-11-16,10,0,0,0,200,0,0,0,2,0,0,253,0
BONO,Sunyani Municipal,Baakoniaba,POWERBOARD COMPANY LTD,SHEP-4-BAR-SWD-PCL-11-16,23,23,23,23,220,100,100,100,1,1,1,320,320
BONO,Sunyani Municipal,Baffour Kusi,POWERBOARD COMPANY LTD,SHEP- 4-BR-SM-PCL-09-18,44,8,8,8,416,60,60,60,2,2,0,295,0
BONO,Sunyani Municipal,Berlinso,WASHDAN COMPANY LTD,SHEP-4-BAR-SMA-WCL-05-19,36,36,36,36,110,110,110,110,2,2,2,450,450
BONO,Sunyani Municipal,Burmu,WASHDAN COMPANY LTD,SHEP-4-BAR-SMA-WCL-05-19,96,96,96,96,200,60,60,60,2,2,2,200,200
BONO,Sunyani Municipal,Catholic University,POWERBOARD COMPANY LTD,SHEP-4-BAR-SWD-PCL-11-16,14,0,0,0,400,0,0,0,2,0,0,310,0
BONO,Sunyani Municipal,Chiraa Estate,POWERBOARD COMPANY LTD,SHEP- 4-BR-SM-PCL-09-18,92,14,14,14,200,200,200,200,2,2,2,145,145
BONO,Sunyani Municipal,Chiraa Isreal,POWERBOARD COMPANY LTD,SHEP- 4-BR-SM-PCL-09-18,58,32,32,32,220,120,120,120,2,2,2,300,300
BONO,Sunyani Municipal,Domsere,WASHDAN COMPANY LTD,SHEP-4-BAR-SMA-WCL-05-19,180,124,124,124,240,80,80,80,2,2,2,240,50
BONO,Sunyani Municipal,Donbosco Ext,WASHDAN COMPANY LTD,SHEP-4-BAR-SMA-WCL-05-19,24,0,0,0,440,0,0,0,2,0,0,440,0
BONO,Sunyani Municipal,Dotor kro,WASHDAN COMPANY LTD,SHEP-4-BAR-SMA-WCL-05-19,120,4,4,4,60,20,20,20,2,0,0,60,0
BONO,Sunyani Municipal,Dr Berko Sunyani,POWERBOARD COMPANY LTD,BAR-SHEP-SEDA-PCL-04-19,16,16,16,16,320,16,16,16,2,2,2,280,0
BONO,Sunyani Municipal,Dumasua Mim,POWERBOARD COMPANY LTD,SHEP-4-BAR-SWD-PCL-11-16,14,14,14,14,400,250,250,250,2,2,2,280,280
BONO,Sunyani Municipal,Eseereso,POWERBOARD COMPANY LTD,SHEP- 4-BR-SM-PCL-09-18,24,0,0,0,160,0,0,0,2,0,0,140,0
BONO,Sunyani Municipal,Faakro,POWERBOARD COMPANY LTD,SHEP- 4-BR-SM-PCL-09-18,72,42,42,42,39,39,39,39,1,1,1,200,200
BONO,Sunyani Municipal,Fiapre Newtown,POWERBOARD COMPANY LTD,SHEP-4-BAR-SWD-PCL-11-16,10,0,0,0,200,0,0,0,2,0,0,210,0
BONO,Sunyani Municipal,Fokuo-krom,POWERBOARD COMPANY LTD,SHEP-4-BAR-SWD-PCL-11-16,25,25,25,25,120,94,94,94,1,1,1,250,250
BONO,Sunyani Municipal,Kobedi Township,POWERBOARD COMPANY LTD,SHEP-4-BAR-SWD-PCL-11-16,4,4,4,4,175,30,30,30,1,1,1,300,300
BONO,Sunyani Municipal,Koo num,POWERBOARD COMPANY LTD,BAR-SHEP-SEDA-PCL-04-19,16,16,16,16,300,30,30,30,2,2,2,185,185
BONO,Sunyani Municipal,Korasua No 1,WASHDAN COMPANY LTD,SHEP-4-BAR-SMA-WCL-05-19,144,104,104,104,440,78,78,78,2,2,2,440,50
BONO,Sunyani Municipal,Kotokrom Abafresh,POWERBOARD COMPANY LTD,SHEP-4-BAR-SWD-PCL-11-16,23,14,14,14,120,30,30,30,1,1,1,280,0
BONO,Sunyani Municipal,Kotokrom Agya Nkrumah,POWERBOARD COMPANY LTD,SHEP-4-BAR-SWD-PCL-11-16,24,24,24,24,600,328,328,328,3,4,3,450,450
BONO,Sunyani Municipal,Kwamekrakrom,WASHDAN COMPANY LTD,SHEP-4-BAR-SMA-WCL-05-19,120,66,0,0,240,0,0,0,2,0,0,240,0
BONO,Sunyani Municipal,Kwasi Nfum,POWERBOARD COMPANY LTD,BAR-SHEP-SEDA-PCL-04-19,30,30,30,30,200,200,200,200,2,2,2,250,250
BONO,Sunyani Municipal,Kwatire,POWERBOARD COMPANY LTD,SHEP- 4-BR-SM-PCL-09-18,24,24,24,24,200,30,30,25,1,1,0,350,0
BONO,Sunyani Municipal,Kyeredua,GYABSHARAH COMPANY LTD,SP-BAR-TND-SMA-KSDA-11-08,35,35,35,35,50,50,50,50,1,1,1,74,74
BONO,Sunyani Municipal,Kyeremekrom,WASHDAN COMPANY LTD,SHEP-4-BAR-SMA-WCL-05-19,168,168,168,168,240,40,40,40,2,2,2,240,10
BONO,Sunyani Municipal,Mackion Estate,POWERBOARD COMPANY LTD,BAR-SHEP-SEDA-PCL-04-19,70,36,36,36,360,200,200,200,2,2,2,285,285
BONO,Sunyani Municipal,Manprusi line,POWERBOARD COMPANY LTD,SHEP- 4-BR-SM-PCL-09-18,24,24,24,24,110,10,10,10,1,1,1,230,250
BONO,Sunyani Municipal,Mantukwa (Nsoatre)Ext.,POWERBOARD COMPANY LTD,SHEP-4-BAR-SWD-PCL-11-16,16,0,0,0,150,30,30,30,1,0,0,280,0
BONO,Sunyani Municipal,Mantukwa/ NSOATRE,POWERBOARD COMPANY LTD,SHEP-4-BAR-SWD-PCL-11-16,16,0,0,0,150,30,30,30,1,0,0,0,0
BONO,Sunyani Municipal,Menpeasem,WASHDAN COMPANY LTD,SHEP-4-BAR-SMA-WCL-05-19,72,0,0,0,360,0,0,0,2,0,0,360,0
BONO,Sunyani Municipal,Mensah-krom,POWERBOARD COMPANY LTD,SHEP-4-BAR-SWD-PCL-11-16,54,54,54,54,100,30,30,32,1,1,1,200,200
BONO,Sunyani Municipal,Motoase,WASHDAN COMPANY LTD,SHEP-4-BAR-SMA-WCL-05-19,168,4,4,4,200,0,0,0,2,0,0,200,0
BONO,Sunyani Municipal,Motoase Nkwanta,WASHDAN COMPANY LTD,SHEP-4-BAR-SMA-WCL-05-19,96,4,4,4,120,0,0,0,2,0,0,120,0
BONO,Sunyani Municipal,Nwawasua,POWERBOARD COMPANY LTD,SHEP-4-BAR-SWD-PCL-11-16,46,46,46,46,200,164,164,164,2,2,2,200,200
BONO,Sunyani Municipal,Odumase,WASHDAN COMPANY LTD,SHEP-4-BAR-SMA-WCL-05-19,46,46,46,46,550,150,150,150,2,2,2,200,200
BONO,Sunyani Municipal,Odumase Sansama Road,POWERBOARD COMPANY LTD,SHEP- 4-BR-SM-PCL-09-18,32,0,0,0,210,0,0,0,1,0,0,350,0
BONO,Sunyani Municipal,Odumase Tainso,WASHDAN COMPANY LTD,SHEP-4-BAR-SMA-WCL-05-19,360,54,54,54,440,138,138,138,2,2,2,440,440
BONO,Sunyani Municipal,Ohukrom,POWERBOARD COMPANY LTD,BAR-SHEP-SEDA-PCL-04-19,180,90,90,90,240,80,80,80,2,2,2,250,250
BONO,Sunyani Municipal,Old Abesim,WASHDAN COMPANY LTD,SHEP-4-BAR-SMA-WCL-05-19,106,106,106,106,1140,836,836,836,6,6,6,2911,2911
BONO,Sunyani Municipal,Osofokrom,MANPOWER TRANSPORT & ENGINEERING SERVICES LTD,BAR-SHEP-SEDA-MTESL-04-19,85,85,85,85,100,100,100,100,1,1,1,0,0
BONO,Sunyani Municipal,Poly Get Fund Area,POWERBOARD COMPANY LTD,SHEP- 4-BR-SM-PCL-09-18,46,0,0,0,200,0,0,0,1,0,0,200,0
BONO,Sunyani Municipal,"Roman School,Area",POWERBOARD COMPANY LTD,SHEP- 4-BR-SM-PCL-09-18,40,24,24,24,300,24,24,24,2,2,0,300,0
BONO,Sunyani Municipal,Sansama,POWERBOARD COMPANY LTD,SHEP- 4-BR-SM-PCL-09-18,144,10,0,0,100,0,0,0,1,0,0,200,0
BONO,Sunyani Municipal,Surprise Area,POWERBOARD COMPANY LTD,SHEP-4-BAR-SWD-PCL-11-16,20,10,0,0,200,0,0,0,2,0,0,220,0
BONO,Sunyani Municipal,Timber Nkwanta,WASHDAN COMPANY LTD,SHEP-4-BAR-SMA-WCL-05-19,140,56,56,56,240,60,60,60,2,2,2,240,60
BONO,Sunyani Municipal,University Area,POWERBOARD COMPANY LTD,SHEP-4-BAR-SWD-PCL-11-16,8,0,0,0,500,0,0,0,2,0,0,400,0
BONO,Sunyani Municipal,Yawhima Krom,POWERBOARD COMPANY LTD,BAR-SHEP-SEDA-PCL-04-19,20,20,20,20,600,60,60,60,2,2,2,480,480
BONO,Sunyani Municipal,Yawsae,GYABSHARAH COMPANY LTD,SP-BAR-TND-SMA-KSDA-11-08,115,52,52,52,42,42,42,42,1,1,1,54,54
BONO,Sunyani Municipal,Yedent Area,WASHDAN COMPANY LTD,SHEP-4-BAR-SMA-WCL-05-19,46,46,46,46,780,462,462,462,4,2,2,500,500
BONO,Sunyani Municpal,Abseim Bishop,ANS ELECTRICALS  LTD,SHEP-4-BAR-PD-SMA-AEL-12-15,1,1,1,1,89,89,89,89,1,1,1,230,230
BONO,Sunyani Municpal,Domasua mim,ANS ELECTRICALS  LTD,SHEP-4-BAR-PD-SMA-AEL-12-15,27,25,0,0,50,50,0,0,1,0,0,70,0
BONO,Sunyani Municpal,Jato Nkwanta,ANS ELECTRICALS  LTD,SHEP-4-BAR-PD-SMA-AEL-12-15,2,2,0,0,30,30,0,0,1,0,0,70,0
BONO,Sunyani Municpal,Kuffour Camp,ANS ELECTRICALS  LTD,SHEP-4-BAR-PD-SMA-AEL-12-15,1,1,1,1,30,30,30,30,1,1,1,90,90
BONO,Sunyani Municpal,Kyerebogya,ANS ELECTRICALS  LTD,SHEP-4-BAR-PD-SMA-AEL-12-15,37,37,0,0,30,30,0,0,1,0,0,80,0
BONO,Sunyani Municpal,Nkrankrom No. 1,ANS ELECTRICALS  LTD,SHEP-4-BAR-PD-SMA-AEL-12-15,39,39,39,39,42,42,42,42,1,1,1,25,25
BONO,Sunyani Municpal,Nkrankrom No. 2,ANS ELECTRICALS  LTD,SHEP-4-BAR-PD-SMA-AEL-12-15,39,39,39,39,42,42,42,42,1,1,1,25,25
BONO,Sunyani Municpal,Nkrankrom No. 3 & No. 4,ANS ELECTRICALS  LTD,SHEP-4-BAR-PD-SMA-AEL-12-15,6,6,6,6,38,38,38,38,2,2,2,50,50
BONO,Sunyani Municpal,Wawasua,ANS ELECTRICALS  LTD,SHEP-4-BAR-PD-SMA-AEL-12-15,91,91,91,91,105,105,105,105,1,1,1,120,120
BONO,Sunyani West,(Sunyani West) AdamsTown,APAM.A ENG COMPANY LTD,SHEP-4-AR-AAND-AAECL-12-20,2,2,2,2,140,0,0,0,1,1,1,240,15
BONO,Sunyani West,Agya ObengKrom,APAM.A ENG COMPANY LTD,SHEP-4-AR-AAND-AAECL-12-20,18,7,7,7,130,20,20,20,1,0,0,250,0
BONO,Sunyani West,Brother Yeboah,APAM.A ENG COMPANY LTD,SHEP-4-AR-AAND-AAECL-12-20,22,15,15,15,140,0,0,0,1,0,0,300,0
BONO,Sunyani West,Chiraa Israel (Atta krom),APAM.A ENG COMPANY LTD,SHEP-4-AR-AAND-AAECL-12-20,30,30,30,30,160,60,60,60,1,1,1,250,0
BONO,Sunyani West,Chiraa Oti Yeboah shallmail,APAM.A ENG COMPANY LTD,SHEP-4-AR-AAND-AAECL-12-20,34,34,34,34,150,150,150,150,2,2,2,200,0
BONO,Sunyani West,Chiriaa Oti Yeboah Shallmail opposite(Basolona),APAM.A ENG COMPANY LTD,SHEP-4-AR-AAND-AAECL-12-20,8,8,8,8,130,130,130,130,1,1,0,220,0
BONO,TAIN,(Nsawkaw) Pokukrom,IBBECOW Co. Ltd,SHEP-4-TD-ICL-11/14-01,2,2,2,2,60,60,60,60,1,1,1,300,40
BONO,TAIN,Amangoase,IBBECOW Co. Ltd,SHEP-4-TD-ICL-11/14-01,2,2,2,2,49,40,40,40,1,1,1,200,35
BONO,TAIN,Badu,IBBECOW Co. Ltd,SHEP-4-TD-ICL-11/14-01,91,40,40,40,460,350,250,250,3,1,1,300,700
BONO,TAIN,Bepoayease,IBBECOW Co. Ltd,SHEP-4-TD-ICL-11/14-01,2,2,2,2,200,100,100,100,2,1,1,400,0
BONO,TAIN,Brodi,IBBECOW Co. Ltd,SHEP-4-TD-ICL-11/14-01,22,22,22,22,150,120,120,120,2,1,1,100,150
BONO,TAIN,Brohani/Hani,IBBECOW Co. Ltd,SHEP-4-TD-ICL-11/14-01,55,25,25,25,200,150,150,150,2,1,1,400,0
BONO,TAIN,Debibi,IBBECOW Co. Ltd,SHEP-4-TD-ICL-11/14-01,26,26,26,26,150,180,180,180,1,1,1,500,60
BONO,TAIN,Donkorkrom(Kwasi Donkor),IBBECOW Co. Ltd,SHEP-4-TD-ICL-11/14-01,91,27,27,27,450,34,34,34,3,1,1,100,36
BONO,TAIN,Fula,IBBECOW Co. Ltd,SHEP-4-TD-ICL-11/14-01,117,40,40,40,200,55,55,55,1,1,1,200,55
BONO,TAIN,Kumor,IBBECOW Co. Ltd,SHEP-4-TD-ICL-11/14-01,195,55,55,55,150,49,49,49,2,1,1,200,64
BONO,TAIN,Menji,IBBECOW Co. Ltd,SHEP-4-TD-ICL-11/14-01,13,13,13,13,100,74,74,74,1,1,1,250,64
BONO,TAIN,Nsawkwa,IBBECOW Co. Ltd,SHEP-4-TD-ICL-11/14-01,44,20,20,20,300,300,300,300,2,2,2,400,200
BONO,TAIN,Seikwa,IBBECOW Co. Ltd,SHEP-4-TD-ICL-11/14-01,53,10,10,10,200,22,22,22,2,1,1,150,0
BONO,TAIN,Tainso/Seikwa,IBBECOW Co. Ltd,SHEP-4-TD-ICL-11/14-01,52,52,52,52,350,60,60,60,3,1,1,200,60
BONO,TAIN,Yabraso,IBBECOW Co. Ltd,SHEP-4-TD-ICL-11/14-01,13,13,13,13,100,120,120,120,1,1,1,350,150
BONO,WENCHI MUNICIPAL,Abrefafrom,KWANASH ENT. Ltd,SHEP-BR-WM-KM-TEMP-3,2,2,2,2,166,166,166,166,1,1,1,50,50
BONO,WENCHI MUNICIPAL,Agobie,KWANASH ENT. Ltd,SHEP-BR-WM-KM-TEMP-3,2,2,2,2,54,54,54,54,1,1,1,41,41
BONO,WENCHI MUNICIPAL,Banekrom,TANJA ENGINEERING LTD,SHEP-BR-WM-TEL-11-19,15,0,0,0,39,0,0,0,1,0,0,90,0
BONO,WENCHI MUNICIPAL,Bediatuokrom,TANJA ENGINEERING LTD,SHEP-BR-WM-TEL-11-19,28,0,0,0,64,0,0,0,1,0,0,210,0
BONO,WENCHI MUNICIPAL,Beposo Tanso,TANJA ENGINEERING LTD,SHEP-BR-WM-TEL-11-19,49,0,0,0,68,0,0,0,1,0,0,70,0
BONO,WENCHI MUNICIPAL,Boassu Nkwanta,TANJA ENGINEERING LTD,SHEP-BR-WM-TEL-11-19,29,0,0,0,132,0,0,0,1,0,0,200,0
BONO,WENCHI MUNICIPAL,Buasu,TANJA ENGINEERING LTD,SHEP-BR-WM-TEL-11-19,8,0,0,0,65,0,0,0,1,0,0,130,0
BONO,WENCHI MUNICIPAL,Mayenda,TANJA ENGINEERING LTD,SHEP-BR-WM-TEL-11-19,19,19,0,0,97,0,0,0,1,0,0,140,0
BONO,WENCHI MUNICIPAL,Siikro,TANJA ENGINEERING LTD,SHEP-BR-WM-TEL-11-19,6,0,0,0,24,0,0,0,1,0,0,60,0
BONO,WENCHI MUNICIPAL,Yabrasu,TANJA ENGINEERING LTD,SHEP-BR-WM-TEL-11-19,45,0,0,0,78,0,0,0,1,0,0,150,0
BONO,WENCHI MUNICIPAL,Yawkrom,TANJA ENGINEERING LTD,SHEP-BR-WM-TEL-11-19,24,24,0,0,68,0,0,0,1,0,0,100,0
BONO,Wenchi Municipal,(Asuoano) Beposo,A.A WARNCHAN COMPANY LTD,SHEP-4-BR-WM-AAWCL-11-20-P2,2,0,0,0,50,60,0,0,1,0,0,90,0
BONO,Wenchi Municipal,(Bouko) Mensah -Krom,APAM.A ENG COMPANY LTD,SHEP-4-AR-AAND-AAECL-12-20,30,9,9,9,160,20,20,20,1,1,0,250,0
BONO,Wenchi Municipal,Adonten,BADJER ENG COM. LTD,SHEP -4-BR-WM-BECL-4-19,42,0,0,0,120,0,0,0,2,0,0,150,0
BONO,Wenchi Municipal,Aiembra,APAM.A ENG COMPANY LTD,SHEP-4-BR-WM-AAECL-16-20,46,0,0,0,150,0,0,0,2,0,0,150,0
BONO,Wenchi Municipal,Akete,A.A WARNCHAN COMPANY LTD,SHEP-4-BR-WM-AAWCL-11-20-P2,2,0,0,0,89,57,20,20,1,0,0,87,0
BONO,Wenchi Municipal,Akonkomba Akuraa,BADJER ENG COM. LTD,SHEP -4-BR-WM-BECL-4-19,30,0,0,0,100,0,0,0,2,0,0,250,0
BONO,Wenchi Municipal,Akonkontiwa Exttension,BADJER ENG COM. LTD,SHEP -4-BR-WM-BECL-4-19,54,0,0,0,180,0,0,0,2,0,0,150,0
BONO,Wenchi Municipal,Akrobi,A.A WARNCHAN COMPANY LTD,SHEP-4-BR-WM-AAWCL-11-20-P2,15,0,0,0,190,120,120,55,1,0,0,370,0
BONO,Wenchi Municipal,Alfaluq College,A.A WARNCHAN COMPANY LTD,SHEP-4-BR-WM-AAWCL-11-20-P2,6,0,0,0,102,30,0,0,1,0,0,90,0
BONO,Wenchi Municipal,Anigyiekrom,APAM.A ENG COMPANY LTD,SHEP-4-BR-WM-AAECL-16-20,43,0,0,0,145,0,0,0,2,0,0,210,0
BONO,Wenchi Municipal,Asampu,APAM.A ENG COMPANY LTD,SHEP-4-BR-WM-AAECL-16-20,50,0,0,0,125,0,0,0,2,0,0,100,0
BONO,Wenchi Municipal,Athiyemen,APAM.A ENG COMPANY LTD,SHEP-4-AR-AAND-AAECL-12-20,5,5,5,5,120,17,17,17,1,1,0,220,0
BONO,Wenchi Municipal,Boadan,A.A WARNCHAN COMPANY LTD,SHEP-4-BR-WM-AAWCL-11-20-P2,18,0,0,0,290,118,58,58,1,0,0,450,0
BONO,Wenchi Municipal,Bouko,APAM.A ENG COMPANY LTD,SHEP-4-AR-AAND-AAECL-12-20,4,4,4,4,150,50,50,50,1,1,0,200,0
BONO,Wenchi Municipal,Bronoso,APAM.A ENG COMPANY LTD,SHEP-4-AR-AAND-AAECL-12-20,1,1,1,1,140,140,140,140,1,1,0,240,0
BONO,Wenchi Municipal,Domeabra,BADJER ENG COM. LTD,SHEP -4-BR-WM-BECL-4-19,42,0,0,0,150,0,0,0,1,0,0,150,0
BONO,Wenchi Municipal,Droboso,A.A WARNCHAN COMPANY LTD,SHEP-4-BR-WM-AAWCL-11-20-P2,12,0,0,0,95,70,70,47,1,0,0,140,0
BONO,Wenchi Municipal,Kaamu Gensoso,A.A WARNCHAN COMPANY LTD,SHEP-4-BR-WM-AAWCL-11-20-P2,15,0,0,0,170,88,40,40,1,0,0,182,0
BONO,Wenchi Municipal,Nsuta No 1(Beposo),APAM.A ENG COMPANY LTD,SHEP-4-AR-AAND-AAECL-12-20,2,2,2,2,140,140,140,140,1,1,0,300,0
BONO,Wenchi Municipal,Nsuta No 2,APAM.A ENG COMPANY LTD,SHEP-4-AR-AAND-AAECL-12-20,18,18,18,18,130,130,130,130,1,1,0,250,0
BONO,Wenchi Municipal,Nwoase,A.A WARNCHAN COMPANY LTD,SHEP-4-BR-WM-AAWCL-11-20-P2,2,0,0,0,75,15,6,6,1,0,0,90,0
BONO,Wenchi Municipal,Osaa krom,BADJER ENG COM. LTD,SHEP -4-BR-WM-BECL-4-19,32,0,0,0,140,0,0,0,2,0,0,200,0
BONO,Wenchi Municipal,Papa Somokrom,APAM.A ENG COMPANY LTD,SHEP-4-BR-WM-AAECL-16-20,55,0,0,0,250,0,0,0,2,0,0,260,0
BONO,Wenchi Municipal,Seidu Akuraa,BADJER ENG COM. LTD,SHEP -4-BR-WM-BECL-4-19,42,0,0,0,100,0,0,0,2,0,0,110,0
BONO,Wenchi Municipal,Tangua Krom,APAM.A ENG COMPANY LTD,SHEP-4-BR-WM-AAECL-16-20,38,0,0,0,90,0,0,0,2,0,0,100,0
BONO,Wenchi Municipal,Wawaase,APAM.A ENG COMPANY LTD,SHEP-4-BR-WM-AAECL-16-20,48,0,0,0,120,0,0,0,2,0,0,200,0
BONO,Wenchi Municipal,Wrompo Junction,A.A WARNCHAN COMPANY LTD,SHEP-4-BR-WM-AAWCL-11-20-P2,13,0,0,0,117,70,45,45,1,0,0,196,0
BONO,Wenchi Municipal & Nkoranza North,(Koase) Beposo,PABSEIMAH COMPANY LTD,SHEP-4-BAR-WM/NKNDA-PCL-03-19,4,4,4,4,90,50,30,30,1,1,0,180,0
BONO,Wenchi Municipal & Nkoranza North,Aponsakrom,PABSEIMAH COMPANY LTD,SHEP-4-BAR-WM/NKNDA-PCL-03-19,9,4,4,4,90,91,48,48,1,1,0,100,0
BONO,Wenchi Municipal & Nkoranza North,Awisa,PABSEIMAH COMPANY LTD,SHEP-4-BAR-WM/NKNDA-PCL-03-19,10,7,7,7,180,140,105,105,1,1,0,360,0
BONO,Wenchi Municipal & Nkoranza North,Ayigbe,PABSEIMAH COMPANY LTD,SHEP-4-BAR-WM/NKNDA-PCL-03-19,2,2,2,2,80,40,40,40,1,0,0,160,0
BONO,Wenchi Municipal & Nkoranza North,Branam,PABSEIMAH COMPANY LTD,SHEP-4-BAR-WM/NKNDA-PCL-03-19,2,2,2,2,95,70,70,70,1,1,0,190,0
BONO,Wenchi Municipal & Nkoranza North,Kosae,PABSEIMAH COMPANY LTD,SHEP-4-BAR-WM/NKNDA-PCL-03-19,6,6,6,6,110,87,87,87,1,1,0,220,0
BONO,Wenchi Municipal & Nkoranza North,Nchira,PABSEIMAH COMPANY LTD,SHEP-4-BAR-WM/NKNDA-PCL-03-19,22,2,2,2,150,100,57,57,2,2,0,300,0
BONO,Wenchi Municipal & Nkoranza North,Nkonsia,PABSEIMAH COMPANY LTD,SHEP-4-BAR-WM/NKNDA-PCL-03-19,14,8,8,8,230,230,230,148,1,1,0,460,0
BONO,Wenchi Municipal & Nkoranza North,Tromeso,PABSEIMAH COMPANY LTD,SHEP-4-BAR-WM/NKNDA-PCL-03-19,9,0,0,0,105,65,65,65,1,0,0,210,0
BONO EAST,ATEBUBU AMANTIN,Akoako,AMAKYE GLOBAL LINKS ENTERPRISE,SHEP-4-BER-AAD-AGLE-10-19,10,10,10,10,10,10,10,10,1,1,1,0,1
BONO EAST,ATEBUBU AMANTIN,Prang,AMAKYE GLOBAL LINKS ENTERPRISE,SHEP-4-BER-AAD-AGLE-10-19,10,10,10,10,10,10,10,10,1,1,1,0,1
BONO EAST,KINTAMPO SOUTH,Agyemakumu,PABSEIMAH COMPANY LTD,SHEP-4-BER-KSD-PCL-02-20,6,6,6,6,50,50,50,50,1,1,1,0,100
BONO EAST,KINTAMPO SOUTH,Apaaso,PABSEIMAH COMPANY LTD,SHEP-4-BER-KSD-PCL-02-20,4,4,4,4,85,85,85,85,1,1,1,0,160
BONO EAST,KINTAMPO SOUTH,Apesika No. 1,PABSEIMAH COMPANY LTD,SHEP-4-BER-KSD-PCL-02-20,5,5,5,5,50,50,50,50,1,1,1,0,100
BONO EAST,KINTAMPO SOUTH,Apesika No. 2,PABSEIMAH COMPANY LTD,SHEP-4-BER-KSD-PCL-02-20,10,10,10,10,60,60,60,60,0,0,0,0,120
BONO EAST,KINTAMPO SOUTH,Boabenfor,PABSEIMAH COMPANY LTD,SHEP-4-BER-KSD-PCL-02-20,2,2,2,2,40,40,40,40,1,1,1,0,80
BONO EAST,KINTAMPO SOUTH,Chaara,PABSEIMAH COMPANY LTD,SHEP-4-BER-KSD-PCL-02-20,6,6,6,6,60,60,60,60,1,1,1,0,120
BONO EAST,KINTAMPO SOUTH,Kokuma,PABSEIMAH COMPANY LTD,SHEP-4-BER-KSD-PCL-02-20,7,7,7,7,65,65,65,65,1,1,1,0,120
BONO EAST,KINTAMPO SOUTH,Krabonso No. 1,PABSEIMAH COMPANY LTD,SHEP-4-BER-KSD-PCL-02-20,4,4,4,4,82,82,82,82,1,1,1,0,160
BONO EAST,KINTAMPO SOUTH,Krabonso No. 2,PABSEIMAH COMPANY LTD,SHEP-4-BER-KSD-PCL-02-20,5,5,5,5,74,74,74,74,0,0,0,0,150
BONO EAST,KINTAMPO SOUTH,Magazine,PABSEIMAH COMPANY LTD,SHEP-4-BER-KSD-PCL-02-20,12,12,12,12,75,75,75,75,0,0,0,0,150
BONO EAST,KINTAMPO SOUTH,Mangoase,PABSEIMAH COMPANY LTD,SHEP-4-BER-KSD-PCL-02-20,8,8,8,8,50,50,50,50,0,0,0,0,100
BONO EAST,KINTAMPO SOUTH,Masia,PABSEIMAH COMPANY LTD,SHEP-4-BER-KSD-PCL-02-20,4,4,4,4,45,45,45,45,1,1,1,0,90
BONO EAST,KINTAMPO SOUTH,Nante,PABSEIMAH COMPANY LTD,SHEP-4-BER-KSD-PCL-02-20,36,36,36,36,190,190,190,190,1,1,1,0,250
BONO EAST,KINTAMPO SOUTH,Nante Zongo,PABSEIMAH COMPANY LTD,SHEP-4-BER-KSD-PCL-02-20,7,7,7,7,153,153,153,153,1,1,1,0,300
BONO EAST,KINTAMPO SOUTH,New Tafo,PABSEIMAH COMPANY LTD,SHEP-4-BER-KSD-PCL-02-20,11,11,11,11,195,195,195,195,1,1,1,0,250
BONO EAST,KINTAMPO SOUTH,Nkwanta,PABSEIMAH COMPANY LTD,SHEP-4-BER-KSD-PCL-02-20,2,2,2,2,55,55,55,55,0,0,0,0,100
BONO EAST,KINTAMPO SOUTH,Ntanko,PABSEIMAH COMPANY LTD,SHEP-4-BER-KSD-PCL-02-20,6,6,6,6,60,60,60,60,1,1,1,0,120
BONO EAST,KINTAMPO SOUTH,Pumpuatifi,PABSEIMAH COMPANY LTD,SHEP-4-BER-KSD-PCL-02-20,6,6,6,6,45,45,45,45,1,1,1,0,90
BONO EAST,KINTAMPO SOUTH,Sabule,PABSEIMAH COMPANY LTD,SHEP-4-BER-KSD-PCL-02-20,5,5,5,5,55,55,55,55,1,1,1,0,100
BONO EAST,KINTAMPO SOUTH,Suamire,PABSEIMAH COMPANY LTD,SHEP-4-BER-KSD-PCL-02-20,6,6,6,6,25,25,25,25,1,1,1,0,50
BONO EAST,KINTAMPO SOUTH,Tafo,PABSEIMAH COMPANY LTD,SHEP-4-BER-KSD-PCL-02-20,10,10,10,10,76,76,76,76,1,1,1,0,150
BONO EAST,KINTAMPO SOUTH,Tanfiano No.2,PABSEIMAH COMPANY LTD,SHEP-4-BER-KSD-PCL-02-20,6,6,6,6,45,45,45,45,0,0,0,0,100
BONO EAST,KINTAMPO SOUTH,Weilla,PABSEIMAH COMPANY LTD,SHEP-4-BER-KSD-PCL-02-20,4,4,4,4,60,60,60,60,0,0,0,0,120
BONO EAST,TECHIMAN NORTH,Abaasi,KAMNAA COMPANY LTD,SHEP-4-BAR-TN-KCL-06-19,4,4,4,4,160,160,160,160,1,1,1,0,190
BONO EAST,TECHIMAN NORTH,Abease Senior Sec. School Area,FLOW WORKS COMPANY LTD,SHEP-4-BAR-TN-FWCL-06-19,0,0,0,0,150,0,0,0,1,0,0,0,280
BONO EAST,TECHIMAN NORTH,Aboabu Bridge,CHECK POINT ENG LTD,SHEP-4-BAR-TN-CPEL-06-19,21,21,21,21,195,195,195,195,1,1,0,0,295
BONO EAST,TECHIMAN NORTH,Aboabu/ Bridgeso,KAMNAA COMPANY LTD,SHEP-4-BAR-TN-KCL-06-19,29,29,29,29,115,115,115,115,1,1,1,0,145
BONO EAST,TECHIMAN NORTH,Abrefi Dam,PABSEIMAH COMPANY LTD,SHEP-4-BAR-TN-PCL-06-19,6,6,6,6,123,123,123,123,1,1,1,0,195
BONO EAST,TECHIMAN NORTH,Abrefi North,PABSEIMAH COMPANY LTD,SHEP-4-BAR-TN-PCL-06-19,12,12,12,12,64,64,64,34,1,1,1,0,68
BONO EAST,TECHIMAN NORTH,Abrefi West,PABSEIMAH COMPANY LTD,SHEP-4-BAR-TN-PCL-06-19,4,4,4,4,141,141,141,141,1,1,1,0,295
BONO EAST,TECHIMAN NORTH,Abrensua,CHECK POINT ENG LTD,SHEP-4-BAR-TN-CPEL-06-19,8,8,8,8,115,115,115,115,1,1,0,0,115
BONO EAST,TECHIMAN NORTH,Abuoso,PABSEIMAH COMPANY LTD,SHEP-4-BAR-TN-PCL-06-19,21,21,21,21,115,40,0,0,2,2,2,0,970
BONO EAST,TECHIMAN NORTH,Agosa,AMAKYE GLOBAL LINKS ENTERPRISE,SHEP-4-BAR-TN-AGLE-06-19,0,0,0,0,52,52,52,52,0,0,0,0,25
BONO EAST,TECHIMAN NORTH,Agyeduase,PABSEIMAH COMPANY LTD,SHEP-4-BAR-TN-PCL-06-19,2,2,2,2,160,160,160,160,1,1,1,0,195
BONO EAST,TECHIMAN NORTH,Ahenfi,PABSEIMAH COMPANY LTD,SHEP-4-BAR-TN-PCL-06-19,4,4,4,4,85,85,85,85,1,1,1,0,98
BONO EAST,TECHIMAN NORTH,Ahenfie Avenue,CHECK POINT ENG LTD,SHEP-4-BAR-TN-CPEL-06-19,7,8,8,8,85,85,85,85,1,1,0,0,95
BONO EAST,TECHIMAN NORTH,Ahenkro East,KAMNAA COMPANY LTD,SHEP-4-BAR-TN-KCL-06-19,11,11,11,11,115,115,115,115,1,1,1,0,145
BONO EAST,TECHIMAN NORTH,Ahenkro West,KAMNAA COMPANY LTD,SHEP-4-BAR-TN-KCL-06-19,7,7,7,7,80,80,80,80,1,1,1,0,95
BONO EAST,TECHIMAN NORTH,Airport Area,CHECK POINT ENG LTD,SHEP-4-BAR-TN-CPEL-06-19,7,7,7,7,165,165,165,165,1,1,0,0,197
BONO EAST,TECHIMAN NORTH,Akisimasu,PABSEIMAH COMPANY LTD,SHEP-4-BAR-TN-PCL-06-19,16,16,16,16,120,0,0,0,1,1,0,0,240
BONO EAST,TECHIMAN NORTH,Akonkonti,KAMNAA COMPANY LTD,SHEP-4-BAR-TN-KCL-06-19,49,34,34,34,90,18,18,18,1,1,1,0,148
BONO EAST,TECHIMAN NORTH,Akumfi Amewyaw Area,KAMNAA COMPANY LTD,SHEP-4-BAR-TN-KCL-06-19,11,0,0,0,200,15,15,15,1,1,1,0,97
BONO EAST,TECHIMAN NORTH,Amangoase,KAMNAA COMPANY LTD,SHEP-4-BAR-TN-KCL-06-19,18,18,18,18,260,260,260,260,1,1,1,0,395
BONO EAST,TECHIMAN NORTH,Anikokome/ Konimase,PABSEIMAH COMPANY LTD,SHEP-4-BAR-TN-PCL-06-19,7,7,7,7,89,89,89,89,1,1,1,0,148
BONO EAST,TECHIMAN NORTH,Anyimana,AMAKYE GLOBAL LINKS ENTERPRISE,SHEP-4-BAR-TN-AGLE-06-19,15,15,15,15,65,65,65,65,1,1,1,0,63
BONO EAST,TECHIMAN NORTH,Anyinabirem,PABSEIMAH COMPANY LTD,SHEP-4-BAR-TN-PCL-06-19,1,1,1,1,83,80,35,35,1,1,1,0,197
BONO EAST,TECHIMAN NORTH,Anyinabrem,AMAKYE GLOBAL LINKS ENTERPRISE,SHEP-4-BAR-TN-AGLE-06-19,0,0,0,0,25,25,25,25,0,0,0,0,25
BONO EAST,TECHIMAN NORTH,Asasesu,CHECK POINT ENG LTD,SHEP-4-BAR-TN-CPEL-06-19,7,7,7,7,120,120,120,120,1,1,0,0,145
BONO EAST,TECHIMAN NORTH,Asiko Town,PABSEIMAH COMPANY LTD,SHEP-4-BAR-TN-PCL-06-19,10,10,10,10,150,150,150,150,1,1,1,0,144
BONO EAST,TECHIMAN NORTH,Asuye New Town,PABSEIMAH COMPANY LTD,SHEP-4-BAR-TN-PCL-06-19,0,0,0,0,52,0,0,0,0,0,0,0,49
BONO EAST,TECHIMAN NORTH,Asuye Old Town,PABSEIMAH COMPANY LTD,SHEP-4-BAR-TN-PCL-06-19,8,8,8,8,81,81,81,81,1,1,1,0,120
BONO EAST,TECHIMAN NORTH,Aworoano East,AMAKYE GLOBAL LINKS ENTERPRISE,SHEP-4-BAR-TN-AGLE-06-19,7,6,6,6,70,70,70,70,1,1,1,0,115
BONO EAST,TECHIMAN NORTH,Aworoano West,AMAKYE GLOBAL LINKS ENTERPRISE,SHEP-4-BAR-TN-AGLE-06-19,8,7,7,7,90,90,90,90,1,1,1,0,120
BONO EAST,TECHIMAN NORTH,Bamari Police Station,PABSEIMAH COMPANY LTD,SHEP-4-BAR-TN-PCL-06-19,14,8,8,8,195,195,120,120,1,0,0,0,390
BONO EAST,TECHIMAN NORTH,Barima,AMAKYE GLOBAL LINKS ENTERPRISE,SHEP-4-BAR-TN-AGLE-06-19,12,12,12,12,120,120,120,120,2,2,2,0,156
BONO EAST,TECHIMAN NORTH,Beposo,FLOW WORKS COMPANY LTD,SHEP-4-BAR-TN-FWCL-06-19,28,28,28,28,180,0,0,0,2,1,0,0,350
BONO EAST,TECHIMAN NORTH,Blue Cross,AMAKYE GLOBAL LINKS ENTERPRISE,SHEP-4-BAR-TN-AGLE-06-19,0,0,0,0,20,20,20,20,0,0,0,0,20
BONO EAST,TECHIMAN NORTH,Bomboben,FLOW WORKS COMPANY LTD,SHEP-4-BAR-TN-FWCL-06-19,20,0,0,0,110,0,0,0,1,0,0,0,170
BONO EAST,TECHIMAN NORTH,Bonkwae,AMAKYE GLOBAL LINKS ENTERPRISE,SHEP-4-BAR-TN-AGLE-06-19,0,0,0,0,25,25,25,25,0,0,0,0,148
BONO EAST,TECHIMAN NORTH,Bosomkrom,CHECK POINT ENG LTD,SHEP-4-BAR-TN-CPEL-06-19,11,11,11,11,85,85,85,85,1,1,0,0,78
BONO EAST,TECHIMAN NORTH,Bowohomoden,AMAKYE GLOBAL LINKS ENTERPRISE,SHEP-4-BAR-TN-AGLE-06-19,0,0,0,0,20,20,20,20,0,0,0,0,58
BONO EAST,TECHIMAN NORTH,Brahabebome,FLOW WORKS COMPANY LTD,SHEP-4-BAR-TN-FWCL-06-19,108,0,0,0,90,0,0,0,1,0,0,0,150
BONO EAST,TECHIMAN NORTH,Budan,FLOW WORKS COMPANY LTD,SHEP-4-BAR-TN-FWCL-06-19,120,0,0,0,130,0,0,0,1,0,0,0,170
BONO EAST,TECHIMAN NORTH,Camp,KAMNAA COMPANY LTD,SHEP-4-BAR-TN-KCL-06-19,7,7,7,7,80,80,80,80,1,1,1,0,77
BONO EAST,TECHIMAN NORTH,Chinchin,FLOW WORKS COMPANY LTD,SHEP-4-BAR-TN-FWCL-06-19,42,42,42,42,120,120,120,120,1,1,0,0,250
BONO EAST,TECHIMAN NORTH,Congo,FLOW WORKS COMPANY LTD,SHEP-4-BAR-TN-FWCL-06-19,40,0,0,0,85,0,0,0,1,0,0,0,150
BONO EAST,TECHIMAN NORTH,DANS ENG LTDe Ankaase,FLOW WORKS COMPANY LTD,SHEP-4-BAR-TN-FWCL-06-19,11,11,11,11,120,120,120,120,1,1,1,0,145
BONO EAST,TECHIMAN NORTH,Daman Nkwanta Ext.,FLOW WORKS COMPANY LTD,SHEP-4-BAR-TN-FWCL-06-19,28,28,28,28,140,0,0,0,1,1,0,0,280
BONO EAST,TECHIMAN NORTH,Dampaso East,CHECK POINT ENG LTD,SHEP-4-BAR-TN-CPEL-06-19,6,6,6,6,95,95,95,95,1,1,0,0,145
BONO EAST,TECHIMAN NORTH,Dampaso West,FLOW WORKS COMPANY LTD,SHEP-4-BAR-TN-FWCL-06-19,11,11,11,11,98,98,98,98,1,1,1,0,98
BONO EAST,TECHIMAN NORTH,Diasapa,FLOW WORKS COMPANY LTD,SHEP-4-BAR-TN-FWCL-06-19,11,11,11,11,125,125,125,125,1,1,1,0,145
BONO EAST,TECHIMAN NORTH,Domeabra,FLOW WORKS COMPANY LTD,SHEP-4-BAR-TN-FWCL-06-19,14,14,14,14,125,125,125,125,1,0,0,0,145
BONO EAST,TECHIMAN NORTH,Dompoase,FLOW WORKS COMPANY LTD,SHEP-4-BAR-TN-FWCL-06-19,7,7,7,7,93,93,93,93,1,1,1,0,95
BONO EAST,TECHIMAN NORTH,Faman,AMAKYE GLOBAL LINKS ENTERPRISE,SHEP-4-BAR-TN-AGLE-06-19,0,0,0,0,25,25,25,25,0,0,0,0,137
BONO EAST,TECHIMAN NORTH,Fosu Gyabour Estate,PABSEIMAH COMPANY LTD,SHEP-4-BAR-TN-PCL-06-19,11,11,11,11,170,80,0,0,1,1,0,0,340
BONO EAST,TECHIMAN NORTH,Fosukrom,FLOW WORKS COMPANY LTD,SHEP-4-BAR-TN-FWCL-06-19,14,14,14,14,135,135,135,135,1,1,1,0,95
BONO EAST,TECHIMAN NORTH,Ghana Nut Area,CHECK POINT ENG LTD,SHEP-4-BAR-TN-CPEL-06-19,4,4,4,4,70,70,70,70,1,1,0,0,57
BONO EAST,TECHIMAN NORTH,Gos's Word Area,FLOW WORKS COMPANY LTD,SHEP-4-BAR-TN-FWCL-06-19,0,0,0,0,40,40,40,40,1,1,1,0,54
BONO EAST,TECHIMAN NORTH,Gyebiri,PABSEIMAH COMPANY LTD,SHEP-4-BAR-TN-PCL-06-19,13,13,13,13,90,90,90,90,2,2,2,0,147
BONO EAST,TECHIMAN NORTH,HANS ENG LTDua Newtown,CHECK POINT ENG LTD,SHEP-4-BAR-TN-CPEL-06-19,7,7,7,7,75,75,75,75,1,1,0,0,90
BONO EAST,TECHIMAN NORTH,Habitat,PABSEIMAH COMPANY LTD,SHEP-4-BAR-TN-PCL-06-19,14,14,14,14,147,18,0,0,1,1,1,0,104
BONO EAST,TECHIMAN NORTH,High and M,FLOW WORKS COMPANY LTD,SHEP-4-BAR-TN-FWCL-06-19,7,7,7,7,25,25,25,25,1,1,1,0,39
BONO EAST,TECHIMAN NORTH,Issakrom,PABSEIMAH COMPANY LTD,SHEP-4-BAR-TN-PCL-06-19,26,26,26,26,100,55,55,55,1,1,0,0,200
BONO EAST,TECHIMAN NORTH,James Town,AMAKYE GLOBAL LINKS ENTERPRISE,SHEP-4-BAR-TN-AGLE-06-19,0,0,0,0,25,25,25,25,0,0,0,0,0
BONO EAST,TECHIMAN NORTH,Jerusalem,CHECK POINT ENG LTD,SHEP-4-BAR-TN-CPEL-06-19,8,7,7,7,90,90,90,90,1,1,0,0,96
BONO EAST,TECHIMAN NORTH,Kachawura,FLOW WORKS COMPANY LTD,SHEP-4-BAR-TN-FWCL-06-19,41,41,41,41,350,240,240,240,1,1,1,0,600
BONO EAST,TECHIMAN NORTH,Kenten,AMAKYE GLOBAL LINKS ENTERPRISE,SHEP-4-BAR-TN-AGLE-06-19,0,0,0,0,25,25,25,25,0,0,0,0,215
BONO EAST,TECHIMAN NORTH,Kobre Battor No.1,FLOW WORKS COMPANY LTD,SHEP-4-BAR-TN-FWCL-06-19,51,51,51,51,40,40,40,40,1,1,1,0,100
BONO EAST,TECHIMAN NORTH,Kobre Battor No.2,FLOW WORKS COMPANY LTD,SHEP-4-BAR-TN-FWCL-06-19,81,81,81,81,100,80,80,80,1,1,1,0,205
BONO EAST,TECHIMAN NORTH,Kofoso Bianyewo,AMAKYE GLOBAL LINKS ENTERPRISE,SHEP-4-BAR-TN-AGLE-06-19,0,0,0,0,20,20,20,20,0,0,0,0,25
BONO EAST,TECHIMAN NORTH,Kojo Boffour,FLOW WORKS COMPANY LTD,SHEP-4-BAR-TN-FWCL-06-19,20,20,20,20,270,110,110,110,2,2,2,0,350
BONO EAST,TECHIMAN NORTH,Konumasi,PABSEIMAH COMPANY LTD,SHEP-4-BAR-TN-PCL-06-19,20,20,20,20,45,45,45,45,1,1,1,0,97
BONO EAST,TECHIMAN NORTH,Kuntunsu,AMAKYE GLOBAL LINKS ENTERPRISE,SHEP-4-BAR-TN-AGLE-06-19,0,0,0,0,45,45,45,45,0,0,0,0,69
BONO EAST,TECHIMAN NORTH,Kwabekwa Akura,FLOW WORKS COMPANY LTD,SHEP-4-BAR-TN-FWCL-06-19,28,28,28,28,150,100,100,100,1,1,0,0,150
BONO EAST,TECHIMAN NORTH,Kwayese Round Abt,FLOW WORKS COMPANY LTD,SHEP-4-BAR-TN-FWCL-06-19,34,34,34,34,130,100,100,100,1,1,1,0,200
BONO EAST,TECHIMAN NORTH,Maapehia,AMAKYE GLOBAL LINKS ENTERPRISE,SHEP-4-BAR-TN-AGLE-06-19,0,0,0,0,17,17,17,17,0,0,0,0,20
BONO EAST,TECHIMAN NORTH,Magazine South,FLOW WORKS COMPANY LTD,SHEP-4-BAR-TN-FWCL-06-19,7,7,7,7,80,80,80,80,1,1,1,0,78
BONO EAST,TECHIMAN NORTH,Magazine West,FLOW WORKS COMPANY LTD,SHEP-4-BAR-TN-FWCL-06-19,7,7,7,7,87,87,87,87,1,1,1,0,145
BONO EAST,TECHIMAN NORTH,Mampong,AMAKYE GLOBAL LINKS ENTERPRISE,SHEP-4-BAR-TN-AGLE-06-19,0,0,0,0,20,20,20,20,0,0,0,0,20
BONO EAST,TECHIMAN NORTH,Mangoase,AMAKYE GLOBAL LINKS ENTERPRISE,SHEP-4-BAR-TN-AGLE-06-19,4,3,3,3,95,95,95,95,1,1,0,0,63
BONO EAST,TECHIMAN NORTH,Maranatha,FLOW WORKS COMPANY LTD,SHEP-4-BAR-TN-FWCL-06-19,6,6,6,6,89,89,89,89,1,1,1,0,78
BONO EAST,TECHIMAN NORTH,Mateso,AMAKYE GLOBAL LINKS ENTERPRISE,SHEP-4-BAR-TN-AGLE-06-19,8,7,7,7,90,90,90,90,1,1,1,0,25
BONO EAST,TECHIMAN NORTH,Meseko Eternal,FLOW WORKS COMPANY LTD,SHEP-4-BAR-TN-FWCL-06-19,42,42,42,42,210,0,0,0,2,1,0,0,420
BONO EAST,TECHIMAN NORTH,Missions,FLOW WORKS COMPANY LTD,SHEP-4-BAR-TN-FWCL-06-19,11,11,11,11,120,120,120,120,1,1,1,0,190
BONO EAST,TECHIMAN NORTH,Nakpie,FLOW WORKS COMPANY LTD,SHEP-4-BAR-TN-FWCL-06-19,41,41,41,41,80,50,50,50,1,1,1,0,125
BONO EAST,TECHIMAN NORTH,Nakpie Nsuonu,FLOW WORKS COMPANY LTD,SHEP-4-BAR-TN-FWCL-06-19,81,81,81,81,60,30,30,30,1,1,1,0,60
BONO EAST,TECHIMAN NORTH,Nchamba,FLOW WORKS COMPANY LTD,SHEP-4-BAR-TN-FWCL-06-19,216,216,216,216,150,110,110,110,2,1,1,0,250
BONO EAST,TECHIMAN NORTH,New Bonwire,AMAKYE GLOBAL LINKS ENTERPRISE,SHEP-4-BAR-TN-AGLE-06-19,0,0,0,0,45,45,45,45,0,0,0,0,15
BONO EAST,TECHIMAN NORTH,New Kromo,AMAKYE GLOBAL LINKS ENTERPRISE,SHEP-4-BAR-TN-AGLE-06-19,7,7,7,7,90,90,90,90,1,1,1,0,24
BONO EAST,TECHIMAN NORTH,New Onyinase,AMAKYE GLOBAL LINKS ENTERPRISE,SHEP-4-BAR-TN-AGLE-06-19,0,0,0,0,20,20,20,20,0,0,0,0,0
BONO EAST,TECHIMAN NORTH,New Site,KAMNAA COMPANY LTD,SHEP-4-BAR-TN-KCL-06-19,2,2,2,2,25,25,25,25,1,1,1,0,77
BONO EAST,TECHIMAN NORTH,New Techiman,AMAKYE GLOBAL LINKS ENTERPRISE,SHEP-4-BAR-TN-AGLE-06-19,0,0,0,0,50,50,50,50,0,0,0,0,98
BONO EAST,TECHIMAN NORTH,New Town,KAMNAA COMPANY LTD,SHEP-4-BAR-TN-KCL-06-19,7,0,0,0,225,15,15,15,1,1,1,0,245
BONO EAST,TECHIMAN NORTH,Nja Meakyi,FLOW WORKS COMPANY LTD,SHEP-4-BAR-TN-FWCL-06-19,84,84,84,84,150,0,0,0,1,1,0,0,140
BONO EAST,TECHIMAN NORTH,Nkramom,PABSEIMAH COMPANY LTD,SHEP-4-BAR-TN-PCL-06-19,2,1,1,1,83,50,33,33,1,1,1,0,89
BONO EAST,TECHIMAN NORTH,Nkrankrom,AMAKYE GLOBAL LINKS ENTERPRISE,SHEP-4-BAR-TN-AGLE-06-19,0,0,0,0,60,60,60,60,0,0,0,0,125
BONO EAST,TECHIMAN NORTH,Nkwaeso,CHECK POINT ENG LTD,SHEP-4-BAR-TN-CPEL-06-19,3,3,3,3,120,120,120,120,1,1,0,0,137
BONO EAST,TECHIMAN NORTH,Nsuta Ahenfie,AMAKYE GLOBAL LINKS ENTERPRISE,SHEP-4-BAR-TN-AGLE-06-19,0,0,0,0,60,60,60,60,0,0,0,0,20
BONO EAST,TECHIMAN NORTH,Nsuta Nseseresu,AMAKYE GLOBAL LINKS ENTERPRISE,SHEP-4-BAR-TN-AGLE-06-19,0,0,0,0,60,60,60,60,0,0,0,0,155
BONO EAST,TECHIMAN NORTH,Ntoase,FLOW WORKS COMPANY LTD,SHEP-4-BAR-TN-FWCL-06-19,7,7,7,7,135,135,135,135,1,1,1,0,190
BONO EAST,TECHIMAN NORTH,Ojugukrom/ Ahenbronumu,KAMNAA COMPANY LTD,SHEP-4-BAR-TN-KCL-06-19,18,18,18,18,80,80,80,80,1,1,1,0,145
BONO EAST,TECHIMAN NORTH,Parambo NsuANS ENG LTDo,FLOW WORKS COMPANY LTD,SHEP-4-BAR-TN-FWCL-06-19,43,43,43,43,80,40,40,40,2,2,2,0,400
BONO EAST,TECHIMAN NORTH,Parambo Sawba,FLOW WORKS COMPANY LTD,SHEP-4-BAR-TN-FWCL-06-19,81,81,81,81,700,550,550,550,3,3,3,0,700
BONO EAST,TECHIMAN NORTH,Pentecost Area,FLOW WORKS COMPANY LTD,SHEP-4-BAR-TN-FWCL-06-19,7,7,7,7,195,195,195,195,1,1,1,0,298
BONO EAST,TECHIMAN NORTH,Prang Chakwasi,FLOW WORKS COMPANY LTD,SHEP-4-BAR-TN-FWCL-06-19,21,21,21,21,220,0,0,0,3,1,0,0,150
BONO EAST,TECHIMAN NORTH,Prof Asabre Site,CHECK POINT ENG LTD,SHEP-4-BAR-TN-CPEL-06-19,11,7,7,7,75,75,75,75,1,1,0,0,88
BONO EAST,TECHIMAN NORTH,Prong North,FLOW WORKS COMPANY LTD,SHEP-4-BAR-TN-FWCL-06-19,21,21,21,21,180,0,0,0,1,1,0,0,300
BONO EAST,TECHIMAN NORTH,SANSAAMA,AMAKYE GLOBAL LINKS ENTERPRISE,SHEP-4-BAR-TN-AGLE-06-19,9,9,9,9,65,65,65,65,1,1,1,0,185
BONO EAST,TECHIMAN NORTH,Sebene,PABSEIMAH COMPANY LTD,SHEP-4-BAR-TN-PCL-06-19,12,12,12,12,150,150,150,150,1,1,1,0,480
BONO EAST,TECHIMAN NORTH,Srapokrom,AMAKYE GLOBAL LINKS ENTERPRISE,SHEP-4-BAR-TN-AGLE-06-19,0,0,0,0,70,70,70,70,0,0,0,0,68
BONO EAST,TECHIMAN NORTH,St. Mathias Hospital/ Labun Quarters,FLOW WORKS COMPANY LTD,SHEP-4-BAR-TN-FWCL-06-19,42,42,42,42,200,60,60,60,2,1,1,0,380
BONO EAST,TECHIMAN NORTH,Subiam,KAMNAA COMPANY LTD,SHEP-4-BAR-TN-KCL-06-19,14,14,14,14,270,270,270,270,1,1,1,0,240
BONO EAST,TECHIMAN NORTH,Tadeaso,AMAKYE GLOBAL LINKS ENTERPRISE,SHEP-4-BAR-TN-AGLE-06-19,0,0,0,0,25,25,25,25,0,0,0,0,116
BONO EAST,TECHIMAN NORTH,Takofiano,AMAKYE GLOBAL LINKS ENTERPRISE,SHEP-4-BAR-TN-AGLE-06-19,0,0,0,0,25,25,25,25,0,0,0,0,20
BONO EAST,TECHIMAN NORTH,Taku,AMAKYE GLOBAL LINKS ENTERPRISE,SHEP-4-BAR-TN-AGLE-06-19,14,14,14,14,170,170,170,170,2,2,2,0,185
BONO EAST,TECHIMAN NORTH,Tano Boase,CHECK POINT ENG LTD,SHEP-4-BAR-TN-CPEL-06-19,7,11,11,11,95,95,95,95,1,1,0,0,148
BONO EAST,TECHIMAN NORTH,Tanokrom,PABSEIMAH COMPANY LTD,SHEP-4-BAR-TN-PCL-06-19,40,12,12,12,265,225,140,140,2,2,1,0,406
BONO EAST,TECHIMAN NORTH,Tanoso Addaekrom,AMAKYE GLOBAL LINKS ENTERPRISE,SHEP-4-BAR-TN-AGLE-06-19,0,0,0,0,60,60,60,60,0,0,0,0,80
BONO EAST,TECHIMAN NORTH,Tanoso Presby Area,AMAKYE GLOBAL LINKS ENTERPRISE,SHEP-4-BAR-TN-AGLE-06-19,0,0,0,0,55,55,55,55,0,0,0,0,88
BONO EAST,TECHIMAN NORTH,Tigamgam,FLOW WORKS COMPANY LTD,SHEP-4-BAR-TN-FWCL-06-19,52,52,52,52,160,0,0,0,1,1,0,0,270
BONO EAST,TECHIMAN NORTH,Tragyiediem,FLOW WORKS COMPANY LTD,SHEP-4-BAR-TN-FWCL-06-19,7,7,7,7,90,90,90,90,1,1,1,0,95
BONO EAST,TECHIMAN NORTH,Tuobodom New Town,KAMNAA COMPANY LTD,SHEP-4-BAR-TN-KCL-06-19,14,0,0,0,80,80,80,80,1,1,1,0,96
BONO EAST,TECHIMAN NORTH,Twumia Koase,CHECK POINT ENG LTD,SHEP-4-BAR-TN-CPEL-06-19,0,0,0,0,50,50,50,50,1,1,0,0,48
BONO EAST,TECHIMAN NORTH,Twumia Nkwanta,CHECK POINT ENG LTD,SHEP-4-BAR-TN-CPEL-06-19,0,0,0,0,50,50,50,50,0,0,0,0,48
BONO EAST,TECHIMAN NORTH,Twumiafie,CHECK POINT ENG LTD,SHEP-4-BAR-TN-CPEL-06-19,0,0,0,0,50,50,50,50,0,0,0,0,54
BONO EAST,TECHIMAN NORTH,Wokasa,FLOW WORKS COMPANY LTD,SHEP-4-BAR-TN-FWCL-06-19,63,63,63,63,120,0,0,0,1,1,0,0,120
BONO EAST,TECHIMAN NORTH,Yeji Barrier Area,FLOW WORKS COMPANY LTD,SHEP-4-BAR-TN-FWCL-06-19,25,25,25,25,50,50,50,50,1,1,1,0,250
BONO EAST,TECHIMAN NORTH,Yeji New Site,FLOW WORKS COMPANY LTD,SHEP-4-BAR-TN-FWCL-06-19,34,34,34,34,180,0,0,0,1,1,0,0,300
BONO EAST,TECHIMAN NORTH,Zongo East,CHECK POINT ENG LTD,SHEP-4-BAR-TN-CPEL-06-19,7,7,7,7,85,85,85,85,1,1,0,0,96
BONO EAST,TECHIMAN NORTH,Zongo South,FLOW WORKS COMPANY LTD,SHEP-4-BAR-TN-FWCL-06-19,0,0,0,0,40,40,40,40,1,1,1,0,69
BONO EAST,WENCHI MUNICIPAL/ NKORANZA NORTH,Adoe,PABSEIMAH COMPANY LTD,SHEP-4-BAR-WM/NKNDA-PCL-03-19,11,11,11,11,56,56,56,56,1,0,0,0,112
BONO EAST,WENCHI MUNICIPAL/ NKORANZA NORTH,Boana,PABSEIMAH COMPANY LTD,SHEP-4-BAR-WM/NKNDA-PCL-03-19,7,7,7,7,76,76,76,76,1,0,0,0,152
BONO EAST,WENCHI MUNICIPAL/ NKORANZA NORTH,Bomua,PABSEIMAH COMPANY LTD,SHEP-4-BAR-WM/NKNDA-PCL-03-19,30,30,30,30,253,253,253,253,1,0,0,0,506
BONO EAST,WENCHI MUNICIPAL/ NKORANZA NORTH,Busunya East,PABSEIMAH COMPANY LTD,SHEP-4-BAR-WM/NKNDA-PCL-03-19,9,9,9,9,219,219,219,219,1,0,0,0,438
BONO EAST,WENCHI MUNICIPAL/ NKORANZA NORTH,Busunya West,PABSEIMAH COMPANY LTD,SHEP-4-BAR-WM/NKNDA-PCL-03-19,7,7,7,7,112,112,112,112,1,0,0,0,224
BONO EAST,WENCHI MUNICIPAL/ NKORANZA NORTH,Dromankese,PABSEIMAH COMPANY LTD,SHEP-4-BAR-WM/NKNDA-PCL-03-19,7,7,7,7,150,150,150,150,1,0,0,0,300
BONO EAST,WENCHI MUNICIPAL/ NKORANZA NORTH,Dromankese No.2,PABSEIMAH COMPANY LTD,SHEP-4-BAR-WM/NKNDA-PCL-03-19,13,13,13,13,120,120,120,120,1,0,0,0,240
BONO EAST,WENCHI MUNICIPAL/ NKORANZA NORTH,Dromankoma,PABSEIMAH COMPANY LTD,SHEP-4-BAR-WM/NKNDA-PCL-03-19,11,11,11,11,137,137,137,137,1,0,0,0,274
BONO EAST,WENCHI MUNICIPAL/ NKORANZA NORTH,Tom,PABSEIMAH COMPANY LTD,SHEP-4-BAR-WM/NKNDA-PCL-03-19,9,9,9,9,50,50,50,50,1,0,0,0,100
CENTRAL,Agona East,Abagyakrom/Samuel,Franves Engineering,,26,26,26,0,25,0,0,0,0,0,0,0,0
CENTRAL,Agona East,Abuakwa Akrabony,Ike Electrical & Civil Engineering Limited,SHEP-4-SP-CR-IECE-06-19,0,0,0,0,32,32,0,0,0,0,0,0,0
CENTRAL,Agona East,Addo,Ike Electrical & Civil Engineering Limited,SHEP-4-SP-CR-IECE-06-19,0,0,0,0,0,0,0,0,0,0,0,0,0
CENTRAL,Agona East,Agona Nkran,Luke & Sons Eng. Company Limited,S4-SP-AED-LSECL-06-16,35,35,35,0,20,20,20,20,1,0,0,0,0
CENTRAL,Agona East,Akroma,Ike Electrical & Civil Engineering Limited,SHEP-4-SP-CR-IECE-06-19,0,0,0,0,0,0,0,0,0,0,0,0,0
CENTRAL,Agona East,Alasemase,Ike Electrical & Civil Engineering Limited,SHEP-4-SP-CR-IECE-06-19,26,0,0,0,45,0,0,0,1,0,0,0,0
CENTRAL,Agona East,Amponsah,Franves Engineering,,60,60,60,0,80,40,0,0,0,0,0,0,0
CENTRAL,Agona East,Asasekwa,Ike Electrical & Civil Engineering Limited,SHEP-4-SP-CR-IECE-06-19,20,0,0,0,25,0,0,0,1,0,0,0,0
CENTRAL,Agona East,Dauda/Achanfo,Luke & Sons Eng. Company Limited,S4-SP-AED-LSECL-06-16,100,79,79,79,30,10,10,27,1,0,0,0,0
CENTRAL,Agona East,Domokyi,Luke & Sons Eng. Company Limited,S4-SP-AED-LSECL-06-16,30,30,30,0,75,75,75,0,1,0,0,0,0
CENTRAL,Agona East,Duabone,Luke & Sons Eng. Company Limited,S4-SP-AED-LSECL-06-16,40,40,40,36,68,68,68,68,2,0,0,0,0
CENTRAL,Agona East,Faawhia,First Class Electrical Works,SP-FCEW-14-09-15,12,32,32,29,75,75,68,60,2,0,0,0,0
CENTRAL,Agona East,Fawhia #2,Luke & Sons Eng. Company Limited,S4-SP-AED-LSECL-06-16,35,35,35,35,96,96,96,96,1,0,0,0,0
CENTRAL,Agona East,Kofi Enu Kwaa,Ike Electrical & Civil Engineering Limited,SHEP-4-SP-CR-IECE-06-19,20,0,0,0,17,17,0,0,1,0,0,0,0
CENTRAL,Agona East,Kofi Fooh,Pakassen Limited,SP-PL-04-09-15,4,0,0,0,60,50,0,0,0,0,0,0,0
CENTRAL,Agona East,Kokrabo,Ike Electrical & Civil Engineering Limited,SHEP-4-SP-CR-IECE-06-19,13,0,0,0,35,0,0,0,1,0,0,0,0
CENTRAL,Agona East,Kokwado,Ike Electrical & Civil Engineering Limited,SHEP-4-SP-CR-IECE-06-19,20,0,0,0,25,0,0,0,1,0,0,0,0
CENTRAL,Agona East,Kortsia,Ike Electrical & Civil Engineering Limited,SHEP-4-SP-CR-IECE-06-19,13,0,0,0,25,0,0,0,1,0,0,0,0
CENTRAL,Agona East,Kwame Ntsiful,Ike Electrical & Civil Engineering Limited,SHEP-4-SP-CR-IECE-06-19,26,0,0,0,40,0,0,0,1,0,0,0,0
CENTRAL,Agona East,Kwame Sam,Powertec Ventures,SHEP-4-SP-CR-PV-06-19,26,26,26,23,30,30,30,27,1,0,0,0,0
CENTRAL,Agona East,Kwasi Paintsil,Powertec Ventures,SHEP-4-SP-CR-PV-06-19,26,26,26,23,40,40,40,36,1,0,0,0,0
CENTRAL,Agona East,Kwesikrom,Luke & Sons Eng. Company Limited,S4-SP-AED-LSECL-06-16,23,23,23,23,176,176,176,176,1,0,0,0,0
CENTRAL,Agona East,Mansifo,Luke & Sons Eng. Company Limited,S4-SP-AED-LSECL-06-16,43,43,43,39,32,32,32,0,1,0,0,0,0
CENTRAL,Agona East,Nampong,Powertec Ventures,SHEP-4-SP-CR-PV-06-19,20,20,20,18,45,45,45,40,1,0,0,0,0
CENTRAL,Agona East,Nyameadam,Franves Engineering,,26,26,26,13,80,0,0,0,0,0,0,0,0
CENTRAL,Agona East,Obrepo,Powertec Ventures,SHEP-4-SP-CR-PV-06-19,39,39,39,35,30,30,30,27,1,0,0,0,0
CENTRAL,Agona East,Obuoduro,Powertec Ventures,SHEP-4-SP-CR-PV-06-19,13,13,13,11,30,30,30,27,1,0,0,0,0
CENTRAL,Agona East,Odomu,Franves Engineering,,13,13,0,0,35,35,0,0,0,0,0,0,0
CENTRAL,Agona East,Oduguan,Powertec Ventures,SHEP-4-SP-CR-PV-06-19,13,13,13,13,35,35,35,31,1,0,0,0,0
CENTRAL,Agona East,Okotokwaa,Pakassen Limited,SP-PL-04-09-15,33,20,0,0,100,40,0,0,0,0,0,0,0
CENTRAL,Agona East,Okyea - Mensah,Franves Engineering,,4,4,0,0,20,20,0,0,0,0,0,0,0
CENTRAL,Agona East,Okyerekwaa,Powertec Ventures,SHEP-4-SP-CR-PV-06-19,26,26,26,23,30,30,30,27,1,0,0,0,0
CENTRAL,Agona East,Osuankwa,First Class Electrical Works,SP-FCEW-14-09-15,15,41,41,37,120,120,108,96,1,0,0,0,0
CENTRAL,Agona East,Peterkwaa,Powertec Ventures,SHEP-4-SP-CR-PV-06-19,20,20,20,18,25,25,25,22,1,0,0,0,0
CENTRAL,Agona East,Sanekwaa,Powertec Ventures,SHEP-4-SP-CR-PV-06-19,20,20,20,18,25,25,25,22,1,0,0,0,0
CENTRAL,Agona East,Sasakwaa,Powertec Ventures,SHEP-4-SP-CR-PV-06-19,26,0,0,0,25,0,0,0,1,0,0,0,0
CENTRAL,Agona East,Tawora,Luke & Sons Eng. Company Limited,S4-SP-AED-LSECL-06-16,54,54,54,0,54,54,54,0,2,0,0,0,0
CENTRAL,Ajumako-Eyan-Esiam,Adjumako Obrayeko,Infrastructure,S4-SP-AESD-IL-04-16,19,19,0,0,4,0,0,0,0,0,0,0,0
CENTRAL,Ajumako-Eyan-Esiam,Adzeyepena,Infrastructure,S4-SP-AESD-IL-04-16,19,19,0,0,32,0,0,0,0,0,0,0,0
CENTRAL,Ajumako-Eyan-Esiam,Ajumako Ebenezer,Infrastructure,S4-SP-AESD-IL-04-16,13,13,0,0,52,10,0,0,0,0,0,0,0
CENTRAL,Ajumako-Eyan-Esiam,Ajumako Kroniianfo,Infrastructure,S4-SP-AESD-IL-04-16,23,23,0,0,40,40,0,0,0,0,0,0,0
CENTRAL,Ajumako-Eyan-Esiam,Ajumako Newsite,Infrastructure,S4-SP-AESD-IL-04-16,9,9,0,0,48,0,0,0,0,0,0,0,0
CENTRAL,Ajumako-Eyan-Esiam,Akra Awona Communiity,Infrastructure,S4-SP-AESD-IL-04-16,36,0,0,0,12,0,0,0,0,0,0,0,0
CENTRAL,Ajumako-Eyan-Esiam,Akupan,Infrastructure,S4-SP-AESD-IL-04-16,29,29,0,0,25,5,0,0,0,0,0,0,0
CENTRAL,Ajumako-Eyan-Esiam,Anomabokuma,Infrastructure,S4-SP-AESD-IL-04-16,33,33,0,0,25,10,0,0,0,0,0,0,0
CENTRAL,Ajumako-Eyan-Esiam,Bisease nursing,Infrastructure,S4-SP-AESD-IL-04-16,4,0,0,0,38,0,0,0,0,0,0,0,0
CENTRAL,Ajumako-Eyan-Esiam,Dweneho Kososen,Infrastructure,S4-SP-AESD-IL-04-16,29,29,0,0,52,0,0,0,0,0,0,0,0
CENTRAL,Ajumako-Eyan-Esiam,Ehawoho,Infrastructure,S4-SP-AESD-IL-04-16,21,21,0,0,25,0,0,0,0,0,0,0,0
CENTRAL,Ajumako-Eyan-Esiam,Ekumfiabor,Infrastructure,S4-SP-AESD-IL-04-16,12,0,0,0,79,0,0,0,0,0,0,0,0
CENTRAL,Ajumako-Eyan-Esiam,Enyan Atiakwa,Infrastructure,S4-SP-AESD-IL-04-16,13,13,0,0,13,0,0,0,0,0,0,0,0
CENTRAL,Ajumako-Eyan-Esiam,Esikado No. 1,Infrastructure,S4-SP-AESD-IL-04-16,4,4,4,0,9,9,0,0,0,0,0,0,0
CENTRAL,Ajumako-Eyan-Esiam,Esikado No. 2,Infrastructure,S4-SP-AESD-IL-04-16,37,37,0,0,52,5,0,0,0,0,0,0,0
CENTRAL,Ajumako-Eyan-Esiam,Immune Awona,Infrastructure,S4-SP-AESD-IL-04-16,9,9,0,0,11,0,0,0,0,0,0,0,0
CENTRAL,Ajumako-Eyan-Esiam,Kobina Agyir,Infrastructure,S4-SP-AESD-IL-04-16,7,7,7,0,25,5,0,4,0,0,0,0,0
CENTRAL,Ajumako-Eyan-Esiam,Mama Nyamebekyekrom,Infrastructure,S4-SP-AESD-IL-04-16,22,22,0,0,25,0,0,0,0,0,0,0,0
CENTRAL,Ajumako-Eyan-Esiam,Mbofrahaadwen,Infrastructure,S4-SP-AESD-IL-04-16,16,16,0,0,56,0,0,0,0,0,0,0,0
CENTRAL,Ajumako-Eyan-Esiam,Morokrom,Infrastructure,S4-SP-AESD-IL-04-16,15,15,0,0,26,0,0,0,0,0,0,0,0
CENTRAL,Ajumako-Eyan-Esiam,Twa,Infrastructure,S4-SP-AESD-IL-04-16,4,0,0,0,10,0,0,0,0,0,0,0,0
CENTRAL,K. E. E. A.,Java Hill,First Class Electrical Works,CR-KEEAD-FCEW-03-10,29,29,29,26,72,72,72,72,0,0,0,0,0
CENTRAL,Twifo Atti-Morkwa,Asamoakrom,Electro-Topz Eng. Works,S4-SP-TAMD-EEW-24-11-16,36,30,0,15,60,60,0,0,1,0,0,0,0
CENTRAL,Twifo Atti-Morkwa,Bimpong Agya No. 2,Electro-Topz Eng. Works,S4-SP-TAMD-EEW-24-11-16,36,36,0,18,80,80,0,0,0,0,0,0,0
CENTRAL,Twifo Atti-Morkwa,Bimpongso,Electro-Topz Eng. Works,S4-SP-TAMD-EEW-24-11-16,36,36,0,18,60,60,0,0,2,0,0,0,0
CENTRAL,Twifo Atti-Morkwa,Cannan,Electro-Topz Eng. Works,S4-SP-TAMD-EEW-24-11-16,36,30,0,15,35,20,0,0,0,0,0,0,0
CENTRAL,Twifo Atti-Morkwa,Mantekrom,Electro-Topz Eng. Works,S4-SP-TAMD-EEW-24-11-16,12,12,0,6,35,35,0,0,1,0,0,0,0
CENTRAL,Upper Denkyira East,Ajimpona,Voltage Electrical,,60,0,0,0,118,80,0,0,0,0,0,0,0
CENTRAL,Upper Denkyira East,Asikuma,Voltage Electrical,,4,0,0,0,80,0,0,0,0,0,0,0,0
CENTRAL,Upper Denkyira East,Atekyem Metal,Voltage Electrical,,10,0,0,0,250,110,0,0,0,0,0,0,0
CENTRAL,Upper Denkyira East,Atobiase,Nabiko Construction Company Limited,S4-SP-CR-NCCL-03-13,123,50,123,111,55,50,50,49,0,0,0,0,0
CENTRAL,Upper Denkyira East,Bosenga Line,Voltage Electrical,,6,0,0,0,150,0,0,0,0,0,0,0,0
CENTRAL,Upper Denkyira East,Fawomanye,Nabiko Construction Company Limited,S4-SP-CR-NCCL-03-13,50,50,50,50,54,54,54,27,0,0,0,0,0
CENTRAL,Upper Denkyira East,Kyebi,Nabiko Construction Company Limited,S4-SP-CR-NCCL-03-13,42,42,42,42,180,180,180,180,0,0,0,0,0
CENTRAL,Upper Denkyira East,Kyekyerewere,Voltage Electrical,,5,0,0,0,114,0,0,0,0,0,0,0,0
CENTRAL,Upper Denkyira East,Mbraden,Voltage Electrical,,3,0,0,0,150,0,0,0,0,0,0,0,0
CENTRAL,Upper Denkyira East,Opponso,Nabiko Construction Company Limited,S4-SP-CR-NCCL-03-13,45,45,45,45,45,45,45,45,0,0,0,0,0
CENTRAL,Upper Denkyira East,Tekyemoso,Nabiko Construction Company Limited,S4-SP-CR-NCCL-03-13,42,42,42,42,50,50,50,50,0,0,0,0,0
CENTRAL,Upper Denkyira West,Aboaboso,Willidon Limited,SHEP-WL-17-09-2015,9,3,0,0,50,0,0,0,1,0,0,0,0
CENTRAL,Upper Denkyira West,Adwenpaye,Willidon Limited,SHEP-WL-17-09-2015,5,5,0,0,50,0,0,0,1,0,0,0,0
CENTRAL,Upper Denkyira West,Akrofuom,Willidon Limited,SHEP-WL-17-09-2015,54,0,0,0,50,0,0,0,1,0,0,0,0
CENTRAL,Upper Denkyira West,Aniantentem,Willidon Limited,SHEP-WL-17-09-2015,60,0,0,0,20,0,0,0,1,0,0,0,0
CENTRAL,Upper Denkyira West,Nipankrom,Willidon Limited,SHEP-WL-17-09-2015,5,0,0,0,45,0,0,0,1,0,0,0,0
Central,Asikuma Odobeng Brakwa,Nyameyanam,Electro-Topz Eng. Works,SHEP-4-CR-AOB-EEW-3-15,0,0,0,0,0,0,0,0,0,0,0,0,0
Central,Asikuma Odobeng Brakwa,Papa Okyere,Electro-Topz Eng. Works,SHEP-4-CR-AOB-EEW-3-15,0,0,0,0,0,0,0,0,0,0,0,0,0
EASTERN,Abuakwa North,Aboabo,Zenecca Company Ltd,SHEP-4-SP-CSC-ER-ANM-ZCL-2020,0,0,0,0,0,0,0,0,0,0,0,0,0
EASTERN,Abuakwa North,Addo Nkwanta,Zenecca Company Ltd,SHEP-4-SP-CSC-ER-ANM-ZCL-2020,0,0,0,0,0,0,0,0,0,0,0,0,0
EASTERN,Abuakwa North,Adjomoku,Zenecca Company Ltd,SHEP-4-SP-CSC-ER-ANM-ZCL-2020,0,0,0,0,0,0,0,0,0,0,0,0,0
EASTERN,Abuakwa North,Anyinam,Zenecca Company Ltd,SHEP-4-SP-CSC-ER-ANM-ZCL-2020,0,0,0,0,0,0,0,0,0,0,0,0,0
EASTERN,Abuakwa North,Asafo,Zenecca Company Ltd,SHEP-4-SP-CSC-ER-ANM-ZCL-2020,0,0,0,0,0,0,0,0,0,0,0,0,0
EASTERN,Abuakwa North,Asiedukrom,Zenecca Company Ltd,SHEP-4-SP-CSC-ER-ANM-ZCL-2020,0,0,0,0,0,0,0,0,0,0,0,0,0
EASTERN,Abuakwa North,Cleric Quarters,David & Sons Limited,SHEP-4-ER-AND-DAVID-16,0,0,0,0,0,0,0,0,0,0,0,0,0
EASTERN,Abuakwa North,Krobo No. 1,David & Sons Limited,SHEP-4-ER-AND-DAVID-16,30,0,0,0,20,18,18,15,0,0,0,0,0
EASTERN,Abuakwa North,Krobo No. 2,David & Sons Limited,SHEP-4-ER-AND-DAVID-16,20,14,11,11,18,18,18,18,1,1,0,0,0
EASTERN,Abuakwa North,Kukurantumi,Zenecca Company Ltd,SHEP-4-SP-CSC-ER-ANM-ZCL-2020,0,0,0,0,0,0,0,0,0,0,0,0,0
EASTERN,Abuakwa North,Mampong,Zenecca Company Ltd,SHEP-4-SP-CSC-ER-ANM-ZCL-2020,0,0,0,0,0,0,0,0,0,0,0,0,0
EASTERN,Abuakwa North,Moseaso,Zenecca Company Ltd,SHEP-4-SP-CSC-ER-ANM-ZCL-2020,0,0,0,0,0,0,0,0,0,0,0,0,0
EASTERN,Abuakwa North,New Tafo,Zenecca Company Ltd,SHEP-4-SP-CSC-ER-ANM-ZCL-2020,0,0,0,0,0,0,0,0,0,0,0,0,0
EASTERN,Abuakwa North,Oguaa No. 1,David & Sons Limited,SHEP-4-ER-AND-DAVID-16,2,2,2,2,8,8,8,8,1,1,0,0,0
EASTERN,Abuakwa North,Oguaa No. 2,David & Sons Limited,SHEP-4-ER-AND-DAVID-16,16,0,0,0,55,18,18,18,0,0,0,0,0
EASTERN,Abuakwa North,Old Tafo,Zenecca Company Ltd,SHEP-4-SP-CSC-ER-ANM-ZCL-2020,0,0,0,0,0,0,0,0,0,0,0,0,0
EASTERN,Abuakwa North,Osiem,Zenecca Company Ltd,SHEP-4-SP-CSC-ER-ANM-ZCL-2020,0,0,0,0,0,0,0,0,0,0,0,0,0
EASTERN,Abuakwa North,Osino,Zenecca Company Ltd,SHEP-4-SP-CSC-ER-ANM-ZCL-2020,0,0,0,0,0,0,0,0,0,0,0,0,0
EASTERN,Abuakwa North,Sege,Pabico Electrical Works,SHEP-4-ER-AND-PEW-10-14,15,3,3,3,15,7,7,7,1,1,0,0,0
EASTERN,Abuakwa North,Zaabo Zongo,Zenecca Company Ltd,SHEP-4-SP-CSC-ER-ANM-ZCL-2020,0,0,0,0,0,0,0,0,0,0,0,0,0
EASTERN,Abuakwa South,Adadietem,Messe Group Ghana Ltd,SHEP-4-SP-CSC-ER-ASM-MGGL-11-20,0,0,0,0,0,0,0,0,0,0,0,0,0
EASTERN,Abuakwa South,Adotooa,David & Sons Limited,SHEP-4-ER-DSCL-12-20,0,0,0,0,0,0,0,0,0,0,0,0,0
EASTERN,Abuakwa South,Akwadum,Messe Group Ghana Ltd,SHEP-4-SP-CSC-ER-ASM-MGGL-11-20,0,0,0,0,0,0,0,0,0,0,0,0,0
EASTERN,Abuakwa South,Amanfrom,Messe Group Ghana Ltd,SHEP-4-SP-CSC-ER-ASM-MGGL-11-20,0,0,0,0,0,0,0,0,0,0,0,0,0
EASTERN,Abuakwa South,Apapam,Messe Group Ghana Ltd,SHEP-4-SP-CSC-ER-ASM-MGGL-11-20,0,0,0,0,0,0,0,0,0,0,0,0,0
EASTERN,Abuakwa South,Apedwa,Messe Group Ghana Ltd,SHEP-4-SP-CSC-ER-ASM-MGGL-11-20,0,0,0,0,0,0,0,0,0,0,0,0,0
EASTERN,Abuakwa South,Apedwa Jn/Roman Area,Washdan Company Limited,SHEP-4-ER-ASD-WCL-12-20,0,0,0,0,0,0,0,0,0,0,0,0,0
EASTERN,Abuakwa South,Asikam,Messe Group Ghana Ltd,SHEP-4-SP-CSC-ER-ASM-MGGL-11-20,0,0,0,0,0,0,0,0,0,0,0,0,0
EASTERN,Abuakwa South,Asikwa,Messe Group Ghana Ltd,SHEP-4-SP-CSC-ER-ASM-MGGL-11-20,0,0,0,0,0,0,0,0,0,0,0,0,0
EASTERN,Abuakwa South,Bomponso,Faz Plax Co. Ltd,SHEP-4-ER-ASD-FPCL-12-20,22,22,22,22,80,80,80,80,1,1,0,0,0
EASTERN,Abuakwa South,Kibi Boateh,Faz Plax Co. Ltd,SHEP-ER-FPCL-ASD-06-18,35,35,35,35,50,50,50,50,1,1,1,0,42
EASTERN,Abuakwa South,Kibi Extension,Jenak Elect Eng,SHEP-4-ER-ASD-JECL-12-20,0,0,0,0,0,0,0,0,0,0,0,0,0
EASTERN,Abuakwa South,Nkronso,Faz Plax Co. Ltd,SHEP-4-ER-ASD-FPCL-12-20,12,12,12,12,50,50,50,30,0,0,0,0,0
EASTERN,Abuakwa South,Ntabea,Washdan Company Limited,SHEP-4-ER-ASD-WCL-12-20,0,0,0,0,0,0,0,0,0,0,0,0,0
EASTERN,Abuakwa South,Odumase,Messe Group Ghana Ltd,SHEP-4-SP-CSC-ER-ASM-MGGL-11-20,0,0,0,0,0,0,0,0,0,0,0,0,0
EASTERN,Abuakwa South,Pakye No. 1,Dass B Elect Services,SHEP-4-ER-ASD-DBES-12-20,0,0,0,0,0,0,0,0,0,0,0,0,0
EASTERN,Abuakwa South,Pakye No. 2,Dass B Elect Services,SHEP-4-ER-ASD-DBES-12-20,0,0,0,0,0,0,0,0,0,0,0,0,0
EASTERN,Abuakwa South,Saggyimase,Messe Group Ghana Ltd,SHEP-4-SP-CSC-ER-ASM-MGGL-11-20,0,0,0,0,0,0,0,0,0,0,0,0,0
EASTERN,Abuakwa South,Sagyimase,Dass B Elect Services,SHEP-4-ER-ASD-DBES-12-20,0,0,0,0,0,0,0,0,0,0,0,0,0
EASTERN,Afram Plains South,Asenkansu,Pabico Electrical Works,SHEP-4-ER-APSD-PEW-11-15,0,0,0,0,0,0,0,0,0,0,0,0,0
EASTERN,Afram Plains South,Bebuso,Festmoden Ghana Ltd,SHEP-4-SP-CSC-ER-APSD-TCL-11-2020-P1,0,0,0,0,0,0,0,0,0,0,0,0,0
EASTERN,Afram Plains South,Boakyekrom,Festmoden Ghana Ltd,SHEP-4-SP-CSC-ER-APSD-TCL-11-2020-P1,0,0,0,0,0,0,0,0,0,0,0,0,0
EASTERN,Afram Plains South,Boakyikrom,Jenak Electrical and Engineering Limited,SHEP-4-ER-APSD-JCEL-09-16-02,2,2,2,2,65,40,40,40,1,1,1,0,29
EASTERN,Afram Plains South,Ekye,Festmoden Ghana Ltd,SHEP-4-SP-CSC-ER-APSD-TCL-11-2020-P1,0,0,0,0,0,0,0,0,0,0,0,0,0
EASTERN,Afram Plains South,Ekyi Amanfrom,Jenak Electrical and Engineering Limited,SHEP-4-ER-APSD-JCEL-09-16-02,0,0,0,0,80,201,201,201,0,0,0,0,676
EASTERN,Afram Plains South,Forifori,Jenak Electrical and Engineering Limited,SHEP-4-ER-APSD-JCEL-09-16-02,7,7,7,7,95,64,64,64,1,1,1,0,110
EASTERN,Afram Plains South,Hwanyame,Festmoden Ghana Ltd,SHEP-4-SP-CSC-ER-APSD-TCL-11-2020-P1,0,0,0,0,0,0,0,0,0,0,0,0,0
EASTERN,Afram Plains South,Inspector Akura,Jenak Elect Eng,SHEP-4-ER-APSD-JECL-06-16,0,0,0,0,12,12,12,12,1,1,1,0,16
EASTERN,Afram Plains South,Konadu,Jenak Elect Eng,SHEP-4-ER-APSD-JECL-06-16,217,211,211,211,50,32,32,32,1,1,1,0,20
EASTERN,Afram Plains South,Mafekope,Jenak Elect Eng,SHEP-4-ER-APSD-JECL-06-16,62,59,59,59,60,59,30,30,1,1,1,0,50
EASTERN,Afram Plains South,Mamekrobo,Festmoden Ghana Ltd,SHEP-4-SP-CSC-ER-APSD-TCL-11-2020-P1,0,0,0,0,0,0,0,0,0,0,0,0,0
EASTERN,Afram Plains South,Samankwae,Festmoden Ghana Ltd,SHEP-4-SP-CSC-ER-APSD-TCL-11-2020-P1,0,0,0,0,0,0,0,0,0,0,0,0,0
EASTERN,Afram Plains South,Samanshia,Jenak Electrical and Engineering Limited,SHEP-4-ER-APSD-JCEL-09-16-02,0,0,0,0,70,39,39,39,0,0,0,0,63
EASTERN,Afram Plains South,Wawase,Jenak Elect Eng,SHEP-4-ER-APSD-JECL-06-16,39,39,39,39,41,41,41,41,1,1,1,0,6
EASTERN,Akuapem South,Brekuso,PHIDOT ENGINEERING & GENERAL SERVICES,SHEP-4-ER-ASM-PEGS-11-22,0,0,0,0,42,0,0,0,1,0,0,0,0
EASTERN,Akwapim North District,Adenya,Bosco Light Company Ltd,SHEP-4-ER-AND-BLCL-07-20,48,2,2,0,0,0,0,0,0,0,0,0,0
EASTERN,Akwapim North District,Akwatia Kwaso,Washdan,SHEP-4-ER-AND-WCL-07-20,0,0,0,0,60,0,0,0,0,0,0,0,0
EASTERN,Akwapim North District,Ankwani,Bosco Light Company Ltd,SHEP-4-ER-AND-BLCL-07-20,24,24,0,0,0,0,0,0,0,0,0,0,0
EASTERN,Akwapim North District,Okortom,Washdan,SHEP-4-ER-AND-WCL-07-20,0,32,0,0,0,0,0,0,0,0,0,0,0
EASTERN,Akwapim North District,Tadakro,Washdan,SHEP-4-ER-AND-WCL-07-20,0,20,0,0,60,0,0,0,0,0,0,0,0
EASTERN,Akwapim North/Suhum Kraboa Coaltar,Adawaso,Harrigate Company Ltd,SHEP-4-SP-CSC-ER-AND-SKCD-HCL-11-20,0,0,0,0,0,0,0,0,0,0,0,0,0
EASTERN,Akwapim North/Suhum Kraboa Coaltar,Akwadum,Harrigate Company Ltd,SHEP-4-SP-CSC-ER-AND-SKCD-HCL-11-20,0,0,0,0,0,0,0,0,0,0,0,0,0
EASTERN,Akwapim North/Suhum Kraboa Coaltar,Brong Densuso,Harrigate Company Ltd,SHEP-4-SP-CSC-ER-AND-SKCD-HCL-11-20,0,0,0,0,0,0,0,0,0,0,0,0,0
EASTERN,Akwapim North/Suhum Kraboa Coaltar,Kwamanso,Harrigate Company Ltd,SHEP-4-SP-CSC-ER-AND-SKCD-HCL-11-20,0,0,0,0,0,0,0,0,0,0,0,0,0
EASTERN,Akwapim North/Suhum Kraboa Coaltar,Manpong Nkwanta,Harrigate Company Ltd,SHEP-4-SP-CSC-ER-AND-SKCD-HCL-11-20,0,0,0,0,0,0,0,0,0,0,0,0,0
EASTERN,Akwapim North/Suhum Kraboa Coaltar,Nankese,Harrigate Company Ltd,SHEP-4-SP-CSC-ER-AND-SKCD-HCL-11-20,0,0,0,0,0,0,0,0,0,0,0,0,0
EASTERN,Akwapim North/Suhum Kraboa Coaltar,Suhum,Harrigate Company Ltd,SHEP-4-SP-CSC-ER-AND-SKCD-HCL-11-20,0,0,0,0,0,0,0,0,0,0,0,0,0
EASTERN,Akwapim North/Suhum Kraboa Coaltar,Tei Nkwanta,Harrigate Company Ltd,SHEP-4-SP-CSC-ER-AND-SKCD-HCL-11-20,0,0,0,0,0,0,0,0,0,0,0,0,0
EASTERN,Akwapim North/Suhum Kraboa Coaltar,Tenkong,Harrigate Company Ltd,SHEP-4-SP-CSC-ER-AND-SKCD-HCL-11-20,0,0,0,0,0,0,0,0,0,0,0,0,0
EASTERN,Atiwa East,Ankaase,Pat Hayford Enterprise Ltd,,8,0,0,0,45,0,0,0,1,0,0,0,0
EASTERN,Atiwa West,Abrenya,Jenak Elect Eng,SHEP-4-ER-AWD-JECL-09-19,0,60,0,0,0,167,0,0,0,0,0,0,0
EASTERN,Atiwa West,Abresu Wekpeti,Jenak Elect Eng,SHEP-4-ER-AWD-JECL-09-19,0,53,53,53,0,93,93,93,0,0,0,0,0
EASTERN,Atiwa West,Akim Abresu Atifi,Jenak Elect Eng,SHEP-4-ER-AWD-JECL-09-19,0,42,42,42,0,79,79,79,0,0,0,0,0
EASTERN,Atiwa West,Akim Akwadum Ga,Jenak Elect Eng,SHEP-4-ER-AWD-JECL-09-19,0,8,8,8,0,27,27,27,0,0,0,0,0
EASTERN,Atiwa West,Akim Biremso,Jenak Elect Eng,SHEP-4-ER-AWD-JECL-09-19,0,2,2,2,0,23,23,23,0,0,0,0,0
EASTERN,Atiwa West,Akim Kwaku Addae,Jenak Elect Eng,SHEP-4-ER-AWD-JECL-09-19,0,2,2,2,0,24,24,24,0,0,0,0,0
EASTERN,Atiwa West,Akim Mampong,Jenak Elect Eng,SHEP-4-ER-AWD-JECL-09-19,0,24,24,0,0,65,65,65,0,0,0,0,0
EASTERN,Atiwa West,Ekoso,Jenak Elect Eng,SHEP-4-ER-AWD-JECL-09-19,0,2,2,2,0,43,43,43,0,0,0,0,0
EASTERN,Atiwa West,Yohuno,Jenak Elect Eng,SHEP-4-ER-AWD-JECL-09-19,0,48,48,48,0,92,92,92,0,0,0,0,0
EASTERN,Birem Central Municipal,Akim Abenase,Rohail & Co Ltd,SHEP-4-SP-CSC-ER-BCM-RCL-11-20,0,0,0,0,0,0,0,0,0,0,0,0,0
EASTERN,Birem Central Municipal,Akim Aboabo,Rohail & Co Ltd,SHEP-4-SP-CSC-ER-BCM-RCL-11-20,0,0,0,0,0,0,0,0,0,0,0,0,0
EASTERN,Birem Central Municipal,Akim Achiase,Rohail & Co Ltd,SHEP-4-SP-CSC-ER-BCM-RCL-11-20,0,0,0,0,0,0,0,0,0,0,0,0,0
EASTERN,Birem Central Municipal,Akim Aduasa,Rohail & Co Ltd,SHEP-4-SP-CSC-ER-BCM-RCL-11-20,0,0,0,0,0,0,0,0,0,0,0,0,0
EASTERN,Birem Central Municipal,Akim Akuapim,Rohail & Co Ltd,SHEP-4-SP-CSC-ER-BCM-RCL-11-20,0,0,0,0,0,0,0,0,0,0,0,0,0
EASTERN,Birem Central Municipal,Akim Anamasa,Rohail & Co Ltd,SHEP-4-SP-CSC-ER-BCM-RCL-11-20,0,0,0,0,0,0,0,0,0,0,0,0,0
EASTERN,Birem Central Municipal,Akim Aperadi,Rohail & Co Ltd,SHEP-4-SP-CSC-ER-BCM-RCL-11-20,0,0,0,0,0,0,0,0,0,0,0,0,0
EASTERN,Birem Central Municipal,Akim Asene,Rohail & Co Ltd,SHEP-4-SP-CSC-ER-BCM-RCL-11-20,0,0,0,0,0,0,0,0,0,0,0,0,0
EASTERN,Birem Central Municipal,Akim Ayirebi,Rohail & Co Ltd,SHEP-4-SP-CSC-ER-BCM-RCL-11-20,0,0,0,0,0,0,0,0,0,0,0,0,0
EASTERN,Birem Central Municipal,Akim Nkwanta,Rohail & Co Ltd,SHEP-4-SP-CSC-ER-BCM-RCL-11-20,0,0,0,0,0,0,0,0,0,0,0,0,0
EASTERN,Birem Central Municipal,Akim Oda,Rohail & Co Ltd,SHEP-4-SP-CSC-ER-BCM-RCL-11-20,0,0,0,0,0,0,0,0,0,0,0,0,0
EASTERN,Birem Central Municipal,Akim Odumase,Rohail & Co Ltd,SHEP-4-SP-CSC-ER-BCM-RCL-11-20,0,0,0,0,0,0,0,0,0,0,0,0,0
EASTERN,Birem Central Municipal,Akim Osoroase,Rohail & Co Ltd,SHEP-4-SP-CSC-ER-BCM-RCL-11-20,0,0,0,0,0,0,0,0,0,0,0,0,0
EASTERN,Birem Central Municipal,Akim Soabe,Rohail & Co Ltd,SHEP-4-SP-CSC-ER-BCM-RCL-11-20,0,0,0,0,0,0,0,0,0,0,0,0,0
EASTERN,Birem Central Municipal,Akim Swedru,Rohail & Co Ltd,SHEP-4-SP-CSC-ER-BCM-RCL-11-20,0,0,0,0,0,0,0,0,0,0,0,0,0
EASTERN,Birem Central Municipal,Akim Wenchi,Rohail & Co Ltd,SHEP-4-SP-CSC-ER-BCM-RCL-11-20,0,0,0,0,0,0,0,0,0,0,0,0,0
EASTERN,Birem Central Municipal,Nankese,Rohail & Co Ltd,SHEP-4-SP-CSC-ER-BCM-RCL-11-20,0,0,0,0,0,0,0,0,0,0,0,0,0
EASTERN,Fanteakwa,Akromso/Kwakubotwe,Kelly,SHEP-4-ER-SP-FSD-KEEL-CSC-08-16,3,3,3,0,31,29,29,29,1,1,0,0,0
EASTERN,Fanteakwa South,Adokope,Darex Const and Elec Eng,SHEP-4-ER-FD-DCEE-06-16,28,27,27,27,54,54,54,54,1,1,1,0,139
EASTERN,Fanteakwa South,Park Agrotech Ghana Ltd,Darex Const and Elec Eng,SHEP-4-ER-FD-DCEE-06-16,71,86,86,86,12,10,10,0,1,0,0,0,0
EASTERN,Fanteakwa South,Tromalaveme,Darex Const and Elec Eng,SHEP-4-ER-FD-DCEE-06-16,0,5,5,5,65,58,58,55,1,1,1,0,137
EASTERN,Lower Manya Krobo Municipality,Abobenkpeti,Gadason Eng Ltd,SHEP-ER-LMKM-GEL-06-17,58,76,76,76,55,30,30,30,1,1,0,0,0
EASTERN,Lower Manya Krobo Municipality,Akosombo Odorkom,Gadason Eng Ltd,SHEP-ER-LMKM-GEL-06-17,50,2,0,0,50,42,42,42,2,1,0,0,0
EASTERN,Lower Manya Krobo Municipality,Akpla/ Abobeng,Gadason Eng Ltd,SHEP-ER-LMKM-GEL-06-17,39,6,6,6,70,36,36,36,1,1,0,0,0
EASTERN,Lower Manya Krobo Municipality,Akuse New Town,Saini Morrison Eng Ltd,SHEP-4-ER-LMKMA-SMEL-08-16,48,48,48,48,180,180,180,180,3,3,3,0,220
EASTERN,Lower Manya Krobo Municipality,Ayemesukpeti,Gadason Eng Ltd,SHEP-ER-LMKM-GEL-06-17,74,56,56,56,108,73,73,73,2,1,0,0,0
EASTERN,Lower Manya Krobo Municipality,Bueyonya,Faz Plax Co. Ltd,SHEP-4-ER-LMKD-FPL-07-20,7,0,0,0,40,0,0,0,1,0,0,0,90
EASTERN,Lower Manya Krobo Municipality,Mountain Yogaga Tourist  Center,Saini Morrison Eng Ltd,SHEP-4-ER-LMKMA-SMEL-08-16,22,22,22,22,90,90,90,90,1,1,1,0,180
EASTERN,Lower Manya Krobo Municipality,Narkope,Saini Morrison Eng Ltd,SHEP-4-ER-LMKMA-SMEL-08-16,36,36,36,36,130,130,130,130,2,2,1,0,125
EASTERN,Lower Manya Krobo Municipality,Nursing Training School Okwenya Junction,Gadason Eng Ltd,SHEP-ER-LMKM-GEL-06-17,30,29,29,29,50,76,76,76,2,2,1,0,0
EASTERN,Lower Manya Krobo Municipality,Nyarpenya,Saini Morrison Eng Ltd,SHEP-4-ER-LMKMA-SMEL-08-16,48,48,48,48,80,80,80,80,1,1,1,0,124
EASTERN,Lower Manya Krobo Municipality,Obelemanya,Gadason Eng Ltd,SHEP-ER-LMKM-GEL-06-17,34,49,49,49,60,70,70,70,1,1,0,0,0
EASTERN,Lower Manya Krobo Municipality,Oborpah East,Faz Plax Co. Ltd,SHEP-4-ER-LMKD-FPL-07-20,7,3,3,3,30,164,164,164,1,1,1,0,364
EASTERN,Lower Manya Krobo Municipality,Patherhunya,Gadason Eng Ltd,SHEP-ER-LMKM-GEL-06-17,43,0,0,0,64,0,0,0,1,0,0,0,0
EASTERN,Lower Manya Krobo Municipality,Wawase No. 2,Gadason Eng Ltd,SHEP-ER-LMKM-GEL-08-17,43,54,54,54,36,36,36,36,1,1,0,0,0
EASTERN,Lower Manya Krobo Municipality,Yeder,Gadason Eng Ltd,SHEP-ER-LMKM-GEL-08-17,31,0,0,0,27,0,0,0,1,0,0,0,0
EASTERN,Lower Manya Krobo Municipality,Yonguase,Saini Morrison Eng Ltd,SHEP-4-ER-LMKMA-SMEL-07-20,105,26,0,0,65,60,0,0,2,0,0,0,0
EASTERN,Lower Manya Krobo Municipality,Zakope,Saini Morrison Eng Ltd,SHEP-4-ER-LMKMA-SMEL-08-16,60,60,60,60,80,80,80,80,1,1,1,0,100
EASTERN,Nkawkaw District,Antwikrom,Restoration Bosco Ltd,,8,0,0,0,36,0,0,0,1,0,0,0,0
EASTERN,Nkawkaw District,Aprawiem Ext,Bosco Light Company Ltd,SHEP-4-ER-NM-BLCL-6-22,4,0,0,0,32,0,0,0,1,0,0,0,0
EASTERN,Nkawkaw District,"Asempanaye 1, 2, 3",Jenak Elect Eng,,15,0,0,0,25,0,0,0,0,0,0,0,0
EASTERN,Nkawkaw District,Atawase,Restoration Bosco Ltd,,41,0,0,0,48,0,0,0,1,0,0,0,0
EASTERN,Nkawkaw District,Kontompa No. 1,Jenak Elect Eng,,10,0,0,0,30,0,0,0,1,0,0,0,0
EASTERN,Nkawkaw District,Kontompa No. 2,Jenak Elect Eng,,8,0,0,0,27,0,0,0,1,0,0,0,0
EASTERN,Nkawkaw District,Kontompa No. 3,Bosco Light Company Ltd,SHEP-4-ER-NM-BLCL-6-22,7,0,0,0,42,0,0,0,1,0,0,0,0
EASTERN,Nsawam Adoagyiri Municipality,Adjoago,Bosco Light Company Ltd,SHEP-4-ER-NAD-BLCL-10-17,26,30,30,30,50,45,45,45,1,1,1,0,0
EASTERN,Nsawam Adoagyiri Municipality,Akototse,Saini Morrison Eng Ltd,SHEP-4-ER-NAD-SMEL-10-17-01,32,32,32,32,25,25,25,25,1,0,0,0,0
EASTERN,Nsawam Adoagyiri Municipality,Akwamu Chinto,Saini Morrison Eng Ltd,SHEP-4-ER-NAD-SMEL-10-17-01,15,15,15,15,80,60,60,60,1,0,0,0,0
EASTERN,Nsawam Adoagyiri Municipality,Ankwa Dobro No.1,Saini Morrison Eng Ltd,SHEP-4-ER-NAD-SMEL-10-17-01,15,15,15,15,200,200,200,200,2,0,0,0,0
EASTERN,Nsawam Adoagyiri Municipality,Ankwa Dobro No.2,Saini Morrison Eng Ltd,SHEP-4-ER-NAD-SMEL-10-17-01,8,8,8,8,100,100,100,100,1,0,0,0,0
EASTERN,Nsawam Adoagyiri Municipality,Ankwa Dobro No.3,Saini Morrison Eng Ltd,SHEP-4-ER-NAD-SMEL-10-17-01,15,15,15,15,100,100,100,100,1,0,0,0,0
EASTERN,Nsawam Adoagyiri Municipality,Dadekrom,Powertech Ventures,SHEP-4-SP-ER-NAD-PV-09-16,14,24,24,24,45,27,27,27,1,1,1,0,57
EASTERN,Nsawam Adoagyiri Municipality,Fotobi,Saini Morrison Eng Ltd,SHEP-4-ER-NAD-SMEL-10-17-01,2,2,2,2,100,75,75,75,1,0,0,0,0
EASTERN,Nsawam Adoagyiri Municipality,Kwaku Tawiah Panpanso,Powertech Ventures,SHEP-4-SP-ER-NAD-PV-09-16,7,13,13,13,57,37,37,37,1,1,1,0,61
EASTERN,Nsawam Adoagyiri Municipality,Kwasitenten,Powertech Ventures,SHEP-4-SP-ER-NAD-PV-09-16,2,2,2,2,55,55,55,1,1,1,1,0,0
EASTERN,Nsawam Adoagyiri Municipality,Ningo Panpanso,Powertech Ventures,SHEP-4-SP-ER-NAD-PV-09-16,12,28,28,28,43,30,30,30,1,1,1,0,55
EASTERN,Nsawam Adoagyiri Municipality,Nkyenekyene Amanfrom,Bosco Light Company Ltd,SHEP-4-ER-NAD-BLCL-10-17,2,2,2,2,60,95,95,95,1,1,1,0,0
EASTERN,Nsawam Adoagyiri Municipality,Nyamebekyere panpanso,Powertech Ventures,SHEP-4-SP-ER-NAD-PV-09-16,8,17,17,17,48,32,32,1,1,1,1,0,60
EASTERN,Nsawam Adoagyiri Municipality,Obedeka,Bosco Light Company Ltd,SHEP-4-ER-NAD-BLCL-10-17,2,29,29,29,30,79,79,79,1,1,1,0,73
EASTERN,Nsawam Adoagyiri Municipality,Pepraw,Bosco Light Company Ltd,SHEP-4-ER-NAD-BLCL-10-17,30,27,27,27,30,40,40,40,1,1,1,0,0
EASTERN,Nsawam Adoagyiri Municipality,Wangara New Site,Bosco Light Company Ltd,SHEP-4-ER-NAD-BLCL-10-17,15,9,9,9,70,99,99,99,1,1,1,0,0
EASTERN,Upper West Akim,Abam,Jondee Limited,SP-ER-UWA-JL-2-24,0,0,0,0,0,0,0,0,0,0,0,0,0
EASTERN,Upper West Akim,Abokyikrom,Jondee Limited,SP-ER-UWA-JL-2-24,0,0,0,0,0,0,0,0,0,0,0,0,0
EASTERN,Upper West Akim,Akim Nyanoa,Jondee Limited,SP-ER-UWA-JL-2-24,0,0,0,0,0,0,0,0,0,0,0,0,0
EASTERN,Upper West Akim,Amanfrom,Jondee Limited,SP-ER-UWA-JL-2-24,0,0,0,0,0,0,0,0,0,0,0,0,0
EASTERN,Upper West Akim,Asikasu,Jondee Limited,SP-ER-UWA-JL-2-24,0,0,0,0,0,0,0,0,0,0,0,0,0
EASTERN,Upper West Akim,Asuokwa,Jondee Limited,SP-ER-UWA-JL-2-24,0,0,0,0,0,0,0,0,0,0,0,0,0
EASTERN,Upper West Akim,Atimatim,Jondee Limited,SP-ER-UWA-JL-2-24,0,0,0,0,0,0,0,0,0,0,0,0,0
EASTERN,Upper West Akim,Awamfi,Jondee Limited,SP-ER-UWA-JL-2-24,0,0,0,0,0,0,0,0,0,0,0,0,0
EASTERN,Upper West Akim,Babytse,Jondee Limited,SP-ER-UWA-JL-2-24,0,0,0,0,0,0,0,0,0,0,0,0,0
EASTERN,Upper West Akim,Breman,Jondee Limited,SP-ER-UWA-JL-2-24,0,0,0,0,0,0,0,0,0,0,0,0,0
EASTERN,Upper West Akim,Budu,Jondee Limited,SP-ER-UWA-JL-2-24,0,0,0,0,0,0,0,0,0,0,0,0,0
EASTERN,Upper West Akim,Essaso,Jondee Limited,SP-ER-UWA-JL-2-24,0,0,0,0,0,0,0,0,0,0,0,0,0
EASTERN,Upper West Akim,Krodua,Jondee Limited,SP-ER-UWA-JL-2-24,0,0,0,0,0,0,0,0,0,0,0,0,0
EASTERN,Upper West Akim,Mepon,Jondee Limited,SP-ER-UWA-JL-2-24,0,0,0,0,0,0,0,0,0,0,0,0,0
EASTERN,Upper West Akim,Takrorase,Jondee Limited,SP-ER-UWA-JL-2-24,0,0,0,0,0,0,0,0,0,0,0,0,0
EASTERN,YILO KROBO DISTRICT,SOMANYA HOSPITAL,FAZ PLAX COMPANY LIMITED,SHEP-4-ER-FPLC-YKD-09-18,60,60,60,60,200,200,200,200,2,2,2,0,0
Greater Accra,Ada,Akpablanya,Charles and Stephen Const Co,SHEP-4-GAR-AWD-CSCCL-10-15,3,3,3,3,45,48,28,28,1,1,1,0,0
Greater Accra,Ada,Anyamam,Charles and Stephen Const Co,SHEP-4-GAR-AWD-CSCCL-10-15,0,0,0,0,50,40,30,30,0,0,0,0,0
Greater Accra,Ada,Kposem,Charles and Stephen Const Co,SHEP-4-GAR-AWD-CSCCL-10-15,4,5,5,5,50,50,50,50,1,1,1,0,90
Greater Accra,Ada,Matsekope,Charles and Stephen Const Co,SHEP-4-GAR-AWD-CSCCL-10-15,0,0,0,0,30,30,30,30,0,0,0,0,0
Greater Accra,Ada,Sege,Pabico Electrical Company Limited,SHEP-4-GR-AD-PECL-07-24,0,0,0,0,0,0,0,0,0,0,0,0,0
Greater Accra,Ada West,Adjumanikope/Kpotsum Agbedrafo Bonikope,Blue Truth Ventures,SHEP-4-GAR-AWD-BTV-10-19,7,0,0,0,65,26,26,26,0,0,0,0,0
Greater Accra,Ada West,Akplamanya #1,Blue Truth Ventures,SHEP-4-GAR-AWD-BTV-10-19,6,0,0,0,40,0,0,0,0,0,0,0,0
Greater Accra,Ada West,Akplamanya #2,Blue Truth Ventures,SHEP-4-GAR-AWD-BTV-10-19,6,0,0,0,40,0,0,0,0,0,0,0,0
Greater Accra,Ada West,Amatekoni,Blue Truth Ventures,SHEP-4-GAR-AWD-BTV-10-19,0,0,0,0,10,0,0,0,0,0,0,0,0
Greater Accra,Ada West,Anyamam #1,Blue Truth Ventures,SHEP-4-GAR-AWD-BTV-10-19,12,0,0,0,120,0,0,0,0,0,0,0,0
Greater Accra,Ada West,Anyamam #2,Blue Truth Ventures,SHEP-4-GAR-AWD-BTV-10-19,12,0,0,0,100,0,0,0,0,0,0,0,0
Greater Accra,Ada West,Azizakponya,Blue Truth Ventures,SHEP-4-GAR-AWD-BTV-10-19,0,0,0,0,15,0,0,0,0,0,0,0,0
Greater Accra,Ada West,Hwakpo,Blue Truth Ventures,SHEP-4-GAR-AWD-BTV-10-19,0,0,0,0,45,20,20,20,0,0,0,0,0
Greater Accra,Ada West,Koluedo,Blue Truth Ventures,SHEP-4-GAR-AWD-BTV-10-19,14,0,0,0,70,20,20,20,0,0,0,0,0
Greater Accra,Ada West,Lolonyakpo Titsekope,Blue Truth Ventures,SHEP-4-GAR-AWD-BTV-10-19,0,0,0,0,30,0,0,0,0,0,0,0,0
Greater Accra,Ada West,Mataheco Nakomkope,Blue Truth Ventures,SHEP-4-GAR-AWD-BTV-10-19,8,0,0,0,90,10,10,10,0,0,0,0,0
Greater Accra,Ada West,Matsekope/Koluedo Mahem,Blue Truth Ventures,SHEP-4-GAR-AWD-BTV-10-19,7,0,0,0,70,0,0,0,0,0,0,0,0
Greater Accra,Ada West,Sege Nakitsekope,Blue Truth Ventures,SHEP-4-GAR-AWD-BTV-10-19,0,0,0,0,40,8,8,8,0,0,0,0,0
Greater Accra,Ada West,Sege Nganorkope,Blue Truth Ventures,SHEP-4-GAR-AWD-BTV-10-19,12,0,0,0,80,0,0,0,0,0,0,0,0
Greater Accra,Ada West,Sege Tanihu Area,Blue Truth Ventures,SHEP-4-GAR-AWD-BTV-10-19,7,0,0,0,150,79,26,26,0,0,0,0,0
Greater Accra,Ada West,Sege Togblokukorpe #1,Blue Truth Ventures,SHEP-4-GAR-AWD-BTV-10-19,6,0,0,0,70,18,18,18,0,0,0,0,0
Greater Accra,Ada West,Sege Togblokukorpe #2,Blue Truth Ventures,SHEP-4-GAR-AWD-BTV-10-19,8,0,0,0,60,0,0,0,0,0,0,0,0
Greater Accra,Ada West,Sege Zanordor #1,Blue Truth Ventures,SHEP-4-GAR-AWD-BTV-10-19,7,0,0,0,100,13,13,13,0,0,0,0,0
Greater Accra,Ada West,Sege Zanordor #2,Blue Truth Ventures,SHEP-4-GAR-AWD-BTV-10-19,7,0,0,0,100,15,15,15,0,0,0,0,0
Greater Accra,Ada West,Sege Zanordor #3,Blue Truth Ventures,SHEP-4-GAR-AWD-BTV-10-19,4,0,0,0,100,0,0,0,0,0,0,0,0
Greater Accra,Ada West,Sorkope/Sege se,Blue Truth Ventures,SHEP-4-GAR-AWD-BTV-10-19,0,0,0,0,12,0,0,0,0,0,0,0,0
Greater Accra,Ada West,Toflokpo/Salom,Blue Truth Ventures,SHEP-4-GAR-AWD-BTV-10-19,0,0,0,0,40,0,0,0,0,0,0,0,0
Greater Accra,Ada West,Wokumagbe,Blue Truth Ventures,SHEP-4-GAR-AWD-BTV-10-19,0,0,0,0,60,0,0,0,0,0,0,0,0
Greater Accra,Ada West,Wonyi,Blue Truth Ventures,SHEP-4-GAR-AWD-BTV-10-19,62,0,0,0,40,0,0,0,0,0,0,0,0
Greater Accra,Ga,O.Reilly Snr High,Washdan Comp. Ltd,SHEP-4-GAR-GD-WECL-08-20,4,3,3,0,25,26,26,0,1,0,0,0,0
Greater Accra,Ga South,Aboasa,Faz Plax Ltd,SHEP-4-SP-FPL-GSD-09-16-02,35,36,36,36,60,70,70,70,1,1,1,0,0
Greater Accra,Ga South,Adiembra/ Bokor/Gavor,Glory Lord Ghana Ltd,SHEP-4-GAR-GSD-GLGL-09-16,1,0,0,0,70,0,0,0,1,0,0,0,0
Greater Accra,Ga South,Agbon,Faz Plax Ltd,SHEP-4-SP-FPL-GSD-09-16-02,36,42,42,25,60,40,4,4,1,1,1,0,0
Greater Accra,Ga South,Asuadza,Glory Lord Ghana Ltd,SHEP-4-GAR-GSD-GLGL-09-16,6,0,0,0,30,0,0,0,1,0,0,0,0
Greater Accra,Ga South,Awuku Klutse/Avukope,Glory Lord Ghana Ltd,SHEP-4-GAR-GSD-GLGL-09-16,1,0,0,0,35,0,0,0,1,0,0,0,0
Greater Accra,Ga South,Bisiase/ Gadose,Faz Plax Ltd,SHEP-4-SP-FPL-GSD-09-16-02,1,3,3,3,26,28,28,0,1,1,1,0,0
Greater Accra,Ga South,Bittor,Glory Lord Ghana Ltd,SHEP-4-GAR-GSD-GLGL-09-16,13,0,0,0,30,0,0,0,1,0,0,0,0
Greater Accra,Ga South,Congo/Horkope,Faz Plax Ltd,SHEP-4-SP-FPL-GSD-09-16-02,32,25,8,8,120,70,70,20,1,1,1,0,0
Greater Accra,Ga South,Degbordzi Kope,Faz Plax Ltd,SHEP-4-SP-FPL-GSD-09-16-02,18,18,18,28,70,79,79,79,1,1,1,0,0
Greater Accra,Ga South,Heddy/Gbolo/Tudiza/ Ahiamadzor,Glory Lord Ghana Ltd,SHEP-4-GAR-GSD-GLGL-09-16,24,24,24,9,70,0,0,0,2,0,0,0,0
Greater Accra,Ga South,Hobor,Glory Lord Ghana Ltd,SHEP-4-GAR-GSD-GLGL-09-16,1,0,0,0,70,0,0,0,2,0,0,0,0
Greater Accra,Ga South,Honi Adaloma,Faz Plax Ltd,SHEP-4-SP-FPL-GSD-09-16-02,9,18,18,18,25,87,87,40,1,1,1,0,0
Greater Accra,Ga South,Konkonpe Area,Glory Lord Ghana Ltd,SHEP-4-GAR-GSD-GLGL-09-16,30,15,15,0,120,0,0,0,1,0,0,0,0
Greater Accra,Ga South,Krobutu,Trust Power,SHEP-4-GAR-GSD-TPL-02-20,9,0,0,0,30,30,30,30,1,0,0,0,0
Greater Accra,Ga South,Kwaku Antwi/Kpota,Glory Lord Ghana Ltd,SHEP-4-GAR-GSD-GLGL-09-16,1,0,0,0,60,0,0,0,1,0,0,0,0
Greater Accra,Ga South,Kwame Yedu,Glory Lord Ghana Ltd,SHEP-4-GAR-GSD-GLGL-09-16,5,0,0,0,20,0,0,0,1,0,0,0,0
Greater Accra,Ga South,Odonko/Adator,Faz Plax Ltd,SHEP-4-SP-FPL-GSD-09-16-02,14,18,18,18,65,74,64,64,1,1,1,0,0
Greater Accra,Ga South,Okine/Mayigbor,Glory Lord Ghana Ltd,SHEP-4-GAR-GSD-GLGL-09-16,11,14,14,0,30,0,0,0,1,0,0,0,0
Greater Accra,Ga South,Okortorbu,Faz Plax Ltd,SHEP-4-SP-FPL-GSD-09-16-02,26,14,18,18,39,49,49,49,1,1,1,0,0
Greater Accra,Ga South,Okpe,Glory Lord Ghana Ltd,SHEP-4-GAR-GSD-GLGL-09-16,18,0,0,0,60,0,0,0,1,0,0,0,0
Greater Accra,Ga South,Omane,Faz Plax Ltd,SHEP-4-SP-FPL-GSD-09-16-02,14,0,0,0,25,25,25,25,1,0,0,0,0
Greater Accra,Ga South,Sakyiama,Trust Power,SHEP-4-GAR-GSD-TPL-02-20,10,0,0,0,32,31,22,22,1,0,0,0,0
Greater Accra,Ga South,Singa,Glory Lord Ghana Ltd,SHEP-4-GAR-GSD-GLGL-09-16,1,0,0,0,30,0,0,0,1,0,0,0,0
Greater Accra,Ga South,Sosi/Minyanu,Glory Lord Ghana Ltd,SHEP-4-GAR-GSD-GLGL-09-16,28,43,42,42,65,0,0,0,1,0,0,0,0
Greater Accra,Ga South,Tamese,Glory Lord Ghana Ltd,SHEP-4-GAR-GSD-GLGL-09-16,11,0,0,0,25,0,0,0,1,0,0,0,0
Greater Accra,Ga South,Tebu No. 1,Faz Plax Ltd,SHEP-4-SP-FPL-GSD-09-16-02,19,17,17,17,130,80,5,5,1,1,1,0,0
Greater Accra,Ga South,Tebu No. 2,Faz Plax Ltd,SHEP-4-SP-FPL-GSD-09-16-02,26,19,19,19,110,40,34,34,1,1,1,0,0
Greater Accra,Ga South,Tettey Kofi,Trust Power,SHEP-4-GAR-GSD-TPL-02-20,20,0,0,0,30,37,0,0,1,0,0,0,0
Greater Accra,Ga South,Wawase/ Aabade New Site,Glory Lord Ghana Ltd,SHEP-4-GAR-GSD-GLGL-09-16,9,9,9,0,70,0,0,0,1,0,0,0,0
Greater Accra,Ga West,Abaman,William Tei Ltd,SHEP-4-GAR-GWD-WTL-11-19,15,15,15,15,74,74,74,74,1,1,1,0,292
Greater Accra,Ga West,Aborkope,William Tei Ltd,SHEP-4-GAR-GWD-WTL-11-19,16,0,0,0,56,0,0,0,1,0,0,0,328
Greater Accra,Ga West,Achiaman Newtown,William Tei Ltd,SHEP-4-GAR-GWD-WTL-11-19,56,0,0,0,221,50,50,50,4,0,0,0,193
Greater Accra,Ga West,Arderman Village,William Tei Ltd,SHEP-4-GAR-GWD-WTL-11-19,47,0,0,0,240,110,110,110,3,0,0,0,236
Greater Accra,Ga West,Papase No. 1,William Tei Ltd,SHEP-4-GAR-GWD-WTL-11-19,0,0,0,0,0,0,0,0,0,0,0,0,169
Greater Accra,Ga West,Papase No. 2,William Tei Ltd,SHEP-4-GAR-GWD-WTL-11-19,0,0,0,0,0,0,0,0,0,0,0,0,232
Greater Accra,Kpone Kantamanso,Agbeshi Laryea/Anti Araba,Faz Plax Ltd,SHEP-4-GTA-KKD-BTV-08-19,6,6,6,6,15,15,15,15,2,2,2,0,0
Greater Accra,Kpone Kantamanso,Ayigbey Town,Bosco Light Comp. Ltd,SHEP-4-GAR-KKD-BLCL-07-19,6,6,0,0,80,72,72,0,0,0,0,0,0
Greater Accra,Kpone Kantamanso,Gonyitey,Bosco Light Comp. Ltd,SHEP-4-GAR-KKD-BLCL-07-19,9,6,0,0,70,70,70,0,0,0,0,0,0
Greater Accra,Kpone Kantamanso,Green/Rock City,Faz Plax Ltd,SHEP-4-GTA-KKD-BTV-08-19,21,21,21,21,27,27,27,27,1,1,1,0,0
Greater Accra,Kpone Kantamanso,Kubekrom/Switzerland(Tergon),Faz Plax Ltd,SHEP-4-GTA-KKD-BTV-08-19,6,6,6,6,73,73,73,73,2,2,2,0,0
Greater Accra,Kpone Kantamanso,New City # 1,Bosco Light Comp. Ltd,SHEP-4-GAR-KKD-BLCL-07-19,15,4,0,0,100,36,36,0,0,0,0,0,0
Greater Accra,Kpone Kantamanso,New City # 2,Bosco Light Comp. Ltd,SHEP-4-GAR-KKD-BLCL-07-19,11,8,0,0,100,96,96,0,0,0,0,0,0
Greater Accra,Kpone Kantamanso,New City # 3,Bosco Light Comp. Ltd,SHEP-4-GAR-KKD-BLCL-07-19,7,0,0,0,80,86,86,0,0,0,0,0,0
Greater Accra,Kpone Kantamanso,Saasabi,Faz Plax Ltd,FY/227/225/01J/21/12/2020,0,10,10,10,0,70,70,38,1,1,1,0,0
Greater Accra,Kpone Kantamanso,Tergon Project,Bosco Light Comp. Ltd,SHEP-4-GAR-KKD-BLCL-07-19,7,7,0,0,100,127,127,0,0,0,0,0,0
Greater Accra,Ningo Prampram,Akuwaba,Saini Morrison Eng,S4-SP-NPD-SMEL-04-16,25,24,24,24,70,83,75,75,2,1,1,0,0
Greater Accra,Ningo Prampram,Buerko,Saini Morrison Eng,S4-SP-NPD-SMEL-04-16,25,24,22,22,70,70,70,70,1,1,1,0,0
Greater Accra,Ningo Prampram,Melagunya,Faz Plax Ltd,SHEP-4-GAR-NPDA-FPL-10-16,53,50,50,49,60,55,36,36,1,1,0,0,0
Greater Accra,Ningo Prampram,Minya,Saini Morrison Eng,S4-SP-NPD-SMEL-04-16,40,34,34,34,60,69,69,69,1,1,1,0,0
Greater Accra,Ningo Prampram,Tsikpatsi/Mataheko,Saini Morrison Eng,S4-SP-NPD-SMEL-04-16,33,44,44,44,100,109,109,109,2,2,2,0,0
Greater Accra,Ningo Prampram,Vakpor,Saini Morrison Eng,S4-SP-NPD-SMEL-04-16,10,7,7,7,40,42,42,42,1,1,0,0,0
Greater Accra,Shai Osudoku,Agortor,Jenak Elec. Eng,SHEP-4-GAR-SOD-JEL-09-19-001,73,0,0,0,75,0,0,0,1,0,0,0,0
Greater Accra,Shai Osudoku,Dedenya,3-DAG Engineering,S4-SP-3DECL-SOD-11-16,46,49,47,28,150,61,40,40,1,0,0,0,0
Greater Accra,Shai Osudoku,Hornye,Jenak Elec. Eng,SHEP-4-GAR-SOD-JEL-09-19-001,34,0,0,0,60,51,0,0,1,0,0,0,0
Greater Accra,Shai Osudoku,Kpeyohe,Jenak Elec. Eng,SHEP-4-GAR-SOD-JEL-09-19-001,23,0,0,0,65,51,0,0,1,0,0,0,0
Greater Accra,Shai Osudoku,Kwesi Kuma,Jenak Elec. Eng,SHEP-4-GAR-SOD-JEL-09-19-001,11,0,0,0,65,0,0,0,1,0,0,0,0
Greater Accra,Shai Osudoku,Manya-Jorpanya,3-DAG Engineering,S4-SP-3DECL-SOD-11-16,5,6,6,0,65,80,59,56,1,0,0,0,0
Greater Accra,Shai Osudoku,Narkope,3-DAG Engineering,S4-SP-3DECL-SOD-11-16,5,8,8,0,55,52,55,55,1,0,0,0,0
NORTHERN,GUSHEGU,DEYUDILI,M.Y ELECTRICALS,SHEP-4-NR-GD-MYEE-01-2021,0,20,20,20,8,8,8,8,1,1,1,0,0
NORTHERN,GUSHEGU,SUKAYA,M.Y ELECTRICALS,SHEP-4-NR-GD-MYEE-01-2021,50,39,39,39,28,28,28,28,1,1,0,0,0
NORTHERN,GUSHEGU,YISHEI,M.Y ELECTRICALS,SHEP-4-NR-GD-MYEE-01-2021,0,22,22,22,8,8,8,8,1,1,1,0,0
NORTHERN,GUSHEGU,ZORI YIPALA,M.Y ELECTRICALS,SHEP-4-NR-GD-MYEE-01-2021,0,0,0,0,17,17,17,17,1,1,1,0,0
NORTHERN,KARAGA,AGRIC,M.Y ELECTRICALS,SHEP-4-NR-KD-NYEL-12-19,19,19,19,19,135,120,120,110,1,0,0,0,0
NORTHERN,KARAGA,BAGURUGU,HUDU FAM,SHEP-4-NR-KD-HFEL-10-19,0,0,0,0,40,40,0,0,0,0,0,0,0
NORTHERN,KARAGA,DABULO,GARGASH ENT.,SHEP-4-NR-KD-GEL-12-19,4,0,0,0,10,10,10,10,1,0,0,0,0
NORTHERN,KARAGA,DAPALIFONG,M.Y ELECTRICALS,SHEP-4-NR-KD-NYEL-12-19,7,7,7,7,120,120,120,120,0,0,0,0,0
NORTHERN,KARAGA,GBANYAMNI,NANTOGMAH,SHEP-4-NR-KD-NEL-10-19,5,5,5,5,40,40,40,0,1,1,1,0,0
NORTHERN,KARAGA,"KARAGA NORTH, SOUTH AND D/A AREA",BF 21,SHEP-4-NR-KD-BF21E-09-2022,43,0,0,0,522,204,0,0,0,0,0,0,0
NORTHERN,KARAGA,KPONLANYILI,GARGASH ENT.,SHEP-4-NR-KD-GEL-12-19,24,0,0,0,60,42,42,42,0,0,0,0,0
NORTHERN,KARAGA,KPUNJING,NANTOGMAH,SHEP-4-NR-KD-NEL-10-19,0,0,0,0,40,40,0,0,1,0,0,0,0
NORTHERN,KARAGA,LANGOGU,NANTOGMAH,SHEP-4-NR-KD-NEL-10-19,0,0,0,0,38,30,30,30,0,0,0,0,0
NORTHERN,KARAGA,NAKPALGA,TASCO ELECTRICALS,SHEP-4-NR-KD-TEL-12-19,70,0,0,0,40,37,37,37,1,0,0,0,0
NORTHERN,KARAGA,NAMANDU,NANTOGMAH,SHEP-4-NR-KD-NEL-10-19,0,0,0,0,55,40,0,0,0,0,0,0,0
NORTHERN,KARAGA,NATILIFONG NO. 2,M.Y ELECTRICALS,SHEP-4-NR-KD-NYEL-12-19,0,0,0,0,130,130,130,130,0,0,0,0,0
NORTHERN,KARAGA,NYONG GUMA,GARGASH ENT.,SHEP-4-NR-KD-GEL-12-19,14,0,0,0,35,32,32,32,1,0,0,0,0
NORTHERN,KARAGA,PISHIGU,HUDU FAM,SHEP-4-NR-KD-HFEL-10-19,0,0,0,0,78,60,0,0,0,0,0,0,0
NORTHERN,KARAGA,PUKURA,TASCO ELECTRICALS,SHEP-4-NR-KD-TEL-12-19,101,0,0,0,45,0,0,0,1,0,0,0,0
NORTHERN,KARAGA,SANGA,NANTOGMAH,SHEP-4-NR-KD-NEL-10-19,0,0,0,0,36,36,0,0,1,0,0,0,0
NORTHERN,KARAGA,SHAMSIA,M.Y ELECTRICALS,SHEP-4-NR-KD-NYEL-12-19,0,0,0,0,100,64,64,64,0,0,0,0,0
NORTHERN,KARAGA,SOLOGU,TASCO ELECTRICALS,SHEP-4-NR-KD-TEL-12-19,60,0,0,0,75,0,0,0,1,0,0,0,0
NORTHERN,KARAGA,SUGRI/YILANG,TASCO ELECTRICALS,SHEP-4-NR-KD-TEL-12-19,12,0,0,0,60,20,20,20,1,0,0,0,0
NORTHERN,KARAGA,SUNG,HUDU FAM,SHEP-4-NR-KD-HFEL-10-19,0,0,0,0,65,40,0,0,0,0,0,0,0
NORTHERN,KARAGA,TAMALGU,HUDU FAM,SHEP-4-NR-KD-HFEL-10-19,2,0,0,0,65,0,0,0,1,0,0,0,0
NORTHERN,KARAGA,TONG,NANTOGMAH,SHEP-4-NR-KD-NEL-10-19,4,0,0,0,37,20,0,0,1,0,0,0,0
NORTHERN,KARAGA,VOWARI,GARGASH ENT.,SHEP-4-NR-KD-GEL-12-19,31,0,0,0,45,45,45,45,1,0,0,0,0
NORTHERN,KARAGA,YAPALSI,M.Y ELECTRICALS,SHEP-4-NR-KD-NYEL-12-19,8,8,8,8,120,60,60,60,1,0,0,0,0
NORTHERN,KARAGA,ZINYEE,GARGASH ENT.,SHEP-4-NR-KD-GEL-12-19,24,0,0,0,60,60,60,60,1,0,0,0,0
NORTHERN,KPANDAI,BADULI,MOHATU,SHEP-4-NR-KD-MEEL-17,12,10,10,10,100,90,90,90,1,1,1,144,10
NORTHERN,KPANDAI,BEHIND LORRY STATION,MOHATU,SHEP-4-NR-KD-MEEL-17,10,0,0,0,154,150,150,150,1,0,0,0,0
NORTHERN,KPANDAI,KOKOMBA CHIEF PALACE,MOHATU,SHEP-4-NR-KD-MEEL-17,10,0,0,0,64,30,0,0,1,0,0,0,0
NORTHERN,KPANDAI,KOKONAJE AREA,MOHATU,SHEP-4-NR-KD-MEEL-17,12,12,0,0,89,30,0,0,1,0,0,0,0
NORTHERN,KPANDAI,KPANSEC CAMP,MOHATU,SHEP-4-NR-KD-MEEL-17,0,0,0,0,55,51,0,0,0,0,0,0,0
NORTHERN,KPANDAI,LONTO,MOHATU ELCTRICAL ENGINEERING LIMITED,SHEP-NR-KD-MOH-15,0,0,0,0,0,0,0,0,1,1,0,0,0
NORTHERN,KPANDAI,NKANCHINA 1&2,MOHATU,SHEP5-NR-KD-MEL-16,132,132,132,132,220,206,206,206,4,4,4,0,0
NORTHERN,KPANDAI,POLYCLINIC AREA,MOHATU,SHEP-4-NR-KD-MEEL-17,12,12,0,0,102,94,0,0,1,0,0,0,0
NORTHERN,KPANDAI,ZONGO,MOHATU,SHEP-4-NR-KD-MEEL-17,5,0,0,0,86,80,0,0,1,0,0,0,0
NORTHERN,KUMBUNGU,GINGAANI,JETUMAH ELECTRICALS,SHEP-5-KD-JEL-16,54,54,54,54,150,150,150,135,4,3,3,0,0
NORTHERN,NANTON,BILPELIA,MOHATU,SHEP-4-NR-ND-MOH-03-19,7,7,0,0,80,80,0,0,1,0,0,0,0
NORTHERN,NANTON,KABONGYAGA,MOHATU,SHEP-4-NR-ND-MOH-03-19,0,0,0,0,80,80,0,0,1,0,0,0,0
NORTHERN,NANTON,NYIRIGIYILI,MOHATU,SHEP-4-NR-ND-MOH-03-19,16,12,0,0,15,15,11,11,1,0,0,0,0
NORTHERN,NANTON,SAHANI/KPUKPALGU,TUBANDE,SHEP4-NR-SNM-TE-09-16,174,170,170,98,140,66,66,66,3,1,1,0,0
NORTHERN,NANTON,SANVULI,MOHATU,SHEP-4-NR-ND-MOH-03-19,0,0,0,0,30,30,21,21,1,0,0,0,0
NORTHERN,NANTON,ZOOZUGU,MOHATU,SHEP-4-NR-ND-MOH-03-19,5,5,0,0,100,80,48,48,1,0,0,0,0
NORTHERN,NANUMBA NORTH,BACHADO,MOHATU,SHEP-4-NR-NND-MEEL-12-18,26,26,0,0,40,40,0,0,1,0,0,0,0
NORTHERN,NANUMBA NORTH,BAGUO,MOHATU,SHEP-4-NR-NND-MEEL-12-18,26,26,0,0,30,30,30,28,1,1,0,0,0
NORTHERN,NANUMBA NORTH,BILIMADO,MOHATU,SHEP-4-NR-NND-MEEL-12-18,52,50,50,50,100,96,96,96,1,1,1,0,0
NORTHERN,NANUMBA NORTH,BINCHARATANG HILLTOP,NYANAB GH. LTD.,SHEP-4-NND-N(GH)L-02-16,2,0,0,0,50,50,50,50,1,0,0,0,0
NORTHERN,NANUMBA NORTH,BINCHARATANG KPALTIDO,NYANAB GH. LTD.,SHEP-4-NND-N(GH)L-02-16,0,0,0,0,0,0,0,0,0,0,0,0,0
NORTHERN,NANUMBA NORTH,BOLNI,MOHATU,SHEP-4-NR-NND-MEEL-12-18,91,84,84,84,60,56,56,48,1,1,1,0,0
NORTHERN,NANUMBA NORTH,BUNGULOW,NYANAB GH. LTD.,SHEP-4-NND-N(GH)L-02-16,0,0,0,0,0,0,0,0,0,0,0,0,0
NORTHERN,NANUMBA NORTH,DAMBADO,NYANAB GH. LTD.,SHEP-4-NND-N(GH)L-02-16,16,0,0,0,0,0,0,0,0,0,0,0,0
NORTHERN,NANUMBA NORTH,DEENI,MOHATU,SHEP-4-NR-NND-MEEL-12-18,26,26,0,0,80,63,63,63,1,0,0,0,0
NORTHERN,NANUMBA NORTH,FALAKUGMADO,E.K. KWASAK,SHEP-4-NR-NND-EKKCL-12-18,78,78,78,78,60,60,60,60,1,0,0,0,0
NORTHERN,NANUMBA NORTH,GBORANI,FIDELITY,SHEP-5-NND-FGSL-16,16,16,16,16,50,47,47,46,1,0,0,0,0
NORTHERN,NANUMBA NORTH,GULNYASI,NYANAB GH. LTD.,SHEP-4-NND-N(GH)L-02-16,12,0,0,0,52,52,52,52,0,0,0,0,0
NORTHERN,NANUMBA NORTH,JAKODO,NYANAB GH. LTD.,SHEP-4-NND-N(GH)L-02-16,2,0,0,0,0,0,0,0,0,0,0,0,0
NORTHERN,NANUMBA NORTH,JEJI,MOHATU,SHEP-4-NR-NND-MEEL-12-18,13,0,0,0,80,0,0,0,1,0,0,0,0
NORTHERN,NANUMBA NORTH,JUANAYILI,MOHATU ELECTRICALS,SHEP-4-NR-NND-MEEL-08-19,88,86,86,72,60,0,0,0,1,0,0,0,0
NORTHERN,NANUMBA NORTH,JUASEI SOGON,NYANAB GH. LTD.,SHEP-4-NND-N(GH)L-02-16,19,19,25,25,60,60,60,60,2,2,1,0,0
NORTHERN,NANUMBA NORTH,JUO,E.K. KWASAK,SHEP-4-NR-NND-EKKCL-12-18,39,39,39,39,120,120,120,120,1,1,1,117,9
NORTHERN,NANUMBA NORTH,KALEO,FIDELITY,SHEP-5-NND-FGSL-16,101,100,80,77,70,59,59,59,2,0,0,0,0
NORTHERN,NANUMBA NORTH,KAPAKANDI,MOHATU,SHEP-4-NR-NND-MEEL-12-18,39,30,30,30,60,60,60,58,1,1,0,0,0
NORTHERN,NANUMBA NORTH,KASAPOL,MOHATU,SHEP-4-NR-NND-MEEL-12-18,26,0,0,0,60,0,0,0,1,0,0,0,0
NORTHERN,NANUMBA NORTH,KATAJELI,MOHATU,SHEP-4-NR-NND-MEEL-12-18,26,26,26,20,160,82,82,82,1,1,1,0,0
NORTHERN,NANUMBA NORTH,KUBOABU,E.K. KWASAK,SHEP-4-NR-NND-EKKCL-12-18,39,39,0,0,40,40,0,0,1,0,0,0,0
NORTHERN,NANUMBA NORTH,LASIMDO,NYANAB GH. LTD.,SHEP-4-NND-N(GH)L-02-16,19,0,0,0,0,0,0,0,0,0,0,0,0
NORTHERN,NANUMBA NORTH,MACHONI,E.K. KWASAK,SHEP-4-NR-NND-EKKCL-12-18,78,65,65,14,100,55,0,0,1,0,0,0,0
NORTHERN,NANUMBA NORTH,MONKUADO,E.K. KWASAK,SHEP-4-NR-NND-EKKCL-12-18,20,0,0,0,40,30,30,30,1,0,0,0,0
NORTHERN,NANUMBA NORTH,MSKSYILI,NYANAB GH. LTD.,SHEP-4-NND-N(GH)L-02-16,28,0,0,0,0,0,0,0,0,0,0,0,0
NORTHERN,NANUMBA NORTH,NANOLI,NYANAB GH. LTD.,SHEP-4-NND-N(GH)L-02-16,0,0,0,0,0,0,0,0,0,0,0,0,0
NORTHERN,NANUMBA NORTH,NASONDO,NYANAB GH. LTD.,SHEP-4-NND-N(GH)L-02-16,0,0,0,0,0,0,0,0,0,0,0,0,0
NORTHERN,NANUMBA NORTH,NASWANI,MOHATU ELECTRICALS,SHEP-4-NR-NND-MEEL-08-19,84,80,80,68,40,0,0,0,1,0,0,0,0
NORTHERN,NANUMBA NORTH,NSAGMANDO,E.K. KWASAK,SHEP-4-NR-NND-EKKCL-12-18,117,94,94,94,80,54,54,54,1,0,0,0,0
NORTHERN,NANUMBA NORTH,NYEMANYEMANI,E.K. KWASAK,SHEP-4-NR-NND-EKKCL-12-18,33,33,33,0,100,71,67,67,1,0,0,0,0
NORTHERN,NANUMBA NORTH,OKANJABONDO,NYANAB GH. LTD.,SHEP-4-NND-N(GH)L-02-16,28,0,0,0,0,0,0,0,0,0,0,0,0
NORTHERN,NANUMBA NORTH,OKPANJANI,E.K. KWASAK,SHEP-4-NR-NND-EKKCL-12-18,39,0,0,0,80,0,0,0,0,0,0,0,0
NORTHERN,NANUMBA NORTH,SALNAYILI,E.K. KWASAK,SHEP-4-NR-NND-EKKCL-12-18,39,39,39,0,60,60,60,0,1,0,0,0,0
NORTHERN,NANUMBA NORTH,SIKPAM,E.K. KWASAK,SHEP-4-NR-NND-EKKCL-12-18,39,39,0,0,80,62,0,0,1,0,0,0,0
NORTHERN,NANUMBA NORTH,SIMNIBOMA,MOHATU,SHEP-4-NR-NND-MEEL-12-18,65,62,62,62,100,78,78,78,1,1,1,0,0
NORTHERN,NANUMBA NORTH,SOGON 1,NYANAB GH. LTD.,SHEP-4-NND-N(GH)L-02-16,0,0,0,0,0,0,0,0,0,0,0,0,0
NORTHERN,NANUMBA NORTH,SOGON 2,NYANAB GH. LTD.,SHEP-4-NND-N(GH)L-02-16,0,0,0,0,0,0,0,0,0,0,0,0,0
NORTHERN,NANUMBA NORTH,WORBOGU,FIDELITY,SHEP-5-NND-FGSL-16,144,125,90,86,70,70,70,70,2,0,0,0,0
NORTHERN,NANUMBA SOUTH,ASAFOATSE,ABUDU ELECTRICALS,SHEP-5-NR-AEEL-16,36,0,0,0,50,50,0,0,1,0,0,0,0
NORTHERN,NANUMBA SOUTH,BANDIYILI,ABUDU ELECTRICALS,SHEP-5-NR-AEEL-16,120,115,115,83,130,130,120,120,1,0,0,0,0
NORTHERN,NANUMBA SOUTH,GUNGUNI,ABUDU ELECTRICALS,SHEP-5-NR-AEEL-16,90,87,87,54,90,90,84,84,1,0,0,0,0
NORTHERN,NANUMBA SOUTH,KAPUGU,ABUDU ELECTRICALS,SHEP-5-NR-AEEL-16,30,13,13,0,50,50,47,47,1,0,0,0,0
NORTHERN,NANUMBA SOUTH,SAKPE,ABUDU ELECTRICALS,SHEP-5-NR-AEEL-16,48,39,39,32,150,150,137,137,1,0,0,0,0
NORTHERN,SABOBA,BICHAKIYADO,BI-NETTI,SHEP-5-SD-BI-NETTI-16,29,19,0,0,20,20,0,0,1,0,0,0,0
NORTHERN,SABOBA,NAMONGBANI,BI-NETTI,SHEP-5-SD-BI-NETTI-16,31,26,26,22,30,30,0,0,1,0,0,0,0
NORTHERN,SABOBA,NANKPAMBOLIN,BI-NETTI,SHEP-5-SD-BI-NETTI-16,58,58,58,58,20,20,20,20,1,1,1,45,3
NORTHERN,SABOBA,SAYAL/ZAMSHEIGU,BI-NETTI,SHEP-5-SD-BI-NETTI-16,41,31,0,0,50,0,0,0,1,0,0,0,0
NORTHERN,SABOBA,WANDAMDO,BI-NETTI,SHEP-5-SD-BI-NETTI-16,31,31,31,31,15,15,15,15,1,1,1,35,2
NORTHERN,SAGNARIGU,BATANGYILI,JETUMAH ELECTRICALS,SHEP-4-SD-JEL-16,0,0,0,0,33,0,0,0,0,0,0,0,0
NORTHERN,SAGNARIGU,DAMANKULI,JETUMAH ELECTRICALS,SHEP-4-SD-JEL-16,0,0,0,0,50,35,35,35,0,0,0,0,0
NORTHERN,SAGNARIGU,DUNGU,JETUMAH ELECTRICALS,SHEP-4-SD-JEL-16,0,0,0,0,38,31,31,31,0,0,0,0,0
NORTHERN,SAGNARIGU,GURUGU YIPALA,JETUMAH ELECTRICALS,SHEP-4-SD-JEL-16,0,0,0,0,43,0,0,0,0,0,0,0,0
NORTHERN,SAGNARIGU,KASALGU,JETUMAH ELECTRICALS,SHEP-4-SD-JEL-16,0,0,0,0,133,0,0,0,0,0,0,0,0
NORTHERN,SAGNARIGU,KATARIGA,GOD BLESS,SHEP5-SD-GBEEL-16,14,7,7,0,158,100,0,0,1,0,0,0,0
NORTHERN,SAGNARIGU,KATARIGA YAPALA,GOD BLESS,SHEP5-SD-GBEEL-16,37,5,5,0,400,370,0,0,2,0,0,0,0
NORTHERN,SAGNARIGU,KOGNI,JETUMAH ELECTRICALS,SHEP-4-SD-JEL-16,0,0,0,0,45,14,14,14,0,0,0,0,0
NORTHERN,SAGNARIGU,KUKUO YAPSI,JETUMAH ELECTRICALS,SHEP-4-SD-JEL-16,0,0,0,0,34,34,0,0,0,0,0,0,0
NORTHERN,SAGNARIGU,MALSHEGU,JETUMAH ELECTRICALS,SHEP-4-SD-JEL-16,0,0,0,0,53,23,23,23,0,0,0,0,0
NORTHERN,SAGNARIGU,NYESHEE,JETUMAH ELECTRICALS,SHEP-4-SD-JEL-16,0,0,0,0,54,13,13,13,0,0,0,0,0
NORTHERN,SAGNARIGU,SORIGU,JETUMAH ELECTRICALS,SHEP-4-SD-JEL-16,0,0,0,0,47,17,0,0,0,0,0,0,0
NORTHERN,SAGNARIGU,SUGASHIE,JETUMAH ELECTRICALS,SHEP-4-SD-JEL-16,0,0,0,0,57,0,0,0,0,0,0,0,0
NORTHERN,SAGNARIGU,TAMPE KUKUO,JETUMAH ELECTRICALS,SHEP-4-SD-JEL-16,0,0,0,0,38,16,16,16,0,0,0,0,0
NORTHERN,SAGNARIGU,WAYAMBA,JETUMAH ELECTRICALS,SHEP-4-SD-JEL-16,0,0,0,0,60,0,0,0,0,0,0,0,0
NORTHERN,SAGNARIGU,YAPALA KASALGU,GOD BLESS,SHEP5-SD-GBEEL-16,22,2,2,2,500,480,381,381,1,1,1,0,0
NORTHERN,SAGNARIGU,YILONAYILI,JETUMAH ELECTRICALS,SHEP-4-SD-JEL-16,0,0,0,0,72,20,20,20,0,0,0,0,0
NORTHERN,SAGNARIGU,YONG-DOONI,JETUMAH ELECTRICALS,SHEP-4-SD-JEL-16,0,0,0,0,28,28,0,0,0,0,0,0,0
NORTHERN,SAGNARIGU,ZAGYURI,JETUMAH ELECTRICALS,SHEP-4-SD-JEL-16,0,0,0,0,50,7,7,7,0,0,0,0,0
NORTHERN,SAVELUGU,DIGKPULI,AL-SOFWAN LTD,SHEP-4-NR-SD-ACL-05-19,84,84,0,0,90,80,56,56,1,0,0,0,0
NORTHERN,SAVELUGU,KUKOBILA TAMALGU,AL-SOFWAN LTD,SHEP-4-NR-SD-ACL-05-19,38,38,38,29,52,32,32,30,1,0,0,0,0
NORTHERN,SAVELUGU,SAAKPULI,AL-SOFWAN LTD,SHEP-4-NR-SD-ACL-05-19,90,88,0,0,116,103,102,102,1,0,0,0,0
NORTHERN,SAVELUGU,SANA,GOD BLESS,SHEP-5-S/NM-GBEEL-16,60,35,0,0,50,42,0,0,1,0,0,0,0
NORTHERN,SAVELUGU,TOOTANYILI,AL-SOFWAN LTD,SHEP-4-NR-SD-ACL-05-19,0,0,0,0,250,146,146,60,2,0,0,0,0
NORTHERN,SAVELUGU,ZAACH-TAANSI,AL-SOFWAN LTD,SHEP-4-NR-SD-ACL-05-19,0,0,0,0,198,180,180,162,2,0,0,0,0
NORTHERN,TAMALE METROPOLIS,TUGU,KAM TRADING & FARMS LIMITED,SHEP-NR-TMA-008-2025,0,0,0,0,0,0,0,0,0,0,0,0,0
NORTHERN,TAMALE SOUTH,BULPELA DAM,EDICAS AND SON,SHEP-4-NR-TSD-E&SCL-07-2020,7,0,0,0,0,0,0,0,1,0,0,0,0
NORTHERN,TAMALE SOUTH,CHANGNAYILI,EDICAS AND SON,SHEP-4-NR-TSD-E&SCL-07-2020,0,0,0,0,20,11,11,0,0,0,0,0,0
NORTHERN,TAMALE SOUTH,CHANZENI,EDICAS AND SON,SHEP-4-NR-TSD-E&SCL-07-2020,2,0,0,0,20,20,10,10,1,0,0,0,0
NORTHERN,TAMALE SOUTH,DABOGSHEI,GOD BLESS,SHEP-4-NR-TM-16,25,0,0,0,200,50,0,0,1,0,0,0,0
NORTHERN,TAMALE SOUTH,DATOYILI,EDICAS AND SON,SHEP-4-NR-TSD-E&SCL-07-2020,0,0,0,0,30,30,30,30,0,0,0,0,0
NORTHERN,TAMALE SOUTH,DOHINI,EDICAS AND SON,SHEP-4-NR-TSD-E&SCL-07-2020,4,0,0,0,0,0,0,0,1,0,0,0,0
NORTHERN,TAMALE SOUTH,GBEWA AREA,GOD BLESS,SHEP-4-NR-TM-16,19,0,0,0,200,115,0,0,1,0,0,0,0
NORTHERN,TAMALE SOUTH,KAKPAGYILI,GOD BLESS,SHEP-4-NR-TM-16,24,5,5,5,400,210,130,130,2,1,1,0,0
NORTHERN,TAMALE SOUTH,KOBLIMAHGU,GOD BLESS,SHEP-4-NR-TM-16,37,0,0,0,335,85,30,30,3,0,0,0,0
NORTHERN,TAMALE SOUTH,KUKUO,EDICAS AND SON,SHEP-4-NR-TSD-E&SCL-07-2020,5,0,0,0,0,0,0,0,1,0,0,0,0
NORTHERN,TAMALE SOUTH,PAGAZAA,EDICAS AND SON,SHEP-4-NR-TSD-E&SCL-07-2020,0,0,0,0,25,25,15,15,0,0,0,0,0
NORTHERN,TAMALE SOUTH,SHIZUGU,GOD BLESS,SHEP-4-NR-TM-16,12,0,0,0,250,50,0,0,2,0,0,0,0
NORTHERN,TAMALE SOUTH,ZUO,EDICAS AND SON,SHEP-4-NR-TSD-E&SCL-07-2020,5,0,0,0,35,35,0,0,1,0,0,0,0
NORTHERN,TATALE,BULKPALI,PRIMUS LABOREM,SHEP-5-TD-PLL-16,83,37,0,0,210,0,0,0,1,0,0,0,0
NORTHERN,TATALE,KPALBOTABOU,PRIMUS LABOREM,SHEP-5-TD-PLL-16,38,32,32,12,327,195,236,236,1,1,1,0,0
NORTHERN,TATALE,NHUYILI,PRIMUS LABOREM,SHEP-5-TD-PLL-16,226,206,206,206,500,456,456,456,3,3,2,0,0
NORTHERN,TATALE,SANGBAA,PRIMUS LABOREM,SHEP-5-TD-PLL-16,110,88,88,88,380,240,240,240,1,1,1,0,0
NORTHERN,TATALE,SHEINI,PRIMUS LABOREM,SHEP-5-TD-PLL-16,78,2,2,0,100,100,98,98,1,1,1,84,0
NORTHERN,TOLON,BOTINGLI/ DALIMBILI,MOHATU ELECTRICALS,SHEP-4-NR-TD-MEEL-05-19,42,38,38,32,130,125,0,0,3,0,0,0,0
NORTHERN,TOLON,BUYILI,MOHATU ELECTRICALS,SHEP-4-NR-TD-MEEL-05-19,67,60,0,0,60,0,0,0,1,0,0,0,0
NORTHERN,TOLON,DINGONI,BRIGHT CORNER,SHEP-5-TD-BCL-16,10,10,10,10,20,20,20,20,1,1,1,0,0
NORTHERN,TOLON,GUNDRA,MOHATU ELECTRICALS,SHEP-4-NR-TD-MEEL-05-19,44,44,44,44,30,30,30,30,1,1,1,37,5
NORTHERN,TOLON,JAGRIGUYILI,MOHATU ELECTRICALS,SHEP-4-NR-TD-MEEL-05-19,52,52,52,52,55,55,55,55,1,1,1,89,2
NORTHERN,TOLON,KAA,MOHATU ELECTRICALS,SHEP-4-NR-TD-MEEL-05-19,10,10,10,10,25,25,25,25,1,1,1,16,2
NORTHERN,TOLON,KANFEHIYILI,BRIGHT CORNER,SHEP-5-TD-BCL-16,18,18,18,18,20,20,20,20,1,1,1,0,0
NORTHERN,TOLON,KAPALNAYILI/ TOROYILI,MOHATU ELECTRICALS,SHEP-4-NR-TD-MEEL-05-19,49,40,40,32,60,60,0,0,1,0,0,0,0
NORTHERN,TOLON,MUNYA,MOHATU ELECTRICALS,SHEP-4-NR-TD-MEEL-05-19,26,26,26,26,25,25,25,25,1,1,1,18,2
NORTHERN,TOLON,NAFARING,BRIGHT CORNER,SHEP-5-TD-BCL-16,1,1,1,1,60,60,60,60,1,1,1,0,0
NORTHERN,TOLON,NAHA GALINKPEGU,BRIGHT CORNER,SHEP-5-TD-BCL-16,6,6,6,6,80,80,80,80,2,2,2,0,0
NORTHERN,TOLON,NYANKPALA/ KUKUONAYILI,MOHATU ELECTRICALS,SHEP-4-NR-TD-MEEL-05-19,25,20,20,14,70,0,0,0,1,0,0,0,0
NORTHERN,TOLON,TIBOGNAYILI,BRIGHT CORNER,SHEP-5-TD-BCL-16,30,30,30,30,80,60,60,60,1,1,1,0,0
NORTHERN,TOLON,TINDANG/ APLEYILI,MOHATU ELECTRICALS,SHEP-4-NR-TD-MEEL-05-19,35,30,30,24,90,80,80,58,2,0,0,0,0
NORTHERN,TOLON,WARIVI,MOHATU ELECTRICALS,SHEP-4-NR-TD-MEEL-05-19,36,36,36,36,50,50,50,50,1,1,1,34,5
NORTHERN,YENDI,KPALSONADO,BRIGHT CORNER,SHEP-5-YEN-BCL-16,58,50,50,50,40,0,0,0,1,0,0,0,0
NORTHERN,YENDI,KULKPENI,BRIGHT CORNER,SHEP-5-YEN-BCL-16,18,0,0,0,120,0,0,0,2,0,0,0,0
NORTHERN,ZABZUGU,JAGEIDO,NANTOGMAH ELEC. CO.,SHEP-4-NR-ZD-NEECL-01-2021,12,12,12,12,10,10,10,10,1,0,0,0,0
NORTHERN,ZABZUGU,KORIKURIGU,NANTOGMAH ELEC. CO.,SHEP-4-NR-ZD-NEECL-01-2021,0,0,0,0,0,0,0,0,1,1,1,0,0
NORTHERN,ZABZUGU,KPUKPALIGU,NANTOGMAH ELEC. CO.,SHEP-4-NR-ZD-NEECL-01-2021,2,0,0,0,5,5,5,5,1,0,0,0,0
NORTHERN,ZABZUGU,MANGOASI,NANTOGMAH ELEC. CO.,SHEP-4-NR-ZD-NEECL-01-2021,0,0,0,0,10,10,10,10,1,1,1,80,0
NORTHERN,ZABZUGU,NYANKPALA,NANTOGMAH ELEC. CO.,SHEP-4-NR-ZD-NEECL-01-2021,0,0,0,0,15,15,15,15,1,1,0,0,0
OTI,BIAKOYE,Akposo Okrabe,ADDISCO ELECTRICALS GHANA LIMITED,SHEP-4-OR-BD-AEGL-07-19,58,38,0,0,43,0,0,0,1,0,0,0,0
OTI,BIAKOYE,Ampekrom,ADDISCO ELECTRICALS GHANA LIMITED,SHEP-4-OR-BD-AEGL-07-19,57,50,0,0,95,20,0,0,1,0,0,0,0
OTI,BIAKOYE,Bowiri Kwamekrom,ADDISCO ELECTRICALS GHANA LIMITED,SHEP-4-OR-BD-AEGL-07-19,23,0,0,0,58,0,0,0,1,0,0,0,0
OTI,BIAKOYE,CK Kope,ADDISCO ELECTRICALS GHANA LIMITED,SHEP-4-OR-BD-AEGL-07-19,34,20,20,20,87,73,60,60,1,0,0,0,0
OTI,BIAKOYE,Klagbokope,ADDISCO ELECTRICALS GHANA LIMITED,SHEP-4-OR-BD-AEGL-07-19,36,0,0,0,45,21,0,0,1,0,0,0,0
OTI,BIAKOYE,Kortokofe,ADDISCO ELECTRICALS GHANA LIMITED,SHEP-4-OR-BD-AEGL-07-19,62,32,32,32,68,65,65,63,1,0,0,0,0
OTI,BIAKOYE,Nkonya Adzamnasu,ADDISCO ELECTRICALS GHANA LIMITED,SHEP-4-OR-BD-AEGL-07-19,90,90,0,0,114,90,0,0,1,0,0,0,0
OTI,BIAKOYE,Odormitor Bumbula,ADDISCO ELECTRICALS GHANA LIMITED,SHEP-4-OR-BD-AEGL-07-19,63,48,33,33,108,109,91,91,1,0,0,0,0
OTI,BIAKOYE,Tapa Biposu,ADDISCO ELECTRICALS GHANA LIMITED,SHEP-4-OR-BD-AEGL-07-19,5,0,0,0,37,0,0,0,1,0,0,0,0
OTI,BIAKOYE,Worawora New Town,ADDISCO ELECTRICALS GHANA LIMITED,SHEP-4-OR-BD-AEGL-07-19,23,0,0,0,125,0,0,0,1,0,0,0,0
OTI,BUEM,Akaa,GHAMERIC ENTERPRISE,VR-BD/-GE/08/16,0,0,0,0,100,70,70,70,1,0,0,0,0
OTI,BUEM,Atonkor,GHAMERIC ENTERPRISE,VR-BD/-GE/08/16,0,0,0,0,20,20,20,20,0,0,0,0,0
OTI,BUEM,Attakrom,GHAMERIC ENTERPRISE,VR-BD/-GE/08/16,0,0,0,0,20,20,20,15,0,0,0,0,0
OTI,BUEM,Bompa,GHAMERIC ENTERPRISE,VR-BD/-GE/08/16,0,0,0,0,30,11,11,11,0,0,0,0,0
OTI,BUEM,Dzogbe,GHAMERIC ENTERPRISE,VR-BD/-GE/08/16,0,0,0,0,15,15,15,15,0,0,0,0,0
OTI,BUEM,Ketsi,GHAMERIC ENTERPRISE,VR-BD/-GE/08/16,0,0,0,0,70,0,0,0,1,0,0,0,0
OTI,BUEM,Koesim,GHAMERIC ENTERPRISE,VR-BD/-GE/08/16,0,0,0,0,40,40,40,40,1,0,0,0,0
OTI,BUEM,Nsuta,GHAMERIC ENTERPRISE,VR-BD/-GE/08/16,0,0,0,0,70,70,70,70,1,0,0,0,0
OTI,BUEM,Tsriboanda,GHAMERIC ENTERPRISE,VR-BD/-GE/08/16,0,0,0,0,30,20,20,20,1,0,0,0,0
OTI,JASIKAN,Akaa New Town,DAVID & SONS LIMITED,SHEP-4-OR-JD-DSL-3-19,16,0,0,0,30,0,0,0,1,0,0,0,0
OTI,JASIKAN,Amenyo,DAVID & SONS LIMITED,SHEP-4-OR-JD-DSL-3-19,36,0,0,0,52,0,0,0,1,0,0,0,0
OTI,JASIKAN,Bodada South,DAVID & SONS LIMITED,SHEP-4-OR-JD-DSL-3-19,4,0,0,0,137,0,0,0,1,0,0,0,0
OTI,JASIKAN,Jasikan Extension,DAVID & SONS LIMITED,SHEP-4-OR-JD-DSL-3-19,5,0,0,0,80,0,0,0,1,0,0,0,0
OTI,JASIKAN,Kuje Extension,DAVID & SONS LIMITED,SHEP-4-OR-JD-DSL-3-19,4,0,0,0,115,0,0,0,1,0,0,0,0
OTI,JASIKAN,Kute New Town,DAVID & SONS LIMITED,SHEP-4-OR-JD-DSL-3-19,5,0,0,0,41,0,0,0,1,0,0,0,0
OTI,JASIKAN,Likpeba Junction,DAVID & SONS LIMITED,SHEP-4-OR-JD-DSL-3-19,31,0,0,0,57,0,0,0,1,0,0,0,0
OTI,JASIKAN,Mekyirikasa,DAVID & SONS LIMITED,SHEP-4-OR-JD-DSL-3-19,54,0,0,0,66,0,0,0,1,0,0,0,0
OTI,KRACHI WEST,Adase,DEMSACK ENGINEERING LIMITED,SHEP-4-VR-KWD-DEL-07-18-1,4,0,0,0,40,0,0,0,0,0,0,0,0
OTI,KRACHI WEST,Adoten Cement,DEMSACK ENGINEERING LIMITED,SHEP-4-VR-KWD-DEL-07-18-1,36,49,49,49,55,30,30,30,1,1,0,0,30
OTI,KRACHI WEST,Agbenasakope,SAINI MORRISON ENGINEERING LIMITED,SHEP-4-VR-KWD-SMEL-07-18-2,26,26,0,0,33,29,29,29,0,0,0,0,0
OTI,KRACHI WEST,Asuturi,SAINI MORRISON ENGINEERING LIMITED,SHEP-4-VR-KWD-SMEL-07-18-2,0,0,0,0,97,0,0,0,0,0,0,0,0
OTI,KRACHI WEST,Basare,SAINI MORRISON ENGINEERING LIMITED,SHEP-4-VR-KWD-SMEL-07-18-2,36,36,0,0,34,81,0,0,1,0,0,0,0
OTI,KRACHI WEST,Basare No 2,SAINI MORRISON ENGINEERING LIMITED,SHEP-4-VR-KWD-SMEL-07-18-2,48,48,0,0,47,35,0,0,0,0,0,0,0
OTI,KRACHI WEST,Bichori,TRANSPOWER ENGINEERING & CONSTRUCTION LTD,SHEP-IV-VR-KWDA-TECL 11-16,3,2,2,2,25,23,23,23,1,1,0,0,0
OTI,KRACHI WEST,Canaan,SAINI MORRISON ENGINEERING LIMITED,SHEP-4-VR-KWD-SMEL-07-18-2,0,0,0,0,25,25,25,25,1,0,0,0,0
OTI,KRACHI WEST,Chenukope,SAINI MORRISON ENGINEERING LIMITED,SHEP-4-VR-KWD-SMEL-07-18-2,12,14,0,0,91,55,0,0,1,0,0,0,0
OTI,KRACHI WEST,Chokorsikope,SAINI MORRISON ENGINEERING LIMITED,SHEP-4-VR-KWD-SMEL-07-18-2,18,0,0,0,23,0,0,0,1,0,0,0,0
OTI,KRACHI WEST,Dzilakope,SAINI MORRISON ENGINEERING LIMITED,SHEP-4-VR-KWD-SMEL-07-18-2,14,23,0,0,91,38,38,38,1,0,0,0,0
OTI,KRACHI WEST,Gamakope,SAINI MORRISON ENGINEERING LIMITED,SHEP-4-VR-KWD-SMEL-07-18-2,12,18,0,0,47,0,0,0,1,0,0,0,0
OTI,KRACHI WEST,Gatekope,SAINI MORRISON ENGINEERING LIMITED,SHEP-4-VR-KWD-SMEL-07-18-2,36,36,0,0,34,62,0,0,1,0,0,0,0
OTI,KRACHI WEST,Gyato Chanyo,TRANSPOWER ENGINEERING & CONSTRUCTION LTD,SHEP-IV-VR-KWDA-TECL 11-16,27,0,0,0,39,21,0,0,1,0,0,0,0
OTI,KRACHI WEST,Jerico/Yaakope,DEMSACK ENGINEERING LIMITED,SHEP-4-VR-KWD-DEL-07-18-1,22,11,11,11,55,0,0,0,1,0,0,0,0
OTI,KRACHI WEST,Jerusalem,DEMSACK ENGINEERING LIMITED,SHEP-4-VR-KWD-DEL-07-18-1,0,0,0,0,65,27,0,0,0,0,0,0,0
OTI,KRACHI WEST,Kaliako-Beposo,TRANSPOWER ENGINEERING & CONSTRUCTION LTD,SHEP-IV-VR-KWDA-TECL 11-16,4,2,2,2,30,77,77,77,2,2,0,0,0
OTI,KRACHI WEST,Kaparea,NYANAB GHANA LIMITED,SHEP-4-VR-KWDA-NGL-11-18,169,120,0,0,70,42,0,0,1,0,0,0,0
OTI,KRACHI WEST,Konado,TRANSPOWER ENGINEERING & CONSTRUCTION LTD,SHEP-IV-VR-KWDA-TECL 11-16,20,16,16,16,80,51,48,45,1,1,0,0,0
OTI,KRACHI WEST,Korwunakope,SAINI MORRISON ENGINEERING LIMITED,SHEP-4-VR-KWD-SMEL-07-18-2,0,0,0,0,20,0,0,0,0,0,0,0,0
OTI,KRACHI WEST,Kotokoli,DEMSACK ENGINEERING LIMITED,SHEP-4-VR-KWD-DEL-07-18-1,24,0,0,0,80,0,0,0,1,0,0,0,0
OTI,KRACHI WEST,Lakeside,NYANAB GHANA LIMITED,SHEP-4-VR-KWDA-NGL-11-18,131,119,0,0,25,0,0,0,1,0,0,0,0
OTI,KRACHI WEST,Lonkotor,TRANSPOWER ENGINEERING & CONSTRUCTION LTD,SHEP-IV-VR-KWDA-TECL 11-16,54,57,57,57,120,65,65,65,1,1,0,0,0
OTI,KRACHI WEST,Makokwae,SAINI MORRISON ENGINEERING LIMITED,SHEP-4-VR-KWD-SMEL-07-18-2,48,0,0,0,33,0,0,0,1,0,0,0,0
OTI,KRACHI WEST,Malla,NYANAB GHANA LIMITED,SHEP-4-VR-KWDA-NGL-11-18,25,25,25,25,0,42,35,30,0,0,0,0,0
OTI,KRACHI WEST,Mancha,DEMSACK ENGINEERING LIMITED,SHEP-4-VR-KWD-DEL-07-18-1,13,0,0,0,58,0,0,0,1,0,0,0,0
OTI,KRACHI WEST,Mempeasem,DEMSACK ENGINEERING LIMITED,SHEP-4-VR-KWD-DEL-07-18-1,65,76,76,76,32,22,22,22,1,1,0,0,0
OTI,KRACHI WEST,Nkyenekyene,DEMSACK ENGINEERING LIMITED,SHEP-4-VR-KWD-DEL-07-18-1,19,20,20,20,116,71,71,71,1,1,0,0,57
OTI,KRACHI WEST,Obimpe,SAINI MORRISON ENGINEERING LIMITED,SHEP-4-VR-KWD-SMEL-07-18-2,60,0,0,0,148,36,36,36,1,0,0,0,0
OTI,KRACHI WEST,Obimpeh,DEMSACK ENGINEERING LIMITED,SHEP-4-VR-KWD-DEL-07-18-1,0,0,0,0,47,0,0,0,0,0,0,0,0
OTI,KRACHI WEST,Old Chantai No 1&2,DEMSACK ENGINEERING LIMITED,SHEP-4-VR-KWD-DEL-07-18-1,66,31,0,0,96,99,81,81,2,0,0,0,0
OTI,KRACHI WEST,Old Dobeso,DEMSACK ENGINEERING LIMITED,SHEP-4-VR-KWD-DEL-07-18-1,22,0,0,0,60,0,0,0,1,0,0,0,0
OTI,KRACHI WEST,Old Mato,SAINI MORRISON ENGINEERING LIMITED,SHEP-4-VR-KWD-SMEL-07-18-2,26,21,0,0,22,0,0,0,1,0,0,0,0
OTI,KRACHI WEST,Oti Kponfri,DEMSACK ENGINEERING LIMITED,SHEP-4-VR-KWD-DEL-07-18-1,36,0,0,0,45,0,0,0,1,0,0,0,0
OTI,KRACHI WEST,Otisokpedzi,SAINI MORRISON ENGINEERING LIMITED,SHEP-4-VR-KWD-SMEL-07-18-2,26,0,0,0,52,0,0,0,1,0,0,0,0
OTI,KRACHI WEST,Papaye,TRANSPOWER ENGINEERING & CONSTRUCTION LTD,SHEP-IV-VR-KWDA-TECL 11-16,76,0,0,0,25,0,0,0,1,0,0,0,0
OTI,KRACHI WEST,Somekope,SAINI MORRISON ENGINEERING LIMITED,SHEP-4-VR-KWD-SMEL-07-18-2,86,0,0,0,34,30,30,30,1,0,0,0,0
OTI,KRACHI WEST,Wananando No 1,NYANAB GHANA LIMITED,SHEP-4-VR-KWDA-NGL-11-18,47,44,0,0,40,30,0,0,1,0,0,0,0
OTI,KRACHI WEST,Wananando No 2,NYANAB GHANA LIMITED,SHEP-4-VR-KWDA-NGL-11-18,34,23,0,0,20,36,0,0,1,0,0,0,0
OTI,KRACHI WEST,Yaben,DEMSACK ENGINEERING LIMITED,SHEP-4-VR-KWD-DEL-07-18-1,3,0,0,0,34,0,0,0,0,0,0,0,0
OTI,KRACHI WEST,Yayokope,SAINI MORRISON ENGINEERING LIMITED,SHEP-4-VR-KWD-SMEL-07-18-2,26,26,0,0,91,39,39,39,1,0,0,0,0
OTI,KRACHI WEST,Yikei,NYANAB GHANA LIMITED,SHEP-4-VR-KWDA-NGL-11-18,123,48,0,0,40,57,0,0,1,0,0,0,0
OTI,Krachi West,Bichori,TRANSPOWER ENGINEERING & CONSTRUCTION LTD,SHEP-IV-VR-KWDA-TECL 11-16,76,0,0,0,25,0,0,0,1,0,0,20,0
OTI,Krachi West,Gyato Chanyo,TRANSPOWER ENGINEERING & CONSTRUCTION LTD,SHEP-IV-VR-KWDA-TECL 11-16,54,3,1,0,39,48,48,48,1,0,0,0,0
OTI,Krachi West,Kaliako-Beposo,TRANSPOWER ENGINEERING & CONSTRUCTION LTD,SHEP-IV-VR-KWDA-TECL 11-16,27,0,0,0,30,0,0,0,2,0,0,104,0
OTI,Krachi West,Konado,TRANSPOWER ENGINEERING & CONSTRUCTION LTD,SHEP-IV-VR-KWDA-TECL 11-16,3,0,0,0,80,0,0,0,1,0,0,32,0
OTI,Krachi West,Lonkotor,DEMSACK ENGINEERING LIMITED,SHEP-4-VR-HD-DEWL-07-16,0,0,0,0,120,0,0,0,1,0,0,49,0
OTI,NKWANTA NORTH,Anomantu,MODERN GENERAL ELECTRICAL ENGINEERING LIMITED,SHEP-4-VR-NND-MGL-11-16,24,0,0,0,60,0,0,0,1,0,0,0,0
OTI,NKWANTA NORTH,Gbango,NYANAB GHANA LIMITED,SHEP-4-VR-NND-NGL-11-16,24,0,0,0,70,109,0,0,1,0,0,0,0
OTI,NKWANTA NORTH,Gbosike,MODERN GENERAL ELECTRICAL ENGINEERING LIMITED,SHEP-4-VR-NND-MGL-11-16,9,8,0,0,60,0,0,0,1,0,0,0,0
OTI,NKWANTA NORTH,Kabonwule,NYANAB GHANA LIMITED,SHEP-4-VR-NND-NGL-11-16,15,0,0,0,280,0,0,0,1,0,0,0,0
OTI,NKWANTA NORTH,Koni No 1&2,ENERGY WORKS LIMITED,SHEP-4-OR-NNM-EWL-10-20,84,15,0,0,150,0,0,0,2,0,0,0,0
OTI,NKWANTA NORTH,Kpasa East Extension,DEMSACK ENGINEERING LIMITED,SHEP-4-OR-NNM-DEWL-10-20,48,0,0,0,400,96,88,86,2,0,0,0,0
OTI,NKWANTA NORTH,Kpasa West Extension,DEMSACK ENGINEERING LIMITED,SHEP-4-OR-NNM-DEWL-10-20,54,0,0,0,420,0,0,0,2,0,0,0,0
OTI,NKWANTA NORTH,Lemina,MODERN GENERAL ELECTRICAL ENGINEERING LIMITED,SHEP-4-VR-NND-MGL-11-16,140,51,0,0,200,0,0,0,1,0,0,0,0
OTI,NKWANTA NORTH,Majemaje,MODERN GENERAL ELECTRICAL ENGINEERING LIMITED,SHEP-4-VR-NND-MGL-11-16,26,23,0,0,150,0,0,0,1,0,0,0,0
OTI,NKWANTA NORTH,Nabu,NYANAB GHANA LIMITED,SHEP-4-VR-NND-NGL-11-16,197,106,54,54,450,250,30,0,1,0,0,0,0
OTI,NKWANTA NORTH,Nanjingon,DEMSACK ENGINEERING LIMITED,SHEP-4-OR-NNM-DEWL-10-20,216,0,0,0,70,0,0,0,1,0,0,0,0
OTI,NKWANTA NORTH,Obunja,ENERGY WORKS LIMITED,SHEP-4-OR-NNM-EWL-10-20,240,59,35,34,320,91,68,68,2,0,0,0,0
OTI,NKWANTA NORTH,Ogando,ENERGY WORKS LIMITED,SHEP-4-OR-NNM-EWL-10-20,36,0,0,0,70,0,0,0,1,0,0,0,0
OTI,NKWANTA NORTH,Ujagandor,ENERGY WORKS LIMITED,SHEP-4-OR-NNM-EWL-10-20,48,37,0,0,70,0,0,0,1,0,0,0,0
OTI,NKWANTA SOUTH,Adam Akura,DAVID & SONS LIMITED,SHEP-4-VR-OR-NSD-DSL-05-19,49,0,0,0,90,0,0,0,1,0,0,0,0
OTI,NKWANTA SOUTH,Alukpatsa,DAVID & SONS LIMITED,SHEP-4-VR-OR-NSD-DSL-05-19,24,38,0,0,140,0,0,0,1,0,0,0,0
OTI,NKWANTA SOUTH,Alukpatsa Kotokro,DAVID & SONS LIMITED,SHEP-4-VR-OR-NSD-DSL-05-19,109,0,0,0,95,0,0,0,1,0,0,0,0
OTI,NKWANTA SOUTH,Asomdwe Akura,JENAK ELECTRICAL ENGINEERING LIMITED,SHEP-4-OT-NSD-JEL-05-19,31,25,25,25,30,0,0,0,1,0,0,0,0
OTI,NKWANTA SOUTH,B. Zongo,JENAK ELECTRICAL ENGINEERING LIMITED,SHEP-4-OT-NSD-JEL-05-19,108,101,101,101,140,0,0,0,1,0,0,0,0
OTI,NKWANTA SOUTH,Bisani,JENAK ELECTRICAL ENGINEERING LIMITED,SHEP-4-OT-NSD-JEL-05-19,19,17,17,17,40,0,0,0,1,0,0,0,0
OTI,NKWANTA SOUTH,Charti,JENAK ELECTRICAL ENGINEERING LIMITED,SHEP-4-OT-NSD-JEL-05-19,19,19,19,19,70,0,0,0,1,0,0,0,0
OTI,NKWANTA SOUTH,Dain Kope,DAVID & SONS LIMITED,SHEP-4-VR-OR-NSD-DSL-05-19,22,24,0,0,95,0,0,0,1,0,0,0,0
OTI,NKWANTA SOUTH,Djato Akura,DEMSACK ENGINEERING LIMITED,SHEP-4-OR-NSD-DEWL-05-19,154,83,0,0,160,0,0,0,1,0,0,0,0
OTI,NKWANTA SOUTH,Kofi Akura,JENAK ELECTRICAL ENGINEERING LIMITED,SHEP-4-OT-NSD-JEL-05-19,32,21,21,21,45,0,0,0,1,0,0,0,0
OTI,NKWANTA SOUTH,Kofie Akura,ADDISCO ELECTRICALS GHANA LIMITED,SHEP-4-OR-NSD-AEGL-05-19,101,90,84,82,90,30,30,30,1,0,0,0,0
OTI,NKWANTA SOUTH,Kpanja Akura,JENAK ELECTRICAL ENGINEERING LIMITED,SHEP-4-OT-NSD-JEL-05-19,51,52,52,52,45,38,38,38,1,0,0,0,0
OTI,NKWANTA SOUTH,Krachi Akura,DAVID & SONS LIMITED,SHEP-4-VR-OR-NSD-DSL-05-19,31,32,0,0,95,74,0,0,1,0,0,0,0
OTI,NKWANTA SOUTH,Kwadjo Heneba,ADDISCO ELECTRICALS GHANA LIMITED,SHEP-4-OR-NSD-AEGL-05-19,15,9,0,0,95,0,0,0,1,0,0,0,0
OTI,NKWANTA SOUTH,Linkin Akura,ADDISCO ELECTRICALS GHANA LIMITED,SHEP-4-OR-NSD-AEGL-05-19,5,0,0,0,20,10,9,8,1,0,0,0,0
OTI,NKWANTA SOUTH,Martsei Akura,DEMSACK ENGINEERING LIMITED,SHEP-4-OR-NSD-DEWL-05-19,61,38,38,38,15,10,10,10,1,1,0,0,0
OTI,NKWANTA SOUTH,Mem Akura,DEMSACK ENGINEERING LIMITED,SHEP-4-OR-NSD-DEWL-05-19,224,60,0,0,95,68,60,56,1,0,0,0,0
OTI,NKWANTA SOUTH,Nawei Akura,DAVID & SONS LIMITED,SHEP-4-VR-OR-NSD-DSL-05-19,78,0,0,0,40,0,0,0,1,0,0,0,0
OTI,NKWANTA SOUTH,Panku Akura,DAVID & SONS LIMITED,SHEP-4-VR-OR-NSD-DSL-05-19,49,39,39,39,40,0,0,0,1,0,0,0,0
OTI,NKWANTA SOUTH,Portripor,ADDISCO ELECTRICALS GHANA LIMITED,SHEP-4-OR-NSD-AEGL-05-19,74,60,60,60,140,135,135,135,1,0,0,0,0
OTI,NKWANTA SOUTH,Sowyer,DEMSACK ENGINEERING LIMITED,SHEP-4-OR-NSD-DEWL-05-19,147,70,30,20,30,0,0,0,1,0,0,0,0
OTI,NKWANTA SOUTH,Wadza Akura,JENAK ELECTRICAL ENGINEERING LIMITED,SHEP-4-OT-NSD-JEL-05-19,31,28,28,28,40,0,0,0,1,0,0,0,0
OTI,Nkwanta South,Alukpatsa Kotokro,DAVID & SONS LIMITED,SHEP-4-VR-OR-NSD-DSL-05-19,31,80,0,0,95,0,0,0,1,0,0,0,0
OTI,Nkwanta South,Kofie Akura,ADDISCO ELECTRICALS GHANA LIMITED,SHEP-4-OR-NSD-AEGL-05-19,15,0,7,7,90,0,0,0,1,0,0,0,0
SAVANNA,CENTRAL GONJA,ADAPE,KORIGU CONST.,SHEP-4-NR-CG-KCEL-16,210,204,204,204,250,200,170,170,1,0,0,0,280
SAVANNA,CENTRAL GONJA,AGEGE,KORIGU CONST.,SHEP-4-NR-CG-KCEL-16,95,88,88,88,70,61,61,61,1,1,1,0,45
SAVANNA,CENTRAL GONJA,BAGPE,ILA ENG.,SHEP-4-NR-CGD-ILA-16-P2,14,4,0,0,60,8,0,0,1,0,0,0,55
SAVANNA,CENTRAL GONJA,BOACHIPE,KORIGU CONST.,SHEP-5-CGD-KCCL-16,318,290,290,280,50,40,40,40,1,0,0,0,80
SAVANNA,CENTRAL GONJA,BOMBONTO,KORIGU CONST.,SHEP-5-CGD-KCCL-16,134,119,119,119,50,38,38,38,1,0,0,0,90
SAVANNA,CENTRAL GONJA,BUIPE INTENSIFICATION,ILA ENG.,NR/CGD/IECL/10/07/15,44,41,41,41,919,941,941,941,5,5,5,0,0
SAVANNA,CENTRAL GONJA,CHOKOSIPE,KORIGU CONST.,SHEP-5-CGD-KCCL-16,276,276,276,276,80,80,80,80,1,1,1,0,89
SAVANNA,CENTRAL GONJA,DARIVOGUPE,ILA ENG.,SHEP-4-NR-CGD-ILA-16-P1,78,67,0,0,60,30,0,0,1,0,0,0,60
SAVANNA,CENTRAL GONJA,DAWUNIPE,ILA ENG.,SHEP-4-NR-CGD-ILA-16-P2,24,11,11,9,100,30,0,0,1,0,0,0,80
SAVANNA,CENTRAL GONJA,DIWURUPE,ILA ENG.,SHEP-4-NR-CGD-ILA-16-P2,44,30,30,27,120,31,0,0,1,0,0,0,100
SAVANNA,CENTRAL GONJA,DONKOPE,ILA ENG.,SHEP-4-NR-CGD-ILA-16-P1,24,15,15,0,60,15,0,0,1,0,0,0,50
SAVANNA,CENTRAL GONJA,JANIKURA,KORIGU CONST.,SHEP-4-NR-CG-KCEL-16,94,78,78,78,70,56,56,56,1,1,1,0,85
SAVANNA,CENTRAL GONJA,KPATINYA,ILA ENG.,SHEP-4-NR-CGD-ILA-16-P1,95,93,93,78,150,37,0,0,1,0,0,0,150
SAVANNA,CENTRAL GONJA,KPLANGASE,KORIGU CONST.,SHEP-5-CGD-KCCL-16,12,12,12,12,190,190,190,190,1,1,1,0,148
SAVANNA,CENTRAL GONJA,LARIGBANI,ILA ENG.,SHEP-4-NR-CGD-ILA-16-P2,72,47,47,47,60,24,0,0,1,0,0,0,60
SAVANNA,CENTRAL GONJA,LITO,ILA ENG.,SHEP4/NR/CGD/IECL/15,184,184,162,162,400,400,400,400,2,2,2,0,550
SAVANNA,CENTRAL GONJA,MAMMUDUPE,ILA ENG.,SHEP-4-NR-CGD-ILA-16-P2,60,43,43,32,60,20,0,0,1,0,0,0,65
SAVANNA,CENTRAL GONJA,NIKPEGU,ILA ENG.,SHEP-4-NR-CGD-ILA-16-P1,46,39,39,27,70,30,0,0,1,0,0,0,60
SAVANNA,CENTRAL GONJA,NWAMPE,ILA ENG.,SHEP4/NR/CGD/IECL/15,0,0,0,0,80,127,127,127,1,1,1,0,100
SAVANNA,CENTRAL GONJA,NYANTANG,KORIGU CONST.,SHEP-5-CGD-KCCL-16,388,168,168,108,120,80,80,80,1,0,0,0,90
SAVANNA,CENTRAL GONJA,SANKAUPE,ILA ENG.,SHEP-4-NR-CGD-ILA-16-P2,35,27,27,25,120,33,0,0,1,0,0,0,120
SAVANNA,CENTRAL GONJA,SEIDUPE,KORIGU CONST.,SHEP-5-CGD-KCCL-16,125,125,125,120,80,80,80,77,1,0,0,0,120
SAVANNA,CENTRAL GONJA,SILIMBOMA,KORIGU CONST.,SHEP-4-NR-CG-KCEL-16,24,16,16,16,30,30,30,30,1,0,0,0,30
SAVANNA,CENTRAL GONJA,TOROPE,ILA ENG.,SHEP-4-NR-CGD-ILA-16-P1,54,46,42,0,60,21,0,0,1,0,0,0,50
SAVANNA,CENTRAL GONJA,YALA,KORIGU CONST.,SHEP-5-CGD-KCCL-16,416,416,416,416,416,100,100,100,1,1,1,0,180
SAVANNA,CENTRAL GONJA,ZOMLAMPE,ILA ENG.,SHEP-4-NR-CGD-ILA-16-P1,36,32,32,26,60,31,0,0,1,0,0,0,60
SAVANNA,EAST GONJA,ABRUMASE,BRIGHT CORNER,SHEP4/NR/EGD/BCEW/15,192,190,190,190,300,240,240,240,1,1,1,0,300
SAVANNA,EAST GONJA,AKAMADE,BRIGHT CORNER,SHEP4/NR/EGD/BCEW/15,232,56,0,0,80,40,40,40,1,0,0,0,150
SAVANNA,EAST GONJA,IDDIPE,ASAMOAH CONST.,SHEP4-NR-EG-AACEW-16,12,6,6,3,370,164,114,0,2,0,0,0,570
SAVANNA,EAST GONJA,KEGBATITO,BRIGHT CORNER,SHEP4/NR/EGD/BCEW/15,48,46,46,46,400,204,100,100,1,1,1,0,450
SAVANNA,EAST GONJA,KPEMBE,ASAMOAH CONST.,SHEP4-NR-EG-AACEW-16,11,3,3,0,100,20,0,0,1,0,0,0,220
SAVANNA,EAST GONJA,SABON KASOA,ASAMOAH CONST.,SHEP4-NR-EG-AACEW-16,8,6,6,3,370,148,27,0,2,0,0,0,520
SAVANNA,EAST GONJA,SIRIMUNCHI,BRIGHT CORNER,SHEP4/NR/EGD/BCEW/15,179,175,175,145,220,126,126,126,1,1,1,0,0
SAVANNA,EAST GONJA,TALKPA,BRIGHT CORNER,SHEP4/NR/EGD/BCEW/15,91,91,91,70,260,96,96,96,1,1,1,0,255
SAVANNA,NORTH EAST GONJA,BUHIJAR,SHIN - ANOLE ENTERPRISE,SHEP-5-SR-NEGD-SAE-05-2023,0,0,0,0,0,0,0,0,0,0,0,0,0
SAVANNA,NORTH EAST GONJA,BUHIJAR 2,SHIN-ANOLI LTD,SHEP-4-SR-EG-SAE-04-23,98,0,0,0,110,0,0,0,1,0,0,0,0
SAVANNA,NORTH EAST GONJA,JINLO YAPALA,WINN-TIMAN,SHEP4-NR-EGD-WINN-16,164,0,0,0,90,35,0,0,1,0,0,0,110
SAVANNA,NORTH EAST GONJA,KEGBERASE,T-TOMMY CONTRACT WORKS,SHEP-4-SR-EG-TCWL-05-23,26,0,0,0,10,0,0,0,1,0,0,0,0
SAVANNA,NORTH EAST GONJA,KPANSHEGU,WINN-TIMAN,SHEP4-NR-EGD-WINN-16,119,109,109,109,100,48,0,0,2,0,0,0,120
SAVANNA,NORTH EAST GONJA,KPINCHILLA,DEMA-NAA ELEC.,SEHP-4-SR-EG-DNEE-0423,48,0,0,0,20,0,0,0,1,0,0,0,0
SAVANNA,NORTH EAST GONJA,SAKPALUA,TASCO ELECTRICALS,SHEP-4-SR-EG-TS-04-23,58,0,0,0,57,0,0,0,1,0,0,0,0
SAVANNA,NORTH EAST GONJA,TAKPILI,WINN-TIMAN,SHEP4-NR-EGD-WINN-16,110,109,109,48,100,49,0,0,1,0,0,0,115
SAVANNA,NORTH EAST GONJA,TANTUANI,WINN-TIMAN,SHEP4-NR-EGD-WINN-16,119,59,59,54,100,0,0,0,1,0,0,0,100
SAVANNA,NORTH EAST GONJA,VOGYILI,BIHASUNG,SHEP-4-SR-EG-BEW-04-23,68,0,0,0,80,0,0,0,1,0,0,0,0
SAVANNA,NORTH GONJA,BUGSA,ARCHIVES ENT.,SHEP-4-NR-MDD-AEL-10-15,54,54,54,54,100,90,90,90,2,1,1,0,220
SAVANNA,NORTH GONJA,DONKOPE,MINYA CONST.,SHEP-5-NR-NGD-MEEV-09-16,120,110,110,0,50,40,0,0,1,0,0,0,60
SAVANNA,NORTH GONJA,GOA,MINYA CONST.,SHEP-5-NR-NGD-MEEV-09-16,150,150,150,0,80,73,0,0,1,0,0,0,80
SAVANNA,NORTH GONJA,GUEBAGU,MINYA CONST.,SHEP-5-NR-NGD-MEEV-09-16,108,96,96,0,90,80,0,0,1,0,0,0,80
SAVANNA,NORTH GONJA,KITO,MINYA CONST.,SHEP-5-NR-NGD-MEEV-09-16,138,102,0,0,60,54,0,0,1,0,0,0,55
SAVANNA,NORTH GONJA,LUKULLA,ARCHIVES ENT.,SHEP-4-NR-MDD-AEL-10-15,154,154,154,144,250,221,221,221,2,1,1,0,315
SAVANNA,NORTH GONJA,MEMPEASEM (Savanna),ARCHIVES ENT.,SHEP-4-NR-MDD-AEL-10-15,114,114,100,100,100,100,96,96,1,0,0,0,105
SAVANNA,NORTH GONJA,WAWATO,MINYA CONST.,SHEP-5-NR-NGD-MEEV-09-16,102,96,96,0,100,92,0,0,1,0,0,0,85
SAVANNA,WEST GONJA,Abukari-Kura,SHIN-ANOLI LTD,SHEP-4-SR-GWD-SAL-8-23,0,0,0,0,0,0,0,0,0,0,0,0,0
SAVANNA,WEST GONJA,Kadendelampa,KUG-BIHI COMPANY LTD,SHEP-4-SR-GWD-KBCL-8-23,0,0,0,0,0,0,0,0,0,0,0,0,0
SAVANNA,WEST GONJA,Kpiri- Frafra,E.F ELECTRICAL COMPANY LTD,SHEP-4-SR-GWD-FEEL-08-23,0,0,0,0,0,0,0,0,0,0,0,0,0
SAVANNA,WEST GONJA,Kpiri-Frafra No.2,ARCHIVES ENT.,SHEP-4-SR-GWD-AEL-08-23,0,0,0,0,0,0,0,0,0,0,0,0,0
SAVANNA,WEST GONJA,Kpiri-Frafra No.3,ARCHIVES ENT.,SHEP-4-SR-GWD-AEL-08-23,0,0,0,0,0,0,0,0,0,0,0,0,0
SAVANNA,WEST GONJA,Zanji-Kura,SHIN-ANOLI LTD,SHEP-4-SR-GWD-SAL-8-23,0,0,0,0,0,0,0,0,0,0,0,0,0
UPPER EAST,BAWKU WEST,Bazunde,MAHAMADU ASKI COMPANY LIMITED,SHEP-4-UER-BWD-MACL-10-2020,6,6,6,6,120,120,120,120,1,1,1,0,145
UPPER EAST,BAWKU WEST,GBEZOUGA,BOSCO LIGHT COMPANY LIMITED,SHEP 4-UE-BWD-BLCL-03-20,0,0,0,0,0,0,0,0,0,0,0,0,0
UPPER EAST,BAWKU WEST,KAARJB NATINGA,BOSCO LIGHT COMPANY LIMITED,SHEP 4-UE-BWD-BLCL-03-20,0,0,0,0,0,0,0,0,0,0,0,0,0
UPPER EAST,BAWKU WEST,KARE NATINGA YAP ALLA,BOSCO LIGHT COMPANY LIMITED,SHEP 4-UE-BWD-BLCL-03-20,0,0,0,0,0,0,0,0,0,0,0,0,0
UPPER EAST,BAWKU WEST,KOMAKO,BOSCO LIGHT COMPANY LIMITED,SHEP 4-UE-BWD-BLCL-03-20,0,0,0,0,0,0,0,0,0,0,0,0,0
UPPER EAST,BAWKU WEST,KOMAKO BASIC SCHOL,BOSCO LIGHT COMPANY LIMITED,SHEP 4-UE-BWD-BLCL-03-20,0,0,0,0,0,0,0,0,0,0,0,0,0
UPPER EAST,BAWKU WEST,Kubougo Ext,MAHAMADU ASKI COMPANY LIMITED,SHEP-4-UER-BWD-MACL-10-2020,0,0,0,0,90,90,90,90,0,0,0,0,90
UPPER EAST,BAWKU WEST,SALPIIGA,BOSCO LIGHT COMPANY LIMITED,SHEP 4-UE-BWD-BLCL-03-20,0,0,0,0,0,0,0,0,0,0,0,0,0
UPPER EAST,BAWKU WEST,YIFIKIKUGU GUMBA,BOSCO LIGHT COMPANY LIMITED,SHEP 4-UE-BWD-BLCL-03-20,0,0,0,0,0,0,0,0,0,0,0,0,0
UPPER EAST,BAWKU WEST,ZIIKA,BOSCO LIGHT COMPANY LIMITED,SHEP 4-UE-BWD-BLCL-03-20,0,0,0,0,0,0,0,0,0,0,0,0,0
UPPER EAST,BOLGATANGA EAST,Zampeego,Budic Engineering Ltd.,SHEP-UR-BUDIC-15,14,14,14,14,196,96,0,0,1,0,0,0,0
UPPER EAST,BOLGATANGA EAST DISTRICT,Dalungu,Twumasi & Co Engineering Limited,SHEP-4-UER-BED-TCL-07-19,36,0,0,0,0,0,0,0,0,0,0,0,0
UPPER EAST,BOLGATANGA EAST DISTRICT,Dubiia,Twumasi & Co Engineering Limited,SHEP-4-UER-BED-TCL-07-19,34,0,0,0,0,0,0,0,0,0,0,0,0
UPPER EAST,BOLGATANGA EAST DISTRICT,Dubila,Twumasi & Co Engineering Limited,SHEP-4-UER-BED-TCL-07-19,36,0,0,0,0,0,0,0,0,0,0,0,0
UPPER EAST,BOLGATANGA EAST DISTRICT,Gonno-Zue,Twumasi & Co Engineering Limited,SHEP-4-UER-BED-TCL-07-19,24,0,0,0,0,0,0,0,0,0,0,0,0
UPPER EAST,BOLGATANGA EAST DISTRICT,Koniabiisi,Twumasi & Co Engineering Limited,SHEP-4-UER-BED-TCL-07-19,36,0,0,0,0,0,0,0,0,0,0,0,0
UPPER EAST,BOLGATANGA EAST DISTRICT,Kuka,Twumasi & Co Engineering Limited,SHEP-4-UER-BED-TCL-07-19,12,0,0,0,0,0,0,0,0,0,0,0,0
UPPER EAST,BOLGATANGA EAST DISTRICT,Zuarungu,Twumasi & Co Engineering Limited,SHEP-4-UER-BED-TCL-07-19,36,0,0,0,0,0,0,0,0,0,0,0,0
UPPER EAST,BONGO,BOKO MARKET,KASN ENGINEERING AND CONSULT LIMITED,SHEP- 4 UER- BD- KASN- 05 -2020,0,0,0,0,0,0,0,0,0,0,0,0,0
UPPER EAST,BONGO,BONGO SOE HERBAL CENTER,KASN ENGINEERING AND CONSULT LIMITED,SHEP- 4 UER- BD- KASN- 05 -2020,0,0,0,0,0,0,0,0,0,0,0,0,0
UPPER EAST,BONGO,CHIPS COMPOUND (AKIRE KUNKUA),KASN ENGINEERING AND CONSULT LIMITED,SHEP- 4 UER- BD- KASN- 05 -2020,0,0,0,0,0,0,0,0,0,0,0,0,0
UPPER EAST,Bawku,Bador (Ext)/Kiwurugu,Kwofos Engineering Limited,SHEP-4-UER-BM-KEL-16P2,0,0,0,0,110,105,105,105,0,0,0,0,85
UPPER EAST,Bawku,Baribari-Parabnating,Kwofos Engineering Limited,SHEP-4-UER-BM-KEL-16P2,0,0,0,0,166,50,50,50,0,0,0,0,120
UPPER EAST,Bawku,Galaka -Mognori,Kwofos Engineering Limited,SHEP-4-UER-BM-KEL-16P2,19,0,0,0,125,25,25,25,1,0,0,0,67
UPPER EAST,Bawku,Gumakutari (Ext) (1&2),Kwofos Engineering Limited,SHEP-4-UER-BM-KEL-16P2,13,0,0,0,125,70,70,70,1,0,0,0,101
UPPER EAST,Bawku,Gumakutari Chief 's Palace,Kwofos Engineering Limited,SHEP-4-UER-BM-KEL-16P2,17,26,15,15,110,37,37,37,1,0,0,0,55
UPPER EAST,Bawku,Kpaliga,Ibbecow Company Limited,SHEP-5-BM-ICL-16,36,3,3,3,289,214,117,117,0,0,0,0,210
UPPER EAST,Bawku,Kpalwega,Kwofos Engineering Limited,SHEP-4-UER-BM-KEL-16P1,0,0,0,0,60,56,60,60,0,0,0,0,40
UPPER EAST,Bawku,Kukrabod,Ibbecow Company Limited,SHEP-5-BM-ICL-16,22,0,0,0,103,0,0,0,0,0,0,0,60
UPPER EAST,Bawku,Missiga Babula Ext,Kwofos Engineering Limited,SHEP-4-UER-BM-KEL-16P1,0,0,0,0,50,50,50,50,0,0,0,0,42
UPPER EAST,Bawku,Missiga Babula Zawse#1,Kwofos Engineering Limited,SHEP-4-UER-BM-KEL-16P1,0,0,0,0,80,80,80,80,0,0,0,0,52
UPPER EAST,Bawku,Missiga Babula Zawse#2,Kwofos Engineering Limited,SHEP-4-UER-BM-KEL-16P1,0,0,0,0,55,55,55,55,0,0,0,0,45
UPPER EAST,Bawku,Missiga Yas Natinga #1,Kwofos Engineering Limited,SHEP-4-UER-BM-KEL-16P1,13,0,0,0,120,120,120,120,1,0,0,0,100
UPPER EAST,Bawku,Missiga Yas Natinga #2,Kwofos Engineering Limited,SHEP-4-UER-BM-KEL-16P1,14,0,0,0,110,110,110,110,1,0,0,0,95
UPPER EAST,Bawku,Mognori Baribari/ Abisigin/Awigbeeg/Zeidbin (,Kwofos Engineering Limited,SHEP-4-UER-BM-KEL-16P2,36,22,22,0,110,50,50,50,1,0,0,0,50
UPPER EAST,Bawku,Mognori Central,Kwofos Engineering Limited,SHEP-4-UER-BM-KEL-16P2,0,0,0,0,60,56,56,56,0,0,0,0,106
UPPER EAST,Bawku,Nyorugu,Kwofos Engineering Limited,SHEP-4-UER-BM-KEL-16P1,0,0,0,0,60,60,60,60,0,0,0,0,65
UPPER EAST,Bawku,Parsnatinga/Azara-Saa,Kwofos Engineering Limited,SHEP-4-UER-BM-KEL-16P1,22,22,22,0,170,170,170,170,1,0,0,0,50
UPPER EAST,Bawku,Sugure,Ibbecow Company Limited,SHEP-5-BM-ICL-16,19,9,9,9,186,135,100,100,0,0,0,0,161
UPPER EAST,Bawku,Tinsungu,Kwofos Engineering Limited,SHEP-4-UER-BM-KEL-16P1,0,0,0,0,60,60,60,60,0,0,0,0,82
UPPER EAST,Bawku,Yakin,Ibbecow Company Limited,SHEP-5-BM-ICL-16,28,28,28,28,170,170,170,170,0,0,0,0,97
UPPER EAST,Bawku,Yampan-Lalsaa,Ibbecow Company Limited,SHEP-5-BM-ICL-16,12,9,9,9,105,73,32,32,0,0,0,0,55
UPPER EAST,Bawku,Yampan-Lalsaa Basic Sch.,Ibbecow Company Limited,SHEP-5-BM-ICL-16,14,13,13,13,156,110,90,90,0,0,0,0,110
UPPER EAST,Bawku,Yampan-Lalsaa Tingre,Ibbecow Company Limited,SHEP-5-BM-ICL-16,13,10,10,10,120,78,38,38,0,0,0,0,100
UPPER EAST,Bawku,Zuuku Kutanga/Sampiase,Kwofos Engineering Limited,SHEP-4-UER-BM-KEL-16P1,17,17,0,0,78,78,78,78,1,0,0,0,70
UPPER EAST,Bawku Muncipality,Baribari-Parabnating,Kwofos Engineering Ltd.,SHEP-4-UER-BM-KEL-16P1,36,22,22,22,166,50,50,50,1,1,0,0,80
UPPER EAST,Bawku Muncipality,Gentiga #1,Mohatu Electrical Ltd,SHEP-4-UER-BM-MEL-16,41,41,41,41,15,15,15,15,1,1,1,0,80
UPPER EAST,Bawku Muncipality,Gentiga #2,Mohatu Electrical Ltd,SHEP-4-UER-BM-MEL-16,42,42,42,42,15,15,15,15,1,1,1,0,70
UPPER EAST,Bawku Muncipality,Gumakutari Chief's Palace,Kwofos Engineering Ltd.,SHEP-4-UER-BM-KEL-16P1,17,26,0,0,110,50,50,50,1,0,0,0,56
UPPER EAST,Bawku Muncipality,Pars Natinga/Azara-Saa,Kwofos Engineering Ltd.,SHEP-4-UER-BM-KEL-16P1,0,0,0,0,0,0,0,0,1,0,0,0,0
UPPER EAST,Bawku Muncipality,Tampezue #1,Mohatu Electrical Ltd,SHEP-4-UER-BM-MEL-16,23,23,23,23,10,10,10,10,1,0,0,0,0
UPPER EAST,Bawku Muncipality,Tampezue #2,Mohatu Electrical Ltd,SHEP-4-UER-BM-MEL-16,14,14,14,14,15,15,15,15,1,0,0,0,0
UPPER EAST,Bawku Municipality,Bukgri Corner/Ariziem/,Y.B. General Electricals Ltd.,SHEP-4-UER-BM-YGBEL-16,0,0,0,0,55,0,0,0,0,0,0,0,0
UPPER EAST,Bawku Municipality,Gaag-Kuka,Y.B. General Electricals Ltd.,SHEP-4-UER-BM-YGBEL-16,24,20,20,20,180,180,0,0,0,0,0,0,0
UPPER EAST,Bawku Municipality,Kaabing/Zuli #2,Y.B. General Electricals Ltd.,SHEP-4-UER-BM-YGBEL-16,14,14,14,14,150,0,0,0,0,0,0,0,0
UPPER EAST,Bawku Municipality,Kuka-Nabug,Y.B. General Electricals Ltd.,SHEP-4-UER-BM-YGBEL-16,0,0,0,0,180,0,0,0,0,0,0,0,0
UPPER EAST,Bawku Municipality,Kuka-Natinga (EXT.),Y.B. General Electricals Ltd.,SHEP-4-UER-BM-YGBEL-16,0,0,0,0,33,0,0,0,0,0,0,0,0
UPPER EAST,Bawku Municipality,Lamb/Lambkong/Tempelug,Y.B. General Electricals Ltd.,SHEP-4-UER-BM-YGBEL-16,16,11,11,11,130,0,0,0,0,0,0,0,0
UPPER EAST,Bawku Municipality,Megog(Ext),Y.B. General Electricals Ltd.,SHEP-4-UER-BM-YGBEL-16,0,0,0,0,20,0,0,0,0,0,0,0,0
UPPER EAST,Bawku Municipality,Narun/Winadateng,Y.B. General Electricals Ltd.,SHEP-4-UER-BM-YGBEL-16,30,26,26,26,150,49,0,0,0,0,0,0,0
UPPER EAST,Bawku Municipality,Winating,Y.B. General Electricals Ltd.,SHEP-4-UER-BM-YGBEL-16,2,0,0,0,95,95,0,0,0,0,0,0,0
UPPER EAST,Bawku Municipality,Zaasi/Kpalug/Terug,Y.B. General Electricals Ltd.,SHEP-4-UER-BM-YGBEL-16,13,2,0,0,157,75,0,0,0,0,0,0,0
UPPER EAST,Bawku Municipality,Zom,Y.B. General Electricals Ltd.,SHEP-4-UER-BM-YGBEL-16,14,12,12,12,90,0,0,0,0,0,0,0,0
UPPER EAST,Bawku Municipality,Zuuli Basic School,Y.B. General Electricals Ltd.,SHEP-4-UER-BM-YGBEL-16,16,14,14,14,170,0,0,0,0,0,0,0,0
UPPER EAST,Bawku West,Agaogo,Quanta Elect. Co. Ltd.,SHEP-4-UER-QECL-16,12,12,12,12,200,0,0,0,1,0,0,0,0
UPPER EAST,Bawku West,Alarigo,Albak Legacy Enterprise,SHEP-4-UER-BWD-ALE-10-2020,2,0,0,0,60,0,0,0,1,0,0,0,345
UPPER EAST,Bawku West,Alotam/Wiriguud,Dokmel Elect. Eng. Works,SHEP-4-UER-BWD-DEEWD-16,2,2,2,2,130,130,0,0,1,0,0,0,0
UPPER EAST,Bawku West,Apoddabogo,Vims Electrical & Electronics Ltd.,SHEP-4-UER-BWM-16,24,31,31,32,370,0,0,0,0,0,0,0,0
UPPER EAST,Bawku West,Ayad/Kinab-Dabote,Dokmel Elect. Eng. Works,SHEP-4-UER-BWD-DEEWD-16,17,17,17,17,125,0,0,0,1,0,0,0,0
UPPER EAST,Bawku West,Azuwera,Albak Legacy Enterprise,SHEP-4-UER-BWD-ALE-10-2020,36,0,0,0,90,0,0,0,1,0,0,0,115
UPPER EAST,Bawku West,Biaknawezer,Psam 91 Electricals,SHEP-4-UER-GD-P91E-10-2020,16,0,0,0,110,0,0,0,1,0,0,0,76
UPPER EAST,Bawku West,Bina/Kpalkwolgo,Perzoo Limited,SHEP-4-UER-BWD-PL-08-2020,6,0,0,0,90,0,0,0,1,0,0,0,0
UPPER EAST,Bawku West,Binba/Awedkoliko,Perzoo Limited,SHEP-4-UER-BWD-PL-08-2020,5,0,0,0,70,0,0,0,1,0,0,0,0
UPPER EAST,Bawku West,Bugare Kpalsako,Vims Electrical & Electronics Ltd.,SHEP-4-UER-BWM-16,26,21,21,21,175,0,0,0,0,0,0,0,0
UPPER EAST,Bawku West,Bugore,Quanta Elect. Co. Ltd.,SHEP-4-UER-QECL-16,18,18,18,18,170,0,0,0,1,0,0,0,0
UPPER EAST,Bawku West,Dangunga Basic School,Jews Electricals Limited,SHEP-5-BWD-JEL-16,36,36,13,13,219,54,54,54,1,0,0,0,0
UPPER EAST,Bawku West,Dangunga Gbango,Jews Electricals Limited,SHEP-5-BWD-JEL-16,23,23,23,23,95,95,95,95,1,0,0,0,0
UPPER EAST,Bawku West,Dangunga Gundango,Jews Electricals Limited,SHEP-5-BWD-JEL-16,18,18,18,18,125,0,0,0,1,0,0,0,0
UPPER EAST,Bawku West,Dangunga Makpale,Jews Electricals Limited,SHEP-5-BWD-JEL-16,20,20,20,0,155,0,0,0,1,0,0,0,0
UPPER EAST,Bawku West,Dangunga Ziboko,Jews Electricals Limited,SHEP-5-BWD-JEL-16,24,4,24,0,110,0,0,0,1,0,0,0,0
UPPER EAST,Bawku West,Gabuliga,Quanta Elect. Co. Ltd.,SHEP-4-UER-QECL-16,24,24,24,24,250,29,0,0,1,0,0,0,0
UPPER EAST,Bawku West,Gbezuoza,Bosco Light Company Limited,SHEP-4-UER-BWD-BLCL-03-20,6,0,0,0,150,0,0,0,0,0,0,0,0
UPPER EAST,Bawku West,Googo,Vims Electrical & Electronics Ltd.,SHEP-4-UER-BWM-16,2,2,2,2,180,0,0,0,0,0,0,0,0
UPPER EAST,Bawku West,Gozesi,Quanta Elect. Co. Ltd.,SHEP-4-UER-QECL-16,24,24,24,24,220,0,0,0,1,0,0,0,0
UPPER EAST,Bawku West,Guzongo Salipiiga,Nantah-Waz Enterprise,SHEP-4-UER-BWD-NEW-10-2020,2,0,0,0,320,0,0,0,0,0,0,0,0
UPPER EAST,Bawku West,Kaare Natinga,Bosco Light Company Limited,SHEP-4-UER-BWD-BLCL-03-20,18,0,0,0,250,0,0,0,0,0,0,0,0
UPPER EAST,Bawku West,Kansongo,Jews Electricals Limited,SHEP-5-BWD-JEL-16,30,30,30,30,123,0,0,0,1,0,0,0,0
UPPER EAST,Bawku West,Kare Natinga Yapalla,Bosco Light Company Limited,SHEP-4-UER-BWD-BLCL-03-20,12,0,0,0,100,0,0,0,0,0,0,0,0
UPPER EAST,Bawku West,Komako,Bosco Light Company Limited,SHEP-4-UER-BWD-BLCL-03-20,6,0,0,0,90,0,0,0,0,0,0,0,0
UPPER EAST,Bawku West,Komako Basic School,Bosco Light Company Limited,SHEP-4-UER-BWD-BLCL-03-20,6,0,0,0,90,0,0,0,0,0,0,0,0
UPPER EAST,Bawku West,Kopella,Quanta Elect. Co. Ltd.,SHEP-4-UER-QECL-16,14,14,14,14,290,0,0,0,1,0,0,0,0
UPPER EAST,Bawku West,Kpalsako,Dokmel Elect. Eng. Works,SHEP-4-UER-BWD-DEEWD-16,14,14,14,14,380,0,0,0,1,0,0,0,0
UPPER EAST,Bawku West,Kukurizua Ext.,Nantah-Waz Enterprise,SHEP-4-UER-BWD-NEW-10-2020,0,0,0,0,120,0,0,0,0,0,0,0,0
UPPER EAST,Bawku West,Saka,Jack Jeff Company Limited,SHEP-4-UER-BWD-JJCL-10-2020,1,0,0,0,150,0,0,0,0,0,0,0,148
UPPER EAST,Bawku West,Sakpare,Jews Electricals Limited,SHEP-5-BWD-JEL-16,14,15,15,15,245,149,15,15,1,0,0,0,0
UPPER EAST,Bawku West,Salpiiga,Bosco Light Company Limited,SHEP-4-UER-BWD-BLCL-03-20,12,0,0,0,150,0,0,0,0,0,0,0,0
UPPER EAST,Bawku West,Sheiga,Nantah-Waz Enterprise,SHEP-4-UER-BWD-NEW-10-2020,4,0,0,0,400,0,0,0,0,0,0,0,0
UPPER EAST,Bawku West,Sitande,Quanta Elect. Co. Ltd.,SHEP-4-UER-QECL-16,19,19,19,19,230,128,0,0,1,0,0,0,0
UPPER EAST,Bawku West,Tang Dabote,Dokmel Elect. Eng. Works,SHEP-4-UER-BWD-DEEWD-16,38,38,38,38,310,0,0,0,1,0,0,0,0
UPPER EAST,Bawku West,Tarikom,Tuima Electricals Works,SHEP-4-UER-BWD-TEW-08-2020,11,0,0,0,95,95,95,95,0,0,0,0,0
UPPER EAST,Bawku West,Tarikom Gbere,Tuima Electricals Works,SHEP-4-UER-BWD-TEW-08-2020,20,0,0,0,65,65,65,65,0,0,0,0,0
UPPER EAST,Bawku West,Teshie Natinga (Extension),Dokmel Elect. Eng. Works,SHEP-4-UER-BWD-DEEWD-16,0,0,0,0,15,0,0,0,0,0,0,0,0
UPPER EAST,Bawku West,Timpeligo Cental/Googo,Jews Electricals Limited,SHEP-5-BWD-JEL-16,4,2,0,0,293,150,100,13,1,0,0,0,0
UPPER EAST,Bawku West,Timpeligo Yipala,Jews Electricals Limited,SHEP-5-BWD-JEL-16,16,15,15,15,209,150,9,9,1,0,0,0,0
UPPER EAST,Bawku West,Toende,Dokmel Elect. Eng. Works,SHEP-4-UER-BWD-DEEWD-16,35,35,35,35,310,0,0,0,1,0,0,0,0
UPPER EAST,Bawku West,Weeri/Natinga (EXT.),Vims Electrical & Electronics Ltd.,SHEP-4-UER-BWM-16,0,0,0,0,10,0,0,0,0,0,0,0,0
UPPER EAST,Bawku West,Widnaba,Psam 91 Electricals,SHEP-4-UER-BWD-PE-10-2020,4,0,0,0,110,0,0,0,1,0,0,0,125
UPPER EAST,Bawku West,Wiiga/Gunga,Dokmel Elect. Eng. Works,SHEP-4-UER-BWD-DEEWD-16,14,14,14,14,210,0,0,0,1,0,0,0,0
UPPER EAST,Bawku West,Yiikikugu Gumbia,Bosco Light Company Limited,SHEP-4-UER-BWD-BLCL-03-20,14,0,0,0,120,0,0,0,0,0,0,0,0
UPPER EAST,Bawku West,Yikrurgu,Jack Jeff Company Limited,SHEP-4-UER-BWD-JJCL-10-2020,0,0,0,0,50,0,0,0,0,0,0,0,35
UPPER EAST,Bawku West,Zeego,Quanta Elect. Co. Ltd.,SHEP-4-UER-QECL-16,12,12,12,12,180,0,0,0,1,0,0,0,0
UPPER EAST,Bawku West,Zeogo,Psam 91 Electricals,SHEP-4-UER-BWD-PE-10-2020,12,0,0,0,90,0,0,0,1,0,0,0,108
UPPER EAST,Bawku West,Ziika,Bosco Light Company Limited,SHEP-4-UER-BWD-BLCL-03-20,13,0,0,0,240,0,0,0,0,0,0,0,0
UPPER EAST,Bawku West,Ziki Asobilla,Jews Electricals Limited,SHEP-5-BWD-JEL-16,28,28,26,26,186,150,120,47,1,0,0,0,0
UPPER EAST,Bawku West,Zoayanga No.1,Budic Engineering Ltd.,SHEP-4-UER-BWD-BEL-10-20,24,23,0,0,180,180,0,0,1,0,0,0,0
UPPER EAST,Bawku West,Zoayanga No.2,B- Bone Electrical Enterprise,SHEP-4-UER-BWD-BEE-10-20,7,7,0,0,180,180,0,0,1,0,0,0,0
UPPER EAST,Bawku West,Zobako,Vims Electrical & Electronics Ltd.,SHEP-4-UER-BWM-16,12,10,10,8,50,0,0,0,0,0,0,0,0
UPPER EAST,Bawku West,Zopeli,Dokmel Elect. Eng. Works,SHEP-4-UER-BWD-DEEWD-16,0,0,0,0,20,0,0,0,0,0,0,0,0
UPPER EAST,Bawku West,kpabtarigo,Budic Engineering Ltd.,SHEP-4-UER-BWD-BEL-10-20,0,0,0,0,0,0,0,0,0,0,0,0,0
UPPER EAST,Binduri,1,Powertech Engineering Ltd,SHEP-5-BD-PESL-16,34,34,34,34,290,290,290,290,1,1,1,0,0
UPPER EAST,Binduri,Agomisin,Tirago Enterprise Ltd.,SHEP-4-UER-BD-TEL-17,50,0,0,0,95,0,0,0,0,0,0,0,0
UPPER EAST,Binduri,Agon-Nara,Ampohblay Will Ltd,SHEP-UER-B/KNWDs-AWL-10-14,1,2,2,2,156,121,121,90,1,1,1,0,0
UPPER EAST,Binduri,Agumsi Bulzua,Powertech Engineering Ltd,SHEP-5-BD-PESL-16,17,17,17,17,169,169,0,0,0,0,0,0,0
UPPER EAST,Binduri,Agumsi Natinga,Powertech Engineering Ltd,SHEP-5-BD-PESL-16,56,56,56,56,285,285,0,0,0,0,0,0,0
UPPER EAST,Binduri,Agumsi Tambig Natinga,Powertech Engineering Ltd,SHEP-5-BD-PESL-16,24,24,24,24,181,181,0,0,0,0,0,0,0
UPPER EAST,Binduri,Aniisi (Ext),J - Karimus Company Ltd.,SHEP-4-UER-BD-JKCL-17,0,0,0,0,70,0,0,0,0,0,0,0,0
UPPER EAST,Binduri,Asintapelug,J - Karimus Company Ltd.,SHEP-4-UER-BD-JKCL-17,7,7,0,0,85,0,0,0,0,0,0,0,0
UPPER EAST,Binduri,Atoba Main Town,Tirago Enterprise Ltd.,SHEP-4-UER-BD-TEL-17,0,0,0,0,90,0,0,0,0,0,0,0,0
UPPER EAST,Binduri,Atoba-Avoase,Tirago Enterprise Ltd.,SHEP-4-UER-BD-TEL-17,26,0,0,0,155,0,0,0,0,0,0,0,0
UPPER EAST,Binduri,Atoba-Mognori,Tirago Enterprise Ltd.,SHEP-4-UER-BD-TEL-17,40,0,0,0,110,0,0,0,0,0,0,0,0
UPPER EAST,Binduri,Avondango Chief's Palace,Ampohblay Will Ltd,SHEP-UER-B/KNWDs-AWL-10-14,5,2,2,2,100,100,100,100,1,1,1,0,69
UPPER EAST,Binduri,Avondango Market,Ampohblay Will Ltd,SHEP-UER-B/KNWDs-AWL-10-14,3,3,3,3,120,56,56,56,1,1,1,0,0
UPPER EAST,Binduri,Azum-Sapeliga,King Nimod Electrical,SHEP-4-UER-KEWL-16,42,42,42,42,260,260,260,260,1,1,1,0,171
UPPER EAST,Binduri,Bakanga,Happy World of Techn. Ltd.,SHEP-4-BD-HWOTL,30,4,4,4,176,155,60,60,1,0,0,0,65
UPPER EAST,Binduri,Bansi Central,Guuru Link LTD,SHEP-4-UE-BD-GLL-03-2020,42,42,42,42,50,100,100,0,0,0,0,0,0
UPPER EAST,Binduri,Bansi Winaba,Payaba Enterprise,SHEP-4-UER-PE-03-2020,12,12,12,12,65,65,65,65,1,1,1,0,107
UPPER EAST,Binduri,Bansi-Barigu,J - Karimus Company Ltd.,SHEP-4-UER-BD-JKCL-17,0,0,0,0,185,0,0,0,0,0,0,0,0
UPPER EAST,Binduri,Barabogo Natinga,Powertech Engineering Ltd,SHEP-5-BD-PESL-16,11,17,17,17,167,167,121,0,0,0,0,0,0
UPPER EAST,Binduri,Barabogo Tengbeong,Powertech Engineering Ltd,SHEP-5-BD-PESL-16,17,17,17,17,207,90,90,0,0,0,0,0,0
UPPER EAST,Binduri,Bawk-Sapeliga,J - Karimus Company Ltd.,SHEP-4-UER-BD-JKCL-17,0,0,0,0,40,0,0,0,0,0,0,0,0
UPPER EAST,Binduri,Bazua NewTown/Biaka,KASN Engineering and Consult Ltd,SHEP-4-UE-BD-KECL-03-2020,0,0,0,0,0,0,0,0,0,0,0,0,63
UPPER EAST,Binduri,Bazua Newtown (ext)/Biaka,Elios Company Ltd.,SHEP-4-UER-BD-ECL-17,12,10,10,10,90,90,90,90,1,1,1,0,6
UPPER EAST,Binduri,Boko #2,Elios Company Ltd.,SHEP-4-UER-BD-ECL-17,2,7,7,7,240,240,150,150,2,1,1,0,155
UPPER EAST,Binduri,Dabuugu/Kukparigu,Elios Company Ltd.,SHEP-4-UER-BD-ECL-17,5,5,5,5,145,145,145,145,1,1,1,0,80
UPPER EAST,Binduri,Dulnatinga/Agbelgimvoos,Elios Company Ltd.,SHEP-4-UER-BD-ECL-17,6,6,6,6,175,175,175,175,1,1,1,0,75
UPPER EAST,Binduri,Gotesaliga,J - Karimus Company Ltd.,SHEP-4-UER-BD-JKCL-17,30,30,30,30,175,175,175,175,1,1,1,0,100
UPPER EAST,Binduri,Gotisaliga,Ampohblay Will Ltd,SHEP-UER-B/KNWDs-AWL-10-14,0,0,0,0,0,0,0,0,0,0,0,0,0
UPPER EAST,Binduri,Iddi,Ampohblay Will Ltd,SHEP-UER-B/KNWDs-AWL-10-14,10,9,0,0,189,74,74,60,0,0,0,0,0
UPPER EAST,Binduri,Kaadi-Kudugu,Tirago Enterprise Ltd.,SHEP-4-UER-BD-TEL-17,6,0,0,0,110,0,0,0,0,0,0,0,0
UPPER EAST,Binduri,Kologo-Tingre,Powertech Engineering Ltd,SHEP-5-BD-PESL-16,20,20,20,20,189,0,0,0,0,0,0,0,0
UPPER EAST,Binduri,Kolok Gumyako,Powertech Engineering Ltd,SHEP-5-BD-PESL-16,36,36,36,36,320,200,200,200,0,0,0,0,0
UPPER EAST,Binduri,Kpagogo #1,King Nimod Electrical,SHEP-4-UER-KEWL-16,12,12,12,12,191,191,191,191,1,1,1,0,155
UPPER EAST,Binduri,Kpagogo #2,King Nimod Electrical,SHEP-4-UER-KEWL-16,12,12,12,12,170,170,170,170,1,1,1,0,120
UPPER EAST,Binduri,Kpagogo North,King Nimod Electrical,SHEP-4-UER-KEWL-16,17,17,17,17,211,211,211,211,1,1,1,0,300
UPPER EAST,Binduri,Kuloko Aporozua,Powertech Engineering Ltd,SHEP-5-BD-PESL-16,14,14,14,14,175,175,175,175,1,1,1,0,0
UPPER EAST,Binduri,Kuloko Yoldeing,Powertech Engineering Ltd,SHEP-5-BD-PESL-16,24,24,24,24,90,189,189,189,0,0,0,0,0
UPPER EAST,Binduri,Morgo,Mohatu Electrical Ltd,SHEP-4-PD-MEL-16,19,16,16,16,145,60,0,0,1,1,0,0,0
UPPER EAST,Binduri,Nafkoliga Agumsi,Powertech Engineering Ltd,SHEP-5-BD-PESL-16,41,41,41,0,200,200,0,0,0,0,0,0,0
UPPER EAST,Binduri,Nafkoliga Natinga,Powertech Engineering Ltd,SHEP-5-BD-PESL-16,16,25,25,0,151,151,0,0,0,0,0,0,0
UPPER EAST,Binduri,Nafkoliga Tambizeeg,Powertech Engineering Ltd,SHEP-5-BD-PESL-16,25,25,25,25,285,285,0,0,0,0,0,0,0
UPPER EAST,Binduri,Nara Sung,Ampohblay Will Ltd,SHEP-UER-B/KNWDs-AWL-10-14,26,22,22,22,174,136,136,136,1,1,1,0,85
UPPER EAST,Binduri,Natinga/Bansisakpa Natinga,Guuru Link LTD,SHEP-4-UE-BD-GLL-03-2020,18,18,18,18,70,70,70,0,0,0,0,0,0
UPPER EAST,Binduri,Nin-Sarko,Ampohblay Will Ltd,SHEP-UER-B/KNWDs-AWL-10-14,13,0,0,0,147,173,147,147,0,0,0,0,0
UPPER EAST,Binduri,Sakpari Central,Ike Electrical Co. Ltd,SHEP-4-BD-ILA-11-16,59,65,27,27,170,0,0,0,0,0,0,0,140
UPPER EAST,Binduri,Sakpari-Bakango,Ike Electrical Co. Ltd,SHEP-4-BD-ILA-11-16,5,3,3,0,150,60,60,60,0,0,0,0,70
UPPER EAST,Binduri,Sakpari-Kumpalgoga,Ike Electrical Co. Ltd,SHEP-4-BD-ILA-11-16,18,13,13,0,160,60,60,60,0,0,0,0,80
UPPER EAST,Binduri,Sakpari-Poayamire,Ike Electrical Co. Ltd,SHEP-4-BD-ILA-11-16,24,21,15,15,135,29,29,29,0,0,0,0,350
UPPER EAST,Binduri,Sakparna Tinga,Elios Company Ltd.,SHEP-4-UER-BD-ECL-17,24,25,25,25,166,166,140,140,1,1,1,0,85
UPPER EAST,Binduri,Sakperi-Natinga,Ampohblay Will Ltd,SHEP-UER-B/KNWDs-AWL-10-14,18,1,1,1,80,50,50,50,1,1,1,0,60
UPPER EAST,Binduri,Sarabogo,Ampohblay Will Ltd,SHEP-UER-B/KNWDs-AWL-10-14,8,0,0,0,125,125,125,0,0,0,0,0,0
UPPER EAST,Binduri,Soogtinga/Buarin,KASN Engineering and Consult Ltd,SHEP-4-UE-BD-KECL-03-2020,6,0,0,0,0,0,0,0,1,0,0,0,82
UPPER EAST,Binduri,Tansia-Bugrin/Zeego/ Kolnatinga,Tirago Enterprise Ltd.,SHEP-4-UER-BD-TEL-17,7,2,2,2,110,110,110,110,1,1,1,0,0
UPPER EAST,Binduri,Tendaatengen,J - Karimus Company Ltd.,SHEP-4-UER-BD-JKCL-17,30,30,0,0,150,0,0,0,0,0,0,0,0
UPPER EAST,Binduri,Tinogo,Ampohblay Will Ltd,SHEP-UER-B/KNWDs-AWL-10-14,36,36,17,17,315,155,155,155,1,1,1,0,94
UPPER EAST,Binduri,Tirago,Ampohblay Will Ltd,SHEP-UER-B/KNWDs-AWL-10-14,25,25,25,25,206,206,206,206,1,1,1,0,30
UPPER EAST,Binduri,Wabzug,Tirago Enterprise Ltd.,SHEP-4-UER-BD-TEL-17,13,0,0,0,100,0,0,0,0,0,0,0,0
UPPER EAST,Binduri,Yalugu Ganaga,Powertech Engineering Ltd,SHEP-5-BD-PESL-16,18,18,18,18,98,208,208,0,0,0,0,0,0
UPPER EAST,Binduri,Yalugu Kpanating,Powertech Engineering Ltd,SHEP-5-BD-PESL-16,28,28,28,28,100,98,98,0,0,0,0,0,0
UPPER EAST,Binduri,Yalugu Natinga/Barigun/Magnori,Powertech Engineering Ltd,SHEP-5-BD-PESL-16,46,46,46,46,250,230,230,230,1,0,0,0,0
UPPER EAST,Binduri,Yarigungu-Asikonde,Happy World of Techn. Ltd.,SHEP-4-BD-HWOTL,24,24,24,24,225,125,125,125,1,1,1,0,123
UPPER EAST,Binduri,Yarigungu-Natinga,Happy World of Techn. Ltd.,SHEP-4-BD-HWOTL,26,26,26,26,180,180,180,180,1,1,1,0,90
UPPER EAST,Binduri,Yua-Taribisi,Ampohblay Will Ltd,SHEP-UER-B/KNWDs-AWL-10-14,0,0,0,0,0,0,0,0,0,0,0,0,0
UPPER EAST,Binduri,Zeego (Zaago)/Bankago Ext,Tirago Enterprise Ltd.,SHEP-4-UER-BD-TEL-17,0,0,0,0,75,0,0,0,0,0,0,0,0
UPPER EAST,Binduri,Ziako Tesnatinga / Buarin,Payaba Enterprise,SHEP-4-UER-PE-03-2020,24,24,24,24,95,95,95,95,1,1,1,0,168
UPPER EAST,Binduri,Zuulugo,Ampohblay Will Ltd,SHEP-UER-B/KNWDs-AWL-10-14,17,17,17,17,90,90,90,90,0,0,0,0,50
UPPER EAST,Bolga/Talensi,Dorong/Kembiisi/Daboting,Alback legacy Company Limited,SHEP-4-UER-BTD-ALE-08-2020,0,0,0,0,30,30,30,30,0,0,0,0,115
UPPER EAST,Bolga/Talensi,Kumbiligo,SHEP-4-UER-TD-HNVL-06-20,SHEP-4-UER-BTD-ALE-08-2020,4,4,4,4,120,90,90,90,1,0,0,0,354
UPPER EAST,Bolga/Talensi,Pusu Namongo Ext,Alback legacy Company Limited,SHEP-4-UER-BTD-ALE-08-2020,0,0,0,0,35,35,35,35,0,0,0,0,148
UPPER EAST,Bolgatanga,Atansobligu,Albak Legacy Enterprise,SHEP-4-UER-BD-ALE-08-2020,12,0,0,0,150,0,0,0,1,0,0,0,118
UPPER EAST,Bolgatanga,Bolgatanga Technical Versity,B Com Dan-Sallay Co. Ltd,SHEP-UER-SLP-BCDSCL-06-21,0,0,0,0,25,25,0,0,0,0,0,0,0
UPPER EAST,Bolgatanga East,Asongen,Twumasi & Co Engineering Limited,SHEP-4-UER-BED-TCEL-10-19,36,0,0,0,80,0,0,0,1,0,0,0,0
UPPER EAST,Bolgatanga East,Gonno Zue,Twumasi & Co Engineering Limited,SHEP-4-UER-BED-TCEL-10-19,30,0,0,0,80,0,0,0,1,0,0,0,0
UPPER EAST,Bolgatanga East,Kagrebiisi,Twumasi & Co Engineering Limited,SHEP-4-UER-BED-TCEL-10-19,48,0,0,0,66,0,0,0,1,0,0,0,0
UPPER EAST,Bolgatanga East,Kalanga,Twumasi & Co Engineering Limited,SHEP-4-UER-BED-TCEL-10-19,19,0,0,0,60,0,0,0,1,0,0,0,0
UPPER EAST,Bolgatanga East,Kantia,Twumasi & Co Engineering Limited,SHEP-4-UER-BED-TCEL-10-19,24,0,0,0,52,0,0,0,1,0,0,0,0
UPPER EAST,Bolgatanga East,Sakoote,Twumasi & Co Engineering Limited,SHEP-4-UER-BED-TCEL-10-19,36,0,0,0,40,0,0,0,1,0,0,0,0
UPPER EAST,Bolgatanga East,Zonno-Zori,Twumasi & Co Engineering Limited,SHEP-4-UER-BED-TCEL-10-19,24,0,0,0,80,0,0,0,1,0,0,0,0
UPPER EAST,Bolgatanga Mun.,Kumbosco,Richmanda Enterprise Ltd.,SHEP-UE-BM/BD-REL-16,38,18,18,18,350,300,300,300,1,1,12,0,0
UPPER EAST,Bolgatanga Mun.,Kumbosco Clinic,Richmanda Enterprise Ltd.,SHEP-UE-BM/BD-REL-16,18,17,17,17,185,135,84,84,1,1,7,0,150
UPPER EAST,Bolgatanga Mun.,Polugu,Richmanda Enterprise Ltd.,SHEP-UE-BM/BD-REL-16,18,28,28,28,370,370,370,370,2,2,2,0,200
UPPER EAST,Bolgatanga Mun.,Tongo Beo Chief's Palace,Richmanda Enterprise Ltd.,SHEP-UE-BM/BD-REL-16,18,27,27,27,80,125,119,119,1,1,1,0,60
UPPER EAST,Bolgatanga Mun.,Tongo Beo Primary,Richmanda Enterprise Ltd.,SHEP-UE-BM/BD-REL-16,6,8,8,8,205,220,220,220,1,1,1,0,176
UPPER EAST,Bolgatanga Mun.,Yarigabisi - Agungabisi,Richmanda Enterprise Ltd.,SHEP-UE-BM/BD-REL-16,6,8,8,8,220,175,175,175,1,1,1,0,210
UPPER EAST,Bolgatanga Mun.,Yarigabisi - Asogrebisi,Richmanda Enterprise Ltd.,SHEP-UE-BM/BD-REL-16,14,12,12,12,115,167,167,167,1,1,1,0,171
UPPER EAST,Bolgatanga Mun.,Yarigabisi - Awanabisi,Richmanda Enterprise Ltd.,SHEP-UE-BM/BD-REL-16,2,2,2,2,100,80,80,80,1,1,1,0,140
UPPER EAST,Bolgatanga Mun.,Yarigabisi - Ricemill,Richmanda Enterprise Ltd.,SHEP-UE-BM/BD-REL-16,2,8,8,8,80,80,80,80,1,1,1,0,50
UPPER EAST,Bolgatanga Municipality,Akegma/tampo,Richmanda Eng. Ltd,SHEP-UER-REL-16-P2,13,15,15,15,160,122,122,122,1,1,1,0,158
UPPER EAST,Bolgatanga Municipality,Akenga (Ext),Richmanda Enterprise Ltd.,SHEP-UER-REL-16-P1,0,0,0,0,75,20,20,20,0,0,0,0,21
UPPER EAST,Bolgatanga Municipality,Anaba-Doone,Richmanda Eng. Ltd,SHEP-UER-REL-16-P2,17,28,28,28,140,60,60,60,1,1,1,0,42
UPPER EAST,Bolgatanga Municipality,Ayesikabiisi,Khesby Engineering Ltd.,SHEP-4-UER-BM-KEL-16,24,17,17,17,150,101,100,71,1,0,0,0,0
UPPER EAST,Bolgatanga Municipality,Benkote (Ext),Richmanda Enterprise Ltd.,SHEP-UER-REL-16-P1,0,0,0,0,65,10,0,0,0,0,0,0,0
UPPER EAST,Bolgatanga Municipality,Boosiya (ext),Richmanda Enterprise Ltd.,SHEP-UER-REL-16-P1,0,0,0,0,80,89,60,60,0,0,0,0,44
UPPER EAST,Bolgatanga Municipality,Boosiya Gambigo Tingre,Richmanda Enterprise Ltd.,SHEP-UER-REL-16-P1,18,19,19,19,220,250,222,222,1,1,1,0,204
UPPER EAST,Bolgatanga Municipality,Bugelego,Khesby Engineering Ltd.,SHEP-4-UER-BM-KEL-16,18,22,22,22,150,70,70,40,0,0,0,0,0
UPPER EAST,Bolgatanga Municipality,Dorongo New,Richmanda Eng. Ltd,SHEP-UER-REL-16-P2,12,8,8,8,170,49,49,49,1,1,1,0,23
UPPER EAST,Bolgatanga Municipality,Dubila,Khesby Engineering Ltd.,SHEP-4-UER-BM-KEL-16,18,14,14,14,180,56,100,0,1,0,0,0,0
UPPER EAST,Bolgatanga Municipality,Genebiisi/Banenbiisi,Richmanda Enterprise Ltd.,SHEP-UER-REL-16-P1,14,14,14,14,165,50,30,50,1,1,1,0,0
UPPER EAST,Bolgatanga Municipality,Katanga Boko,Richmanda Eng. Ltd,SHEP-UER-REL-16-P2,18,26,26,26,210,159,159,159,1,1,1,0,75
UPPER EAST,Bolgatanga Municipality,Kembisi,Khesby Engineering Ltd.,SHEP-4-UER-BM-KEL-16,5,7,7,7,130,197,197,187,1,0,0,0,70
UPPER EAST,Bolgatanga Municipality,Kumberigo,Khesby Engineering Ltd.,SHEP-4-UER-BM-KEL-16,11,14,14,14,165,120,120,120,1,0,0,0,75
UPPER EAST,Bolgatanga Municipality,Mossi,Khesby Engineering Ltd.,SHEP-4-UER-BM-KEL-16,16,10,10,10,120,150,150,150,1,0,0,0,0
UPPER EAST,Bolgatanga Municipality,Mossi (Ext),Khesby Engineering Ltd.,SHEP-4-UER-BM-KEL-16,0,0,0,0,80,0,0,0,0,0,0,0,0
UPPER EAST,Bolgatanga Municipality,Nungo/Nayire,Richmanda Eng. Ltd,SHEP-UER-REL-16-P2,0,0,0,0,90,37,27,27,0,0,0,0,21
UPPER EAST,Bolgatanga Municipality,Nyaariga Doone,Richmanda Eng. Ltd,SHEP-UER-REL-16-P2,20,26,26,26,190,250,189,189,1,1,1,0,148
UPPER EAST,Bolgatanga Municipality,Nyangu Yorogo Asogrebiisi,Richmanda Enterprise Ltd.,SHEP-UER-REL-16-P1,5,0,0,0,110,114,114,114,0,0,0,0,55
UPPER EAST,Bolgatanga Municipality,Nyonkoko,Khesby Engineering Ltd.,SHEP-4-UER-BM-KEL-16,30,16,16,16,110,90,90,90,1,0,0,0,10
UPPER EAST,Bolgatanga Municipality,Nyonkoko/Asonge,Richmanda Enterprise Ltd.,SHEP-UER-REL-16-P1,24,0,0,0,170,45,26,200,0,0,0,0,13
UPPER EAST,Bolgatanga Municipality,Pogwongbiisi/Kokan,Richmanda Enterprise Ltd.,SHEP-UER-REL-16-P1,18,24,24,24,210,64,64,64,1,1,1,0,80
UPPER EAST,Bolgatanga Municipality,Sapio,Khesby Engineering Ltd.,SHEP-4-UER-BM-KEL-16,13,15,15,15,140,85,36,36,0,0,0,0,0
UPPER EAST,Bolgatanga Municipality,Sirigu (Nayire) / Tangabiisi,Khesby Engineering Ltd.,SHEP-4-UER-BM-KEL-16,30,19,19,19,175,75,75,75,1,0,0,0,0
UPPER EAST,Bolgatanga Municipality,Soorebiisi,Richmanda Enterprise Ltd.,SHEP-UER-REL-16-P1,12,14,14,14,110,179,179,179,2,2,2,0,123
UPPER EAST,Bolgatanga Municipality,Tansobkor,Richmanda Enterprise Ltd.,SHEP-UER-REL-16-P1,12,0,0,0,90,0,0,0,0,0,0,0,0
UPPER EAST,Bolgatanga Municipality,Tinganibiisi,Khesby Engineering Ltd.,SHEP-4-UER-BM-KEL-16,12,28,28,28,100,0,0,0,0,0,0,0,0
UPPER EAST,Bolgatanga Municipality,Tingchioaneuure/Dachio,Richmanda Eng. Ltd,SHEP-UER-REL-16-P2,0,0,0,0,175,47,0,0,0,0,0,0,0
UPPER EAST,Bolgatanga Municipality,Tokobiisi,Richmanda Eng. Ltd,SHEP-UER-REL-16-P2,5,1,1,1,175,123,50,50,1,1,1,0,39
UPPER EAST,Bolgatanga Municipality,Torsin,Richmanda Eng. Ltd,SHEP-UER-REL-16-P2,0,0,0,0,170,26,26,26,0,0,0,0,12
UPPER EAST,Bolgatanga Municipality,Zenga,Richmanda Eng. Ltd,SHEP-UER-REL-16-P2,7,7,7,7,155,143,123,123,1,1,1,0,74
UPPER EAST,Bolgatanga Municipality,Zoore,Richmanda Enterprise Ltd.,SHEP-UER-REL-16-P1,30,30,30,30,100,20,19,19,1,1,1,0,53
UPPER EAST,Bolgatanga Municipality,Zurebisi,Khesby Engineering Ltd.,SHEP-4-UER-BM-KEL-16,12,11,11,11,145,114,114,114,1,0,0,0,81
UPPER EAST,Bongo,Abagribono/Ayogate,Osei Kuffour Electrical Company Limited,SHEP-4-UER-BD-OKECL-05-20,6,0,0,0,170,0,0,0,1,0,0,0,0
UPPER EAST,Bongo,Abelumzanga Ext,KASN Engineering and Consult Ltd,SHEP-4-UER-BD-KASNECL-07-19,0,0,0,0,55,0,0,0,0,0,0,0,0
UPPER EAST,Bongo,Adingo - Doone,Budic Electrical & Engineering Works,SHEP-UE-BUDIC-14-1,17,10,10,10,125,125,125,125,1,1,0,0,100
UPPER EAST,Bongo,Akamo,Powertech Engineering Services Ltd.,SHEP-4-BD-ILA-11-16,18,0,0,0,240,0,0,0,0,0,0,0,0
UPPER EAST,Bongo,Akanseringo Ext,Multi Amb LTD,SHEP-4-UER-BD-MAMBL-05-20,0,0,0,0,35,30,30,30,0,0,0,0,0
UPPER EAST,Bongo,Akebga Ext,My Turn Standard Co. LTD,SHEP-4-UER-BD-HNVL-05-20,0,0,0,0,30,35,35,35,0,0,0,0,0
UPPER EAST,Bongo,Akendoo/Mission,Multi Amb LTD,SHEP-4-UER-BD-MAMBL-05-20,6,0,0,0,80,70,70,70,0,0,0,0,0
UPPER EAST,Bongo,Akirikenkua Ext.,Osei Kuffour Electrical Company Limited,SHEP-4-UER-BD-OKECL-05-20,12,0,0,0,50,0,0,0,0,0,0,0,0
UPPER EAST,Bongo,Akundoo chief's Palace,ILA Engineering Ltd,SHEP-4-BD-ILA-11-16,24,15,0,0,120,33,0,0,0,0,0,0,0
UPPER EAST,Bongo,Akundoo-kiibo/Apeliga,ILA Engineering Ltd,SHEP-4-BD-ILA-11-16,19,14,0,0,100,0,0,0,0,0,0,0,0
UPPER EAST,Bongo,Anafobiisi Zuin,Budic Electrical & Engineering Works,SHEP-UE-BUDIC-14-1,18,18,18,18,270,270,180,180,1,1,0,0,25
UPPER EAST,Bongo,Apuwongo Zui,E.K. Asare Enterprise,SHEP-4-UER-BD-E.K-17,24,16,0,0,80,0,0,0,1,0,0,0,0
UPPER EAST,Bongo,Apuwongo-Tingre,E.K. Asare Enterprise,SHEP-4-UER-BD-E.K-17,16,17,17,0,60,80,80,80,1,0,0,0,0
UPPER EAST,Bongo,Asabire,Daniel Abatara Elect.,SHEP-4-UER-BD-DAEW-05-20,12,0,0,0,50,0,0,0,1,0,0,0,97
UPPER EAST,Bongo,Asabire Doone,Daniel Abatara Elect.,SHEP-4-UER-BD-DAEW-05-20,12,0,0,0,65,0,0,0,1,0,0,0,125
UPPER EAST,Bongo,Asakule,ILA Engineering Ltd,SHEP-4-BD-ILA-11-16,4,0,0,0,175,0,0,0,0,0,0,0,0
UPPER EAST,Bongo,Avire Doone,Budic Electrical & Engineering Works,SHEP-UE-BUDIC-14-1,34,22,16,16,315,333,333,309,2,1,1,0,165
UPPER EAST,Bongo,Awaa Atiabiisi,KASN Engineering and Consult Ltd,SHEP-4-UER-BD-KASNECL-07-19,0,0,0,0,80,0,0,0,1,0,0,0,0
UPPER EAST,Bongo,Awaa Tarongo Ext,KASN Engineering and Consult Ltd,SHEP-4-UER-BD-KASNECL-07-19,0,0,0,0,35,80,80,80,0,0,0,0,0
UPPER EAST,Bongo,Awale Namoo,KASN Engineering and Consult Ltd,SHEP-4-UER-BD-KASNECL-07-19,22,0,0,0,125,0,0,0,0,0,0,0,0
UPPER EAST,Bongo,Aware Doone Ext,E.K.Asare Enterprise Ltd.,SHEP-4-UER-BD-EKAEL-05-20,10,0,0,0,140,0,0,0,1,0,0,0,97
UPPER EAST,Bongo,Ayansum Doone,Budic Electrical & Engineering Works,SHEP-UE-BUDIC-14-1,30,23,23,23,465,337,312,242,2,1,1,0,225
UPPER EAST,Bongo,Ayone,Budic Electrical & Engineering Works,SHEP-UE-BUDIC-14-1,43,23,12,12,564,487,487,479,3,3,3,0,225
UPPER EAST,Bongo,Ayone Basic School,Budic Electrical & Engineering Works,SHEP-UE-BUDIC-14-1,26,27,26,26,342,321,311,311,2,2,2,0,280
UPPER EAST,Bongo,Ayourpia,KASN Engineering and Consult Ltd,SHEP-4-UER-BD-KASNECL-07-19,7,0,0,0,175,0,0,0,0,0,0,0,0
UPPER EAST,Bongo,Azeka Doone,Budic Engineering Ltd.,SHEP-UR-BUDIC-14,22,12,12,10,245,245,245,125,2,0,0,0,266
UPPER EAST,Bongo,Azenko - Doone,Budic Electrical & Engineering Works,SHEP-UE-BUDIC-14-1,25,12,12,12,350,350,310,310,1,1,1,0,60
UPPER EAST,Bongo,Azenko - Doone Ayakarike,Budic Electrical & Engineering Works,SHEP-UE-BUDIC-14-1,23,11,11,11,179,162,122,122,1,1,1,0,70
UPPER EAST,Bongo,Azenko Doone Ayakarike,Budic Engineering Ltd.,SHEP-UR-BUDIC-14,34,16,16,16,179,179,179,64,2,1,0,0,100
UPPER EAST,Bongo,Azoosid Aana/Akonka,Malka - Mulq LTD,SHEP-4-UER-BD-MML-05-20,0,0,0,0,0,0,0,0,0,0,0,0,0
UPPER EAST,Bongo,Beo Lembisi,KASN Engineering and Consult Ltd,SHEP-4-UER-BD-KASNECL-07-19,0,0,0,0,80,0,0,0,0,0,0,0,0
UPPER EAST,Bongo,Beo Mooshidaboro,KASN Engineering and Consult Ltd,SHEP-4-UER-BD-KASNECL-07-19,18,0,0,0,120,50,50,50,0,0,0,0,0
UPPER EAST,Bongo,Boko Asackow,E.K. Asare Enterprise,SHEP-4-UER-BD-E.K-17,25,26,0,0,75,72,60,60,1,0,0,0,0
UPPER EAST,Bongo,Boko Azumbuo,E.K. Asare Enterprise,SHEP-4-UER-BD-E.K-17,2,2,0,0,150,72,60,60,1,0,0,0,0
UPPER EAST,Bongo,Boko Kumabilgo,E.K. Asare Enterprise,SHEP-4-UER-BD-E.K-17,2,0,0,0,65,56,56,56,1,0,0,0,0
UPPER EAST,Bongo,Bungu,Daniel Abatara Elect.,SHEP-4-UER-BD-DAEW-05-20,6,0,0,0,50,0,0,0,1,0,0,0,98
UPPER EAST,Bongo,Dua Ext,Richmanda Enterprise Ltd.,SHEP-4-BD-ILA-11-16,0,0,0,0,94,81,51,51,0,0,0,0,10
UPPER EAST,Bongo,Ganlagrum,My Turn Standard Co. LTD,SHEP-4-UER-BD-HNVL-05-20,12,9,9,9,160,195,195,195,0,0,0,0,0
UPPER EAST,Bongo,Goo/Widongo,KASN Engineering and Consult Ltd,SHEP-4-UER-BD-KASNECL-07-19,12,8,0,0,140,200,200,200,1,0,0,0,0
UPPER EAST,Bongo,Kadali,KASN Engineering and Consult Ltd,SHEP-4-UER-BD-KASNECL-07-19,7,0,0,0,140,0,0,0,0,0,0,0,0
UPPER EAST,Bongo,Kangkoo,Khesby Engineering Ltd.,SHEP-5-BD-KEL-16,25,18,17,15,271,280,230,230,1,0,0,0,92
UPPER EAST,Bongo,Kansoo,Malka - Mulq LTD,SHEP-4-UER-BD-MML-05-20,0,0,0,0,0,0,0,0,0,0,0,0,0
UPPER EAST,Bongo,Konkua Doone,Budic Engineering Ltd.,SHEP-UR-BUDIC-14,20,22,22,22,220,240,240,240,2,2,0,0,189
UPPER EAST,Bongo,Konkua Doone (Zorko Tarongo),Budic Electrical & Engineering Works,SHEP-UE-BUDIC-14-1,20,15,15,15,250,215,165,165,1,1,1,0,70
UPPER EAST,Bongo,Konkuaa,Multi Amb LTD,SHEP-4-UER-BD-MAMBL-05-20,14,0,0,0,80,70,70,70,0,0,0,0,0
UPPER EAST,Bongo,Kulipeeliga,Khesby Engineering Ltd.,SHEP-5-BD-KEL-16,24,27,27,27,267,353,290,290,2,2,0,0,80
UPPER EAST,Bongo,Lungu Dangoogo,KASN Engineering and Consult Ltd,SHEP-4-UER-BD-KASNECL-07-19,12,0,0,0,180,0,0,0,0,0,0,0,0
UPPER EAST,Bongo,Lungu Ext,KASN Engineering and Consult Ltd,SHEP-4-UER-BD-KASNECL-07-19,24,0,0,0,170,0,0,0,0,0,0,0,0
UPPER EAST,Bongo,Sapeeba/Ayelbia,Khesby Engineering Ltd.,SHEP-5-BD-KEL-16,50,66,65,65,420,415,360,360,3,3,0,0,97
UPPER EAST,Bongo,Sikabiisi Abokobisi,KASN Engineering and Consult Ltd,SHEP-4-UER-BD-KASNECL-07-19,12,0,0,0,165,0,0,0,0,0,0,0,0
UPPER EAST,Bongo,Sikabiisi Akondone,KASN Engineering and Consult Ltd,SHEP-4-UER-BD-KASNECL-07-19,7,0,0,0,130,10,100,0,0,0,0,0,0
UPPER EAST,Bongo,Sikabiisi Nayari,KASN Engineering and Consult Ltd,SHEP-4-UER-BD-KASNECL-07-19,0,0,0,0,80,0,0,0,0,0,0,0,0
UPPER EAST,Bongo,Tampeliga,Budic Electrical & Engineering Works,SHEP-UE-BUDIC-14-1,14,8,8,8,155,155,155,155,1,0,0,0,80
UPPER EAST,Bongo,Tankuo (Tankoo),Richmanda Enterprise Ltd.,SHEP-UE-BM/BD-REL-16,20,20,20,20,178,221,221,199,1,1,1,0,126
UPPER EAST,Bongo,Tankuo Nayiri,Richmanda Enterprise Ltd.,SHEP-UE-BM/BD-REL-16,2,2,2,2,210,220,179,179,1,1,1,0,100
UPPER EAST,Bongo,Tarongo Awaah,Khesby Engineering Ltd.,SHEP-5-BD-KEL-16,30,36,36,36,330,316,270,270,1,1,0,0,89
UPPER EAST,Bongo,Tindongo,KASN Engineering and Consult Ltd,SHEP-4-UER-BD-KASNECL-07-19,20,20,20,20,185,185,185,185,1,1,1,0,0
UPPER EAST,Bongo,Vea-Zangongo,Khesby Engineering Ltd.,SHEP-5-BD-KEL-16,6,13,13,13,163,133,163,163,1,1,0,0,100
UPPER EAST,Bongo,Yaka,ILA Engineering Ltd,SHEP-4-BD-ILA-11-16,24,0,0,0,210,0,0,0,0,0,0,0,0
UPPER EAST,Bongo,Yekine Ext,Richmanda Enterprise Ltd.,SHEP-4-BD-ILA-11-16,0,0,0,0,65,71,46,46,0,0,0,0,10
UPPER EAST,Bongo,Yekine Tingre,E.K. Asare Enterprise,SHEP-4-UER-BD-E.K-17,24,18,18,0,120,167,167,150,1,0,0,0,0
UPPER EAST,Bongo,Yekine-Dabuure,Richmanda Enterprise Ltd.,SHEP-4-BD-ILA-11-16,12,8,8,8,85,85,85,57,1,1,1,0,14
UPPER EAST,Bongo,Zaare,E.K.Asare Enterprise Ltd.,SHEP-4-UER-BD-EKAEL-05-20,0,0,0,0,15,0,0,0,0,0,0,0,0
UPPER EAST,Builsa North,Awichaanayire,Powertech Engineering Services Ltd,SHEP-4-BND-05-16,12,14,14,12,130,130,0,0,1,0,0,0,0
UPPER EAST,Builsa North,Badomsa Ext,A.A Awuchei Electricals Limited,SHEP-4-UER-BND-AAEL-10-19,0,0,0,0,60,0,0,0,0,0,0,0,0
UPPER EAST,Builsa North,Bayanags A Beliwmaz UK,A.A Awuchei Electricals Limited,SHEP-4-UER-BND-AAEL-10-19,18,0,0,0,80,0,0,0,0,0,0,0,0
UPPER EAST,Builsa North,Bayangs A Ext.,A.A Awuchei Electricals Limited,SHEP-4-UER-BND-AAEL-10-19,0,0,0,0,60,0,0,0,0,0,0,0,0
UPPER EAST,Builsa North,Chanyire Nanjana-Yea,Powertech Engineering Services Ltd,SHEP-4-BND-05-16,13,13,13,0,170,170,0,0,1,0,0,0,0
UPPER EAST,Builsa North,Chanyire-Guuta,Powertech Engineering Services Ltd,SHEP-4-BND-05-16,14,14,14,0,100,100,0,0,1,0,0,0,0
UPPER EAST,Builsa North,Chanyire-Yipaala,Powertech Engineering Services Ltd,SHEP-4-BND-05-16,12,13,13,0,160,160,0,0,1,0,0,0,0
UPPER EAST,Builsa North,Chiok (Atidiok),Powertech Engineering Services Ltd.,SHEP-4-BND-PESL--16,26,26,26,0,300,66,0,0,0,0,0,0,0
UPPER EAST,Builsa North,Chuchuliga-Awuchinayeri,Wilwak Enterprise Limited,SHEP-5-BN-WEL-16,19,0,0,0,120,0,0,0,0,0,0,0,75
UPPER EAST,Builsa North,Chuchuliga-Yiepala,Wilwak Enterprise Limited,SHEP-5-BN-WEL-16,10,0,0,0,80,0,0,0,0,0,0,0,95
UPPER EAST,Builsa North,Faransa,Powertech Engineering Services Ltd.,SHEP-4-BND-PESL--16,12,4,0,0,260,65,0,0,0,0,0,0,0
UPPER EAST,Builsa North,Fiisa,Wilwak Enterprise Limited,SHEP-5-BN-WEL-16,13,13,0,0,150,134,134,134,1,0,0,0,95
UPPER EAST,Builsa North,Jaata,Wilwak Enterprise Limited,SHEP-5-BN-WEL-16,24,12,0,0,170,0,0,0,0,0,0,0,180
UPPER EAST,Builsa North,Jangsa,Wilwak Enterprise Limited,SHEP-5-BN-WEL-16,24,0,0,0,65,0,0,0,0,0,0,0,35
UPPER EAST,Builsa North,Kaasa,Wilwak Enterprise Limited,SHEP-5-BN-WEL-16,37,9,0,0,225,0,0,0,0,0,0,0,270
UPPER EAST,Builsa North,Kalijisa,Wilwak Enterprise Limited,SHEP-5-BN-WEL-16,16,16,0,0,160,85,85,85,1,0,0,0,180
UPPER EAST,Builsa North,Kaljisa #1,Powertech Engineering Services Ltd.,SHEP-4-BND-PESL--16,24,0,0,0,25,0,0,0,0,0,0,0,80
UPPER EAST,Builsa North,Kaljisa #2,Powertech Engineering Services Ltd.,SHEP-4-BND-PESL--16,20,0,0,0,165,0,0,0,0,0,0,0,90
UPPER EAST,Builsa North,Kandem,Hassanash Ventures,SHEP-4-BS&ND-UER-HV-11-16,24,0,0,0,25,0,0,0,1,0,0,0,0
UPPER EAST,Builsa North,Kobedam,Powertech Engineering Services Ltd.,SHEP-4-BND-PESL--16,0,0,0,0,155,26,0,0,0,0,0,0,0
UPPER EAST,Builsa North,Kori-Alabyire,Powertech Engineering Services Ltd,SHEP-4-BND-05-16,19,23,23,19,176,120,0,0,1,0,0,0,0
UPPER EAST,Builsa North,Kori-Kanansa,Powertech Engineering Services Ltd,SHEP-4-BND-05-16,20,16,16,0,180,125,0,0,1,0,0,0,0
UPPER EAST,Builsa North,Kori-Kanansa Kauesa,Powertech Engineering Services Ltd,SHEP-4-BND-05-16,24,24,24,0,112,125,0,0,1,0,0,0,0
UPPER EAST,Builsa North,Longsa,Powertech Engineering Services Ltd.,SHEP-4-BND-PESL--16,12,12,12,12,270,38,0,0,0,0,0,0,0
UPPER EAST,Builsa North,Molinsa,Wilwak Enterprise Limited,SHEP-5-BN-WEL-16,14,10,0,0,120,0,0,0,0,0,0,0,100
UPPER EAST,Builsa North,Mwanlon GSA,A.A Awuchei Electricals Limited,SHEP-4-UER-BND-AAEL-10-19,12,0,0,0,100,0,0,0,0,0,0,0,0
UPPER EAST,Builsa North,Nanjuaping,Powertech Engineering Services Ltd.,SHEP-4-BND-PESL--16,24,24,24,0,220,0,0,0,0,0,0,0,0
UPPER EAST,Builsa North,Nawasa #1,Powertech Engineering Services Ltd.,SHEP-4-BND-PESL--16,14,14,14,0,175,0,0,0,0,0,0,0,0
UPPER EAST,Builsa North,Nyansa,Hassanash Ventures,SHEP-4-BS&ND-UER-HV-11-16,20,0,0,0,165,0,0,0,1,0,0,0,0
UPPER EAST,Builsa North,Suwaransa,Powertech Engineering Services Ltd.,SHEP-4-BND-PESL--16,8,0,0,0,176,0,0,0,0,0,0,0,0
UPPER EAST,Builsa North,Tajirinsa,Wilwak Enterprise Limited,SHEP-5-BN-WEL-16,2,2,0,0,140,0,0,0,0,0,0,0,120
UPPER EAST,Builsa North,Tampela,Wilwak Enterprise Limited,SHEP-5-BN-WEL-16,1,0,0,0,100,0,0,0,0,0,0,0,97
UPPER EAST,Builsa North,Tankansa,A.A Awuchei Electricals Limited,SHEP-4-UER-BND-AAEL-10-19,14,0,0,0,150,0,0,0,0,0,0,0,0
UPPER EAST,Builsa North,Wiaga Longsa,A.A Awuchei Electricals Limited,SHEP-4-UER-BND-AAEL-10-19,12,0,0,0,225,0,0,0,0,0,0,0,0
UPPER EAST,Builsa North,Wibilisa Nangangs A.Ext,A.A Awuchei Electricals Limited,SHEP-4-UER-BND-AAEL-10-19,0,0,0,0,50,0,0,0,0,0,0,0,0
UPPER EAST,Builsa North,Yiekpen No. 1,Wilwak Enterprise Limited,SHEP-5-BN-WEL-16,22,0,0,0,120,0,0,0,0,0,0,0,65
UPPER EAST,Builsa North,Yiekpen No. 2,Wilwak Enterprise Limited,SHEP-5-BN-WEL-16,24,0,0,0,105,0,0,0,0,0,0,0,60
UPPER EAST,Builsa North,Yimonsa,Powertech Engineering Services Ltd.,SHEP-4-BND-PESL--16,18,18,18,0,170,150,0,0,0,0,0,0,0
UPPER EAST,Builsa North,Yimonsa (Kpikpal UK),A.A Awuchei Electricals Limited,SHEP-4-UER-BND-AAEL-10-19,12,0,0,0,80,0,0,0,0,0,0,0,0
UPPER EAST,Builsa North,Yipaala # 1,Powertech Engineering Services Ltd,SHEP-4-BND-05-16,14,11,11,11,80,80,0,0,1,0,0,0,0
UPPER EAST,Builsa North,Yipaala # 2,Powertech Engineering Services Ltd,SHEP-4-BND-05-16,10,10,10,100,113,113,0,0,1,0,0,0,0
UPPER EAST,Builsa North & Talensi,Bapelugu,Jefferson Thompson Ltd,SHEP-4-UER-BN & TD-JTL-10-19,24,0,0,0,130,0,0,0,0,0,0,0,0
UPPER EAST,Builsa North & Talensi,Buugin,Jefferson Thompson Ltd,SHEP-4-UER-BN & TD-JTL-10-19,19,0,0,0,155,0,0,0,0,0,0,0,0
UPPER EAST,Builsa North & Talensi,Gadema Tajirinsa,Jefferson Thompson Ltd,SHEP-4-UER-BN & TD-JTL-10-19,7,0,0,0,160,0,0,0,0,0,0,0,0
UPPER EAST,Builsa North & Talensi,Gadema Tampela,Jefferson Thompson Ltd,SHEP-4-UER-BN & TD-JTL-10-19,6,0,0,0,150,0,0,0,0,0,0,0,0
UPPER EAST,Builsa North & Talensi,Kobelinsa/Bachingsa/Mutiensa,Jefferson Thompson Ltd,SHEP-4-UER-BN & TD-JTL-10-19,0,0,0,0,100,0,0,0,0,0,0,0,0
UPPER EAST,Builsa North & Talensi,Nandoya Talahig,Jefferson Thompson Ltd,SHEP-4-UER-BN & TD-JTL-10-20,12,0,0,0,135,0,0,0,0,0,0,0,0
UPPER EAST,Builsa North & Talensi,Sakpare Suuni,Jefferson Thompson Ltd,SHEP-4-UER-BN & TD-JTL-10-19,4,0,0,0,120,0,0,0,0,0,0,0,0
UPPER EAST,Builsa North & Talensi,Tengre Yagre,Jefferson Thompson Ltd,SHEP-4-UER-BN & TD-JTL-10-19,18,0,0,0,150,0,0,0,0,0,0,0,0
UPPER EAST,Builsa South,Abaayeri,Abeo Electrical Engineering Works Ltd.,SHEP-4-BSD-UER-AEEWL-09-16,24,24,0,0,80,0,0,0,1,0,0,0,0
UPPER EAST,Builsa South,Baasa-Puing,Adda Electrical Services Ltd.,SHEP-4-UER-BSL-ADDA-16,0,0,0,0,90,0,0,0,0,0,0,0,0
UPPER EAST,Builsa South,Bachiesa-Sainyanyeri,Kwodam Elect. Eng. Ltd.,SHEP-5-BS-KWODAM-16,2,2,0,0,40,45,0,0,1,0,0,0,0
UPPER EAST,Builsa South,Bachongsa-Nyanbisa,Adda Electrical Services Ltd.,SHEP-4-UER-BSL-ADDA-16,29,20,0,0,45,0,0,0,0,0,0,0,0
UPPER EAST,Builsa South,Bachonsa,Kwodam Elect. Eng. Ltd.,SHEP-5-BS-KWODAM-16,144,110,0,0,205,205,0,0,1,0,0,0,0
UPPER EAST,Builsa South,Doninga,Daniel Abatara Electricals LTD,SHEP-4-UER-BSD-DAEL-16,30,30,30,0,140,0,0,0,0,0,0,0,0
UPPER EAST,Builsa South,Fumbisi Extension,Hassanash Ventures,SHEP-4-BS&ND-UER-HV-11-16,0,0,0,0,20,0,0,0,0,0,0,0,0
UPPER EAST,Builsa South,Fumbisi-Bachiesa,Kwodam Elect. Eng. Ltd.,SHEP-5-BS-KWODAM-16,67,63,0,0,90,90,0,0,1,0,0,0,0
UPPER EAST,Builsa South,Fumbisi-Batuisa,Kwodam Elect. Eng. Ltd.,SHEP-5-BS-KWODAM-16,24,0,0,0,127,120,0,0,1,0,0,0,0
UPPER EAST,Builsa South,Fumbisi-Naadema,Adda Electrical Services Ltd.,SHEP-4-UER-BSL-ADDA-16,12,10,0,0,155,0,0,0,0,0,0,0,0
UPPER EAST,Builsa South,Fumbisi-Sinsangsa,Kwodam Elect. Eng. Ltd.,SHEP-5-BS-KWODAM-16,2,2,0,0,136,136,0,0,1,0,0,0,0
UPPER EAST,Builsa South,Fumbisi/Weisi,Budic Electrical & Engineering Works,SHEP-UE-BDS-BUDIC-16,152,145,0,0,0,0,0,0,0,0,0,0,0
UPPER EAST,Builsa South,Gbedemazeng,Adda Electrical Services Ltd.,SHEP-4-UER-BSL-ADDA-16,2,0,0,0,130,0,0,0,0,0,0,0,0
UPPER EAST,Builsa South,Gbedemblisi,Kwofos Engineering Ltd,SHEP-4-UER-BSD-KEL-09-2020,6,6,6,6,100,0,0,0,1,0,0,0,78
UPPER EAST,Builsa South,Guluk,Abeo Electrical Engineering Works Ltd.,SHEP-4-BSD-UER-AEEWL-09-16,12,12,0,0,170,0,0,0,1,0,0,0,0
UPPER EAST,Builsa South,Jiningsa,Kwodam Electrical Ent,SHEP-UE-KWODAM-15,20,15,15,15,305,290,200,200,2,0,0,0,102
UPPER EAST,Builsa South,Kalaasa,Hassanash Ventures,SHEP-4-BS&ND-UER-HV-11-16,14,14,14,14,70,70,70,70,1,1,1,0,27
UPPER EAST,Builsa South,Kanjarga-Logvogsa,Daniel Abatara Electricals LTD,SHEP-4-UER-BSD-DAEL-16,12,12,12,0,95,0,0,0,0,0,0,0,0
UPPER EAST,Builsa South,Kasiesa-Sinsangsa,Daniel Abatara Electricals LTD,SHEP-4-UER-BSD-DAEL-16,2,2,2,0,65,0,0,0,0,0,0,0,0
UPPER EAST,Builsa South,Kasiesa-Yemona,Daniel Abatara Electricals LTD,SHEP-4-UER-BSD-DAEL-16,24,21,21,21,180,62,0,0,0,0,0,0,0
UPPER EAST,Builsa South,Kasiesa-Yipaala,Daniel Abatara Electricals LTD,SHEP-4-UER-BSD-DAEL-16,18,17,17,0,10,0,0,0,0,0,0,0,0
UPPER EAST,Builsa South,Kasiesa-chief’s Palace,Daniel Abatara Electricals LTD,SHEP-4-UER-BSD-DAEL-16,6,6,6,6,90,0,0,0,0,0,0,0,0
UPPER EAST,Builsa South,Kazensa,Abeo Electrical Engineering Works Ltd.,SHEP-4-BSD-UER-AEEWL-09-16,5,5,0,0,150,0,0,0,1,0,0,0,0
UPPER EAST,Builsa South,Kunyinsa,Kwodam Electrical Ent,SHEP-UE-KWODAM-15,7,15,15,15,167,217,44,40,1,0,0,0,95
UPPER EAST,Builsa South,Luisa,Kwodam Electrical Ent,SHEP-UE-KWODAM-15,58,14,14,14,273,167,167,40,1,0,0,0,95
UPPER EAST,Builsa South,Nandem/Damburinsa,Hassanash Ventures,SHEP-4-BS&ND-UER-HV-11-16,66,67,67,24,90,73,73,73,1,0,0,0,0
UPPER EAST,Builsa South,Nyakasa/Piisa,Kwodam Electrical Ent,SHEP-UE-KWODAM-15,11,32,32,32,87,97,40,18,1,0,0,0,58
UPPER EAST,Builsa South,Samsa,Kwodam Electrical Ent,SHEP-UE-KWODAM-15,12,7,7,7,127,127,127,17,1,0,0,0,57
UPPER EAST,Builsa South,Sikabsa,Kwodam Electrical Ent,SHEP-UE-KWODAM-15,10,17,17,17,105,150,150,36,1,0,0,0,25
UPPER EAST,Builsa South,Tuadem,Abeo Electrical Engineering Works Ltd.,SHEP-4-BSD-UER-AEEWL-09-16,5,5,0,0,170,0,0,0,1,0,0,0,0
UPPER EAST,Builsa South,Uwasa-Zuasa,Daniel Abatara Electricals LTD,SHEP-4-UER-BSD-DAEL-16,4,3,3,0,155,72,0,0,0,0,0,0,0
UPPER EAST,Builsa South,Vandema,Hassanash Ventures,SHEP-4-BS&ND-UER-HV-11-16,19,68,68,68,160,70,70,70,1,0,0,0,0
UPPER EAST,Builsa South,Wupiasa,Adda Electrical Services Ltd.,SHEP-4-UER-BSL-ADDA-16,60,50,0,0,105,0,0,0,0,0,0,0,0
UPPER EAST,Builsa South,Yadem,Abeo Electrical Engineering Works Ltd.,SHEP-4-BSD-UER-AEEWL-09-16,10,10,0,0,165,0,0,0,1,0,0,0,0
UPPER EAST,Builsa South,Zamsa,Daniel Abatara Electricals LTD,SHEP-4-UER-BSD-DAEL-16,77,55,55,0,135,0,0,0,0,0,0,0,0
UPPER EAST,Builsa South,Zogsa,Kwodam Electrical Ent,SHEP-UE-KWODAM-15,9,12,12,12,112,100,100,20,1,0,0,0,17
UPPER EAST,Builsa South,Zuasa,Abeo Electrical Engineering Works Ltd.,SHEP-4-BSD-UER-AEEWL-09-16,5,5,0,0,170,0,0,0,1,0,0,0,0
UPPER EAST,Garu,Ampunateng Ext.,Nantah-Waz Enterprise,SHEP-4-UER-GD-NWE-10-2020,0,0,0,0,50,0,0,0,0,0,0,0,41
UPPER EAST,Garu,Bugwia Seltego,Sounsong Company Ltd,SHEP-4-UER-GD-SCL-05-19,17,17,17,17,450,450,450,450,0,0,0,0,364
UPPER EAST,Garu,Duubulugu,Powertech Engineering Ltd,SHEP-4-UER-GD-PEL-05-19,54,0,0,0,186,0,0,0,0,0,0,0,183
UPPER EAST,Garu,Farfar Sabkuan,Farprise LTD,SHEP-4-UER-GD-FL-05-19,16,0,0,0,120,0,0,0,0,0,0,0,0
UPPER EAST,Garu,Georin Aloko,Farprise LTD,SHEP-4-UER-GD-FL-05-19,30,0,0,0,180,0,0,0,0,0,0,0,0
UPPER EAST,Garu,Kolmasig 1 & 2,mahamadu Asaki Company Limited,SHEP-4-UER-GD-MACL-10-2020,41,0,0,0,170,0,0,0,1,0,0,0,145
UPPER EAST,Garu,Kpatia Poraguur,Powertech Engineering Ltd,SHEP-4-UER-GD-PEL-05-19,12,0,0,0,80,0,0,0,0,0,0,0,60
UPPER EAST,Garu,Kugri Kpalsiako,Powertech Engineering Ltd,SHEP-4-UER-GD-PEL-05-19,96,0,0,0,180,0,0,0,0,0,0,0,180
UPPER EAST,Garu,Kukparbuliga,Nantah-Waz Enterprise,SHEP-4-UER-GD-NWE-10-2020,32,0,0,0,130,0,0,0,1,0,0,0,165
UPPER EAST,Garu,Kuparbuliga,Nantah-Waz Enterprise,SHEP-4-UER-GD-MACL-10-2020,32,0,0,0,130,0,0,0,1,0,0,0,165
UPPER EAST,Garu,Menkaesir,Sounsong Company Ltd,SHEP-4-UER-GD-SCL-05-19,30,30,30,30,175,175,175,175,0,0,0,0,180
UPPER EAST,Garu,Namore,Sounsong Company Ltd,SHEP-4-UER-GD-SCL-05-19,14,14,14,14,120,120,120,120,0,0,0,0,63
UPPER EAST,Garu,Nkinikogo,Mohatu Electrical Ltd,SHEP-4/THENGASHEP-UER-GT&PD-MEEL-09-18,0,0,0,0,150,150,150,150,1,1,0,0,0
UPPER EAST,Garu,Poraguur,Powertech Engineering Ltd,SHEP-4-UER-GD-PEL-05-19,24,0,0,0,90,0,0,0,0,0,0,0,65
UPPER EAST,Garu,Samaduri,Farprise LTD,SHEP-4-UER-GD-FL-05-19,24,0,0,0,185,0,0,0,0,0,0,0,0
UPPER EAST,Garu,Siirigu,Sounsong Company Ltd,SHEP-4-UER-GD-SCL-05-19,7,7,7,7,60,60,60,60,1,1,1,0,75
UPPER EAST,Garu,Songuuri,Farprise LTD,SHEP-4-UER-GD-FL-05-19,31,0,0,0,90,0,0,0,0,0,0,0,0
UPPER EAST,Garu,Takore,Jack Jeff Company Limited,SHEP-4-UER-GD-JJCL-10-2020,5,0,0,0,135,0,0,0,1,0,0,0,195
UPPER EAST,Garu,Tambaalugu,Sounsong Company Ltd,SHEP-4-UER-GD-SCL-05-19,22,22,22,22,150,150,150,150,0,0,0,0,92
UPPER EAST,Garu,Vambra,Farprise LTD,SHEP-4-UER-GD-FL-05-19,98,0,0,0,230,0,0,0,0,0,0,0,0
UPPER EAST,Garu,Waadugu,Sounsong Company Ltd,SHEP-4-UER-GD-SCL-05-19,52,52,52,52,110,110,110,110,0,0,0,0,70
UPPER EAST,Garu,Zansibuliga 2,Hassanash Nash Ventures,SHEP-4-UER-TD-HNVL-06-20,6,0,0,0,100,0,0,0,1,0,0,0,148
UPPER EAST,Garu,Zansibuliga 3,Hassanash Nash Ventures,SHEP-4-UER-TD-HNVL-06-20,6,0,0,0,100,0,0,0,1,0,0,0,148
UPPER EAST,Garu,Zare-Zua,Powertech Engineering Ltd,SHEP-4-UER-GD-PEL-05-19,24,0,0,0,120,0,0,0,0,0,0,0,80
UPPER EAST,Garu Tempane,Atamidabog,EX-TEE Electricals Ltd.,SHEP-5-UER-GTD-EX-TEE-16,48,0,0,0,305,0,0,0,0,0,0,0,0
UPPER EAST,Garu Tempane,Bugri Abarsandabogun/Ku,EX-TEE Electricals Ltd.,SHEP-5-UER-GTD-EX-TEE-16,30,6,0,0,180,0,0,0,0,0,0,0,150
UPPER EAST,Garu Tempane,Karateshie-Basic School,EX-TEE Electricals Ltd.,SHEP-5-UER-GTD-EX-TEE-16,26,10,0,0,212,0,0,0,0,0,0,0,158
UPPER EAST,Garu Tempane,Karateshie-Kparasako,EX-TEE Electricals Ltd.,SHEP-5-UER-GTD-EX-TEE-16,36,36,0,0,180,0,0,0,0,0,0,0,130
UPPER EAST,Garu Tempane,Karateshie-Nanteng,EX-TEE Electricals Ltd.,SHEP-5-UER-GTD-EX-TEE-16,30,9,0,0,225,0,0,0,0,0,0,0,70
UPPER EAST,Garu Tempane,Karateshie-Natinga Old,EX-TEE Electricals Ltd.,SHEP-5-UER-GTD-EX-TEE-16,24,24,0,0,201,0,0,0,0,0,0,0,170
UPPER EAST,Garu Tempane,Kpukparibuliga,EX-TEE Electricals Ltd.,SHEP-5-UER-GTD-EX-TEE-16,20,0,0,0,260,0,0,0,0,0,0,0,0
UPPER EAST,Garu Tempane,Mengnatim,EX-TEE Electricals Ltd.,SHEP-5-UER-GTD-EX-TEE-16,35,0,0,0,320,0,0,0,0,0,0,0,0
UPPER EAST,Garu Tempane,Tendana,EX-TEE Electricals Ltd.,SHEP-5-UER-GTD-EX-TEE-16,30,23,0,0,150,185,185,185,0,0,0,0,150
UPPER EAST,Garu Tempane,Tendana-Yabrago #1,EX-TEE Electricals Ltd.,SHEP-5-UER-GTD-EX-TEE-16,24,20,0,0,178,176,0,0,0,0,0,0,120
UPPER EAST,Garu Tempane,Tendana-Yabrago #2,EX-TEE Electricals Ltd.,SHEP-5-UER-GTD-EX-TEE-16,30,24,0,0,199,104,0,0,0,0,0,0,103
UPPER EAST,Garu Tempane,Yousbara,EX-TEE Electricals Ltd.,SHEP-5-UER-GTD-EX-TEE-16,6,6,6,6,215,215,215,215,1,1,1,0,185
UPPER EAST,Garu Tempane,Yousbara #1,EX-TEE Electricals Ltd.,SHEP-5-UER-GTD-EX-TEE-16,6,6,6,6,185,185,185,185,1,0,1,0,195
UPPER EAST,KASENA NAN KAMA,1. KOLOGO ZUO EXT.,B COM DAN-SALLEY COMPANY LIMITED,:SHEP-4-UER-KND-BCDSCL-06-2021-P2,0,0,0,0,0,0,0,0,0,0,0,0,0
UPPER EAST,KASSENA NANKANA EAST,AKUKA,A.A WARNCHARN COMPANY LIMITED,SHEP-4-UER-KNED-A AWCL-10-19,0,0,0,0,0,0,0,0,0,0,0,0,0
UPPER EAST,KASSENA NANKANA EAST,AZAAZI (ATOSALA),A.A WARNCHARN COMPANY LIMITED,SHEP-4-UER-KNED-A AWCL-10-19,0,0,0,0,0,0,0,0,0,0,0,0,0
UPPER EAST,KASSENA NANKANA EAST,BANIA,A.A WARNCHARN COMPANY LIMITED,SHEP-4-UER-KNED-A AWCL-10-19,0,0,0,0,0,0,0,0,0,0,0,0,0
UPPER EAST,KASSENA NANKANA EAST,GUMANGO BASIC SCHOOL,A.A WARNCHARN COMPANY LIMITED,SHEP-4-UER-KNED-A AWCL-10-19,0,0,0,0,0,0,0,0,0,0,0,0,0
UPPER EAST,KASSENA NANKANA EAST,LOWER GOMANGO,A.A WARNCHARN COMPANY LIMITED,SHEP-4-UER-KNED-A AWCL-10-19,0,0,0,0,0,0,0,0,0,0,0,0,0
UPPER EAST,KASSENA NANKANA EAST,MAYORO WANCHOKO EXT.,A.A WARNCHARN COMPANY LIMITED,SHEP-4-UER-KNED-A AWCL-10-19,0,0,0,0,0,0,0,0,0,0,0,0,0
UPPER EAST,KASSENA NANKANA EAST,MAYORO WANJAGINIA,A.A WARNCHARN COMPANY LIMITED,SHEP-4-UER-KNED-A AWCL-10-19,0,0,0,0,0,0,0,0,0,0,0,0,0
UPPER EAST,Kasena Nankana,Gunwoko No. 2/Bigkum,Jetumah Electrical Works Ltd.,SHEP-4-NR-KNVD-JEWL-10-16,7,0,0,0,180,0,0,0,0,0,0,0,150
UPPER EAST,Kasena Nankana,Gunwoko/Basengo-More,Jetumah Electrical Works Ltd.,SHEP-4-NR-KNVD-JEWL-10-16,6,4,0,0,180,0,0,0,0,0,0,0,0
UPPER EAST,Kasena Nankana,Kologo Zuo,B Com Dan-Sallay Co. Ltd,SHEP-4-UER-KND-BCDSCL-06-2021-P1,14,0,0,0,175,0,0,0,1,0,0,0,160
UPPER EAST,Kasena Nankana,Pogitam (Ext),Jetumah Electrical Works Ltd.,SHEP-4-NR-KNVD-JEWL-10-16,1,1,0,0,80,0,0,0,0,0,0,0,100
UPPER EAST,Kasena Nankana,Punelingo,Jetumah Electrical Works Ltd.,SHEP-4-NR-KNVD-JEWL-10-16,7,6,0,0,190,0,0,0,0,0,0,0,0
UPPER EAST,Kasena Nankana,Tangasia,Jetumah Electrical Works Ltd.,SHEP-4-NR-KNVD-JEWL-10-16,7,8,0,0,140,0,0,0,0,0,0,0,75
UPPER EAST,Kasena Nankana,Tundoogo/Tingino,Jetumah Electrical Works Ltd.,SHEP-4-NR-KNVD-JEWL-10-16,14,14,0,0,210,0,0,0,0,0,0,0,110
UPPER EAST,Kasena Nankana,Wugingo/Basengo,Jetumah Electrical Works Ltd.,SHEP-4-NR-KNVD-JEWL-10-16,20,13,0,0,185,0,0,0,0,0,0,0,35
UPPER EAST,Kasena Nankana East,Akuka,A.A WARNCHAN COMPANY LTD,SHEP-4-UER-KNED-AAWCL-10-19,5,0,0,0,170,0,0,0,0,0,0,0,0
UPPER EAST,Kasena Nankana East,Akumbisi,Budic Electrical & Engineering Works,SHEP-5-KNE-KWA-16,8,0,0,0,101,0,0,0,1,0,0,0,0
UPPER EAST,Kasena Nankana East,Avbisi/Dozongo,Budic Electrical & Engineering Works,SHEP-5-KNE-KWA-16,18,0,0,0,120,0,0,0,1,0,0,0,0
UPPER EAST,Kasena Nankana East,Azaazi (Atosala,A.A WARNCHAN COMPANY LTD,SHEP-4-UER-KNED-AAWCL-10-19,5,0,0,0,150,0,0,0,0,0,0,0,0
UPPER EAST,Kasena Nankana East,Bania,A.A WARNCHAN COMPANY LTD,SHEP-4-UER-KNED-AAWCL-10-19,12,0,0,0,120,0,0,0,0,0,0,0,0
UPPER EAST,Kasena Nankana East,Geribisi,Budic Electrical & Engineering Works,SHEP-5-KNE-KWA-16,19,0,0,0,152,0,0,0,1,0,0,0,0
UPPER EAST,Kasena Nankana East,Gumango Basic Sch,A.A WARNCHAN COMPANY LTD,SHEP-4-UER-KNED-AAWCL-10-19,36,0,0,0,220,0,0,0,0,0,0,0,0
UPPER EAST,Kasena Nankana East,Gunsa,Budic Electrical & Engineering Works,SHEP-5-KNE-KWA-16,8,0,0,0,120,0,0,0,1,0,0,0,0
UPPER EAST,Kasena Nankana East,Jaagu-Biu,Budic Electrical & Engineering Works,SHEP-5-KNE-KWA-16,24,0,0,0,100,0,0,0,1,0,0,0,0
UPPER EAST,Kasena Nankana East,Janania-Gaani,Budic Electrical & Engineering Works,SHEP-5-KNE-KWA-16,14,0,0,0,352,0,0,0,2,1,1,0,180
UPPER EAST,Kasena Nankana East,Kalosoko,Twins Touch Electricals LTD,SHEP-4-UER-KNED-TTEL-10-19,24,0,0,0,155,0,0,0,0,0,0,0,0
UPPER EAST,Kasena Nankana East,Kasinia-Korania,Budic Electrical & Engineering Works,SHEP-5-KNE-KWA-16,13,0,0,0,193,0,0,0,1,0,0,0,0
UPPER EAST,Kasena Nankana East,Kolna Biu,3 Coolman Company Limited,SHEP-4-UER-KNED-3CCL-10-19,1,0,0,0,80,20,0,0,0,0,0,0,0
UPPER EAST,Kasena Nankana East,Kolna/Biu Ext,3 Coolman Company Limited,SHEP-4-UER-KNED-3CCL-10-19,18,0,0,0,210,25,0,0,1,0,0,0,0
UPPER EAST,Kasena Nankana East,Kologo Natire,3 Coolman Company Limited,SHEP-4-UER-KNED-3CCL-10-19,1,0,0,0,100,0,0,0,0,0,0,0,0
UPPER EAST,Kasena Nankana East,Kundalsa-Biu,Budic Electrical & Engineering Works,SHEP-5-KNE-KWA-16,11,0,0,0,90,0,0,0,1,0,0,0,0
UPPER EAST,Kasena Nankana East,Kungogo,Twins Touch Electricals LTD,SHEP-4-UER-KNED-TTEL-10-19,16,0,0,0,85,0,0,0,0,0,0,0,0
UPPER EAST,Kasena Nankana East,Kworise-Korania,Budic Electrical & Engineering Works,SHEP-5-KNE-KWA-16,12,0,0,0,121,0,0,0,1,0,0,0,0
UPPER EAST,Kasena Nankana East,Lower Gaani,Budic Electrical & Engineering Works,SHEP-5-KNE-KWA-16,5,0,0,0,120,0,0,0,1,0,0,0,0
UPPER EAST,Kasena Nankana East,Lower Gumango,A.A WARNCHAN COMPANY LTD,SHEP-4-UER-KNED-AAWCL-10-19,24,0,0,0,252,0,0,0,0,0,0,0,0
UPPER EAST,Kasena Nankana East,Lower Nangalikinnia No. 1,Budic Electrical & Engineering Works,SHEP-5-KNE-KWA-16,6,0,0,0,100,0,0,0,1,0,0,0,60
UPPER EAST,Kasena Nankana East,Lower Nangalikinnia No. 2,Budic Electrical & Engineering Works,SHEP-5-KNE-KWA-16,7,0,0,0,163,0,0,0,1,0,0,0,63
UPPER EAST,Kasena Nankana East,Mainzuo Ext,Twins Touch Electricals LTD,SHEP-4-UER-KNED-TTEL-10-19,1,0,0,0,70,0,0,0,0,0,0,0,0
UPPER EAST,Kasena Nankana East,Mayoro - Wanchoko (Ext,A.A WARNCHAN COMPANY LTD,SHEP-4-UER-KNED-AAWCL-10-19,1,0,0,0,60,0,0,0,0,0,0,0,0
UPPER EAST,Kasena Nankana East,Mayoro Wanjagina,A.A WARNCHAN COMPANY LTD,SHEP-4-UER-KNED-AAWCL-10-19,18,0,0,0,200,0,0,0,0,0,0,0,0
UPPER EAST,Kasena Nankana East,Naaga No.1,Twins Touch Electricals LTD,SHEP-4-UER-KNED-TTEL-10-19,7,0,0,0,170,0,0,0,0,0,0,0,0
UPPER EAST,Kasena Nankana East,Naaga No.2,Twins Touch Electricals LTD,SHEP-4-UER-KNED-TTEL-10-19,1,0,0,0,95,0,0,0,0,0,0,0,0
UPPER EAST,Kasena Nankana East,Punyoro Kababia,Twins Touch Electricals LTD,SHEP-4-UER-KNED-TTEL-10-19,14,0,0,0,175,0,0,0,0,0,0,0,0
UPPER EAST,Kasena Nankana East,Saboro,Mohatu Electrical Ltd,SHEP-4-UER-BD-REL-09-29,0,0,0,0,0,0,0,0,1,0,0,0,0
UPPER EAST,Kasena Nankana East,Tampol A Ext,3 Coolman Company Limited,SHEP-4-UER-KNED-3CCL-10-19,5,0,0,0,120,15,0,0,1,0,0,0,0
UPPER EAST,Kasena Nankana East,Terkura -Pungu,3 Coolman Company Limited,SHEP-4-UER-KNED-3CCL-10-19,24,0,0,0,250,200,200,200,1,0,0,0,0
UPPER EAST,Kasena Nankana East,Upper Gaani,Budic Electrical & Engineering Works,SHEP-5-KNE-KWA-16,7,0,0,0,251,0,0,0,1,0,0,0,0
UPPER EAST,Kasena Nankana East,Wuru,3 Coolman Company Limited,SHEP-4-UER-KNED-3CCL-10-19,14,0,0,0,300,240,23,23,1,0,0,0,0
UPPER EAST,Kasena Nankana East,Zuo Timpelugu,Twins Touch Electricals LTD,SHEP-4-UER-KNED-TTEL-10-19,12,0,0,0,110,0,0,0,0,0,0,0,0
UPPER EAST,Kasena Nankana East.,Konkua (Ext),Richmanda Enterprise Ltd.,SHEP-UER-REL-16-P1,0,0,0,0,140,60,30,30,0,0,0,0,24
UPPER EAST,Kasena Nankana East.,Nayegenia Ext.,Kwofos Engineering Ltd.,SHEP-4-UER-KND-KEL-10-16,0,0,0,0,120,120,120,50,0,0,0,0,90
UPPER EAST,Kasena Nankana East.,Sonnu-Kura Nayagenia,Kwofos Engineering Ltd.,SHEP-4-UER-KND-KEL-10-16,26,26,26,26,170,170,170,170,1,1,1,0,60
UPPER EAST,Kasena Nankana West,Abuguziondone,Metro Energy & Training Wrks.,SHEP-4-UER-KNWD-MEAT-16,30,25,0,0,120,0,0,0,0,0,0,0,0
UPPER EAST,Kasena Nankana West,Adungu,Mohatu Electrical Ltd,SHEP-4-UER-KNW-MEEL-04-19,36,0,0,0,40,0,0,0,1,0,0,0,0
UPPER EAST,Kasena Nankana West,Akadaka,Metro Energy & Training Wrks.,SHEP-4-UER-KNWD-MEAT-16,35,31,0,0,185,0,0,0,0,0,0,0,0
UPPER EAST,Kasena Nankana West,Alimbila,Buhas Enterprise Limited,SHEP-4-KNW-BEL-16,25,25,0,0,150,0,0,0,0,0,0,0,0
UPPER EAST,Kasena Nankana West,Azinzoka,Budic Engineering Ltd.,SHEP-UR-BUDIC-15,19,11,11,11,125,0,0,0,1,0,0,0,0
UPPER EAST,Kasena Nankana West,Bagtua,Richmanda Enterprise Ltd.,SHEP-5-KNWD-IBCL-16,6,0,0,0,261,0,0,0,1,0,0,0,112
UPPER EAST,Kasena Nankana West,Benbisi,Mohatu Electrical Ltd,SHEP-4-UER-KNW-MEEL-04-19,24,0,0,0,50,0,0,0,1,0,0,0,0
UPPER EAST,Kasena Nankana West,Dazongo,Buhas Enterprise Limited,SHEP-4-KNW-BEL-16,6,6,0,0,140,0,0,0,0,0,0,0,0
UPPER EAST,Kasena Nankana West,Gonnum-Aku,Budic Engineering Ltd.,SHEP-UR-BUDIC-15,18,10,10,10,180,100,0,0,1,0,0,0,0
UPPER EAST,Kasena Nankana West,Gonnum-Daboo,Budic Engineering Ltd.,SHEP-UR-BUDIC-15,20,10,10,10,200,140,0,0,1,0,0,0,0
UPPER EAST,Kasena Nankana West,Gumongo,Buhas Enterprise Limited,SHEP-4-KNW-BEL-16,24,24,0,0,206,0,0,0,0,0,0,0,0
UPPER EAST,Kasena Nankana West,Kaliveo Awenia,Kwofos Engineering Ltd,SHEP-4-UER-KNWD-KEL-8-2020,14,14,14,14,132,132,132,132,1,1,1,0,90
UPPER EAST,Kasena Nankana West,Kaliveo Ext,Kwofos Engineering Ltd,SHEP-4-UER-KNWD-KEL-8-2020,0,0,0,0,75,75,75,75,1,1,1,0,50
UPPER EAST,Kasena Nankana West,Kansan,King Nimod Electrical,SHEP-4UE-KNWD-KEW-16,20,16,16,0,195,0,0,0,1,0,0,0,0
UPPER EAST,Kasena Nankana West,Kasalingo/Chengo,King Nimod Electrical,SHEP-4UE-KNWD-KEW-16,5,7,7,0,200,0,0,0,1,0,0,0,0
UPPER EAST,Kasena Nankana West,Kayelo,Mohatu Electrical Ltd,SHEP-4-UER-KNW-MEEL-04-19,30,0,0,0,30,0,0,0,1,0,0,0,0
UPPER EAST,Kasena Nankana West,Kazugu,Richmanda Enterprise Ltd.,SHEP-5-KNWD-IBCL-16,17,17,17,17,235,235,235,235,1,1,1,0,219
UPPER EAST,Kasena Nankana West,Kazugu Navio JSS,Richmanda Enterprise Ltd.,SHEP-5-KNWD-IBCL-16,7,0,0,0,195,0,0,0,1,0,0,0,170
UPPER EAST,Kasena Nankana West,Kuliya #1,Richmanda Enterprise Ltd.,SHEP-5-KNWD-IBCL-16,13,0,0,0,225,0,0,0,1,0,0,0,210
UPPER EAST,Kasena Nankana West,Kuliya #2,Richmanda Enterprise Ltd.,SHEP-5-KNWD-IBCL-16,11,0,0,0,210,0,0,0,1,0,0,0,180
UPPER EAST,Kasena Nankana West,Kumbusigo,King Nimod Electrical,SHEP-4UE-KNWD-KEW-16,17,17,17,17,250,250,250,250,1,1,1,0,1
UPPER EAST,Kasena Nankana West,Nabango Nyongo,Buhas Enterprise Limited,SHEP-4-KNW-BEL-16,17,17,0,0,175,0,0,0,0,0,0,0,0
UPPER EAST,Kasena Nankana West,Pingo/Tikongo,Metro Energy & Training Wrks.,SHEP-4-UER-KNWD-MEAT-16,16,13,0,0,216,0,0,0,0,0,0,0,0
UPPER EAST,Kasena Nankana West,Pungbisi/Kulnyurisum,King Nimod Electrical,SHEP-4UE-KNWD-KEW-16,6,6,6,0,215,0,0,0,1,0,0,0,0
UPPER EAST,Kasena Nankana West,Saaka,Richmanda Enterprise Ltd.,SHEP-5-KNWD-IBCL-16,42,42,42,42,305,305,305,305,2,2,2,0,121
UPPER EAST,Kasena Nankana West,Tazika,Richmanda Enterprise Ltd.,SHEP-5-KNWD-IBCL-16,8,8,8,8,395,395,395,395,2,2,2,0,200
UPPER EAST,Kasena Nankana West,Tintuumbisi,Budic Engineering Ltd.,SHEP-UR-BUDIC-15,24,14,14,14,160,160,160,75,1,0,0,0,0
UPPER EAST,Kasena Nankana West,Wolingum,Metro Energy & Training Wrks.,SHEP-4-UER-KNWD-MEAT-16,14,7,0,0,170,106,0,0,0,0,0,0,0
UPPER EAST,Kasena Nankana West.,Aburiwasa/Leengo,Kwofos Engineering Ltd.,SHEP-4-UE-KNWD-KEL-16,26,14,0,0,215,0,0,0,0,0,0,0,100
UPPER EAST,Kasena Nankana West.,Achuligoyire,Kwofos Engineering Ltd.,SHEP-4-UE-KNWD-KEL-16,14,5,0,0,230,0,0,0,0,0,0,0,125
UPPER EAST,Kasena Nankana West.,Ayingayire/Akaoore,Kwofos Engineering Ltd.,SHEP-4-UE-KNWD-KEL-16,14,5,0,0,210,0,0,0,0,0,0,0,90
UPPER EAST,Kasena Nankana West.,Azinzoka,Budic Electrical & Engineering Works,SHEP-UE-TAD-BUDIC-17,19,12,12,0,125,0,0,0,0,0,0,0,0
UPPER EAST,Kasena Nankana West.,Gayingo/Bolinga (Nayeri),Kwofos Engineering Ltd.,SHEP-4-UE-KNWD-KEL-16,7,7,0,0,220,0,0,0,0,0,0,0,200
UPPER EAST,Kasena Nankana West.,Gonnum Aku-A,Budic Electrical & Engineering Works,SHEP-UE-BUDIC-16,18,10,10,0,200,140,0,0,0,0,0,0,0
UPPER EAST,Kasena Nankana West.,Gonnum Daboo,Budic Electrical & Engineering Works,SHEP-UE-BUDIC-16,20,15,15,0,180,100,0,0,0,0,0,0,0
UPPER EAST,Kasena Nankana West.,Tintuumbisi,Budic Electrical & Engineering Works,SHEP-UE-BUDIC-16,24,14,14,14,160,160,75,75,0,0,0,0,0
UPPER EAST,Kasena Nankana West.,Zampeego/Apibisi,Budic Electrical & Engineering Works,SHEP-UE-BUDIC-16,14,11,11,0,196,0,0,0,0,0,0,0,0
UPPER EAST,PUSIGA,KULUNGU GU CEPS,IBBECOW COMPANY LIMITED,SHEP-UER-PD-14,0,0,0,0,0,0,0,0,0,0,0,0,0
UPPER EAST,PUSIGA,KULUNGU GU CHAMATA,IBBECOW COMPANY LIMITED,SHEP-UER-PD-14,0,0,0,0,0,0,0,0,0,0,0,0,0
UPPER EAST,PUSIGA,KULUNGU GU CINKON,IBBECOW COMPANY LIMITED,SHEP-UER-PD-14,0,0,0,0,0,0,0,0,0,0,0,0,0
UPPER EAST,PUSIGA,KULUNGU GU MAIN TOWN,IBBECOW COMPANY LIMITED,SHEP-UER-PD-14,0,0,0,0,0,0,0,0,0,0,0,0,0
UPPER EAST,PUSIGA,KULUNGU GU NATINGA,IBBECOW COMPANY LIMITED,SHEP-UER-PD-14,0,0,0,0,0,0,0,0,0,0,0,0,0
UPPER EAST,Pusiga,Belimtanga,J-Karimus Company Ltd.,SHEP-4-UER-BD-JKCL-17,21,21,21,21,187,187,187,0,1,1,1,0,77
UPPER EAST,Pusiga,Bimpiela #1,Joditec Electrical Ltd,SHEP-4-UER-BWM-16,20,13,0,0,145,119,0,0,0,0,0,0,0
UPPER EAST,Pusiga,Bimpiela #2,Joditec Electrical Ltd,SHEP-4-UER-BWM-16,18,19,0,0,155,146,0,0,0,0,0,0,0
UPPER EAST,Pusiga,Bimpiela Extension,Joditec Electrical Ltd,SHEP-4-UER-BWM-16,0,0,0,0,70,46,0,0,0,0,0,0,0
UPPER EAST,Pusiga,Bulungu- Koltisi # 1,Mohatu Electrical Eng Limited,SHEP-5-PD-MEL-16,17,17,17,10,92,92,92,92,1,1,1,0,0
UPPER EAST,Pusiga,Bulungu- Koltisi # 2,Mohatu Electrical Eng Limited,SHEP-5-PD-MEL-16,14,14,14,14,89,92,85,85,1,1,0,0,0
UPPER EAST,Pusiga,Bulungu-Zopeliga,Mohatu Electrical Eng Limited,SHEP-5-PD-MEL-16,28,12,12,12,157,130,130,0,1,1,0,0,0
UPPER EAST,Pusiga,Dabia # 1,Mohatu Electrical Eng Limited,SHEP-5-PD-MEL-16,20,25,25,25,183,225,225,225,1,1,1,0,225
UPPER EAST,Pusiga,Dabia # 2,Mohatu Electrical Eng Limited,SHEP-5-PD-MEL-16,40,40,40,40,225,225,225,225,1,1,1,0,179
UPPER EAST,Pusiga,Gareke #1 - Teshnatinga,Happy World of Techn. Ltd.,SHEP-4-UER-PD-HWTL-09-16,24,24,24,24,170,105,105,105,1,0,0,0,155
UPPER EAST,Pusiga,Gareke #2 - Teshnatinga,Happy World of Techn. Ltd.,SHEP-4-UER-PD-HWTL-09-16,18,18,18,18,160,108,108,108,1,0,0,0,200
UPPER EAST,Pusiga,Kamadugu/Sunkelma,Mohatu Electrical Ltd,SHEP-4-PD-MEL-16,18,18,0,0,90,90,0,0,1,1,0,0,0
UPPER EAST,Pusiga,Kampodi-# 1&2,Mohatu Electrical Eng Limited,SHEP-5-PD-MEL-16,18,24,24,24,188,0,0,0,1,1,0,0,0
UPPER EAST,Pusiga,Kampodi-Tambnogin,Mohatu Electrical Eng Limited,SHEP-5-PD-MEL-16,43,34,34,34,187,155,0,0,1,1,0,0,0
UPPER EAST,Pusiga,Kogadem,Joditec Electrical Ltd,SHEP-4-UER-BWM-16,30,26,0,0,167,146,0,0,0,0,0,0,0
UPPER EAST,Pusiga,Koose Basic School,Mohatu Electrical Ltd,SHEP-4-PD-MEL-16,4,4,0,0,180,155,0,0,1,1,0,0,0
UPPER EAST,Pusiga,Koose Chief's Palace,Joditec Electrical Ltd,SHEP-4-UER-BWM-16,12,0,0,0,195,0,0,0,0,0,0,0,0
UPPER EAST,Pusiga,Koose Sanga,Joditec Electrical Ltd,SHEP-4-UER-BWM-16,4,0,0,0,205,0,0,0,0,0,0,0,0
UPPER EAST,Pusiga,Kulanaba Kultamise/Tempani,Mohatu Electrical Ltd,SHEP-4-PD-MEL-16,18,14,14,14,120,64,64,64,1,1,0,0,0
UPPER EAST,Pusiga,Kultamise,Mohatu Electrical Ltd,SHEP-4-PD-MEL-16,2,2,2,2,195,120,120,0,1,1,0,0,0
UPPER EAST,Pusiga,Kulungugu CEPS,Ibbecow Company Ltd,SHEP-UER-PD-14,6,6,6,6,140,45,45,45,1,0,0,0,0
UPPER EAST,Pusiga,Kulungugu Chamata,Ibbecow Company Ltd,SHEP-UER-PD-14,13,5,5,5,150,120,120,120,1,0,0,0,0
UPPER EAST,Pusiga,Kulungugu Cinkon,Ibbecow Company Ltd,SHEP-UER-PD-14,29,29,29,29,189,60,60,60,1,0,0,0,0
UPPER EAST,Pusiga,Kulungugu Main Town,Ibbecow Company Ltd,SHEP-UER-PD-14,0,0,0,0,200,60,60,60,1,0,0,0,0
UPPER EAST,Pusiga,Kulungugu Natinga,Ibbecow Company Ltd,SHEP-UER-PD-14,2,10,10,10,200,185,185,185,1,0,0,0,0
UPPER EAST,Pusiga,Nware,Mohatu Electrical Ltd,SHEP-4-PD-MEL-16,0,0,0,0,60,60,0,0,0,0,0,0,0
UPPER EAST,Pusiga,Palnnaba,J-Karimus Company Ltd.,SHEP-4-UER-BD-JKCL-17,17,17,17,17,93,93,93,0,1,1,1,0,40
UPPER EAST,Pusiga,Pilmakuom Central,Mohatu Electrical Eng Limited,SHEP-5-PD-MEL-16,18,18,18,18,205,130,130,0,1,1,0,0,0
UPPER EAST,Pusiga,Poanaba,Happy World of Techn. Ltd.,SHEP-4-UER-PD-HWTL-09-16,60,45,0,0,430,270,0,0,2,0,0,0,0
UPPER EAST,Pusiga,Pulmakuom Koose,Mohatu Electrical Eng Limited,SHEP-5-PD-MEL-16,14,13,13,13,147,155,0,0,1,1,0,0,0
UPPER EAST,Pusiga,Pulmakuom Koose-Jingle,Mohatu Electrical Eng Limited,SHEP-5-PD-MEL-16,6,6,6,6,163,152,0,0,1,1,0,0,0
UPPER EAST,Pusiga,Salwabin,J-Karimus Company Ltd.,SHEP-4-UER-BD-JKCL-17,7,7,7,7,121,121,121,0,1,1,1,0,90
UPPER EAST,Pusiga,Sanga # 3,Mohatu Electrical Eng Limited,SHEP-5-PD-MEL-16,16,16,16,16,179,130,0,0,1,1,0,0,0
UPPER EAST,Pusiga,Sanga Chief's Palace,Mohatu Electrical Eng Limited,SHEP-5-PD-MEL-16,19,18,18,19,155,130,0,0,1,1,0,0,0
UPPER EAST,Pusiga,Sarabogo,J-Karimus Company Ltd.,SHEP-4-UER-BD-JKCL-17,37,37,37,37,309,309,309,0,1,1,1,0,80
UPPER EAST,Pusiga,Saratinga-Teshnatinga,Happy World of Techn. Ltd.,SHEP-4-UER-PD-HWTL-09-16,18,18,18,18,120,120,120,120,1,1,1,0,100
UPPER EAST,Pusiga,Silteega,Happy World of Techn. Ltd.,SHEP-4-UER-PD-HWTL-09-16,24,21,0,0,100,0,0,0,1,0,0,0,0
UPPER EAST,Pusiga,Sugudi Chief's Palace,Mohatu Electrical Eng Limited,SHEP-5-PD-MEL-16,14,14,14,14,169,161,161,145,1,1,1,0,0
UPPER EAST,Pusiga,Sugudi Duakom,Mohatu Electrical Eng Limited,SHEP-5-PD-MEL-16,19,12,12,12,181,142,142,0,1,1,1,0,0
UPPER EAST,Pusiga,Tambiugu,Mohatu Electrical Eng Limited,SHEP-5-PD-MEL-16,26,24,24,24,320,260,0,0,2,2,0,0,0
UPPER EAST,Pusiga,Terage,Mohatu Electrical Ltd,SHEP-4/THENGASHEP-UER-GT&PD-MEEL-09-18,0,0,0,0,124,124,124,124,3,3,3,0,0
UPPER EAST,Pusiga,Tesgbego,J-Karimus Company Ltd.,SHEP-4-UER-BD-JKCL-17,20,20,20,20,128,128,128,0,1,1,1,0,100
UPPER EAST,Pusiga,Teshnatinga/Terago,Happy World of Techn. Ltd.,SHEP-4-UER-PD-HWTL-09-16,13,13,0,0,100,50,50,50,1,0,0,0,70
UPPER EAST,Pusiga,Zuabulga # 1,Mohatu Electrical Eng Limited,SHEP-5-PD-MEL-16,25,25,25,25,202,202,202,202,1,1,1,0,0
UPPER EAST,Pusiga,Zuabulga # 2,Mohatu Electrical Eng Limited,SHEP-5-PD-MEL-16,17,25,25,25,210,210,210,210,1,1,0,0,0
UPPER EAST,Talensi,Baari,E.K Asare Enterprise Limited,SHEP-4-TD-E.K.A-16,18,15,15,15,250,250,150,60,1,1,0,0,130
UPPER EAST,Talensi,Dapore -Waahobok,E.K Asare Enterprise Limited,SHEP-4-TD-E.K.A-16,2,2,2,2,100,100,100,100,1,1,0,0,85
UPPER EAST,Talensi,Dapore Basic School,E.K Asare Enterprise Limited,SHEP-4-TD-E.K.A-16,13,13,13,13,150,150,150,150,1,1,1,0,120
UPPER EAST,Talensi,Dapore-Bokerebisi,E.K Asare Enterprise Limited,SHEP-4-TD-E.K.A-16,28,23,23,23,100,100,100,100,1,1,1,0,101
UPPER EAST,Talensi,Degaare,KASN Engineering and Consult Ltd,SHEP-4-UER-TD-KECL-03-2020,24,24,24,24,150,150,150,150,1,1,1,0,95
UPPER EAST,Talensi,Duusi-Natinga,E.K.Asare Enterprise Ltd.,SHEP-5-TD-ASARE-16,24,10,10,10,200,197,197,0,1,0,0,0,0
UPPER EAST,Talensi,Duusi-Tindongo,Budic Electrical & Engineering Works,SHEP-UE-TAD-BUDIC-17,44,44,44,44,571,571,571,571,3,1,1,0,171
UPPER EAST,Talensi,Kuzoo/Sapakyare,KASN Engineering and Consult Ltd,SHEP-4-UER-TD-KECL-03-2020,24,24,24,24,250,250,250,250,1,1,1,0,200
UPPER EAST,Talensi,Namoranteng,Budic Electrical & Engineering Works,SHEP-UE-TAD-BUDIC-16,28,33,33,24,205,192,192,192,1,1,1,0,100
UPPER EAST,Talensi,Nungu,E.K.Asare Enterprise Ltd.,SHEP-5-TD-ASARE-16,72,30,0,0,167,50,50,0,1,0,0,0,0
UPPER EAST,Talensi,Nungu-Biengo,E.K.Asare Enterprise Ltd.,SHEP-5-TD-ASARE-16,85,70,0,0,60,87,87,30,1,0,0,0,0
UPPER EAST,Talensi,Palgaa,E.K.Asare Enterprise Ltd.,SHEP-5-TD-ASARE-16,30,25,25,25,200,200,200,140,1,1,0,0,0
UPPER EAST,Talensi,Santeng,Budic Electrical & Engineering Works,SHEP-UE-TAD-BUDIC-17,22,27,27,27,65,62,62,62,1,1,1,0,50
UPPER EAST,Talensi,Shia,E.K.Asare Enterprise Ltd.,SHEP-5-TD-ASARE-16,24,24,24,24,280,234,234,220,1,1,1,0,167
UPPER EAST,Talensi,Tampoog,Budic Electrical & Engineering Works,SHEP-UE-TAD-BUDIC-17,0,0,0,0,0,0,0,0,0,0,0,0,0
UPPER EAST,Talensi,Tenzuk,Budic Electrical & Engineering Works,SHEP-UE-TAD-BUDIC-17,46,37,37,37,165,160,160,160,1,1,1,0,200
UPPER EAST,Talensi,Tongo-Yaapas,E.K.Asare Enterprise Ltd.,SHEP-5-TD-ASARE-16,7,7,7,7,175,154,80,100,1,1,0,0,0
UPPER EAST,Talensi,Tongo-Zoo,E.K.Asare Enterprise Ltd.,SHEP-5-TD-ASARE-16,12,6,6,6,165,116,116,100,1,1,0,0,30
UPPER EAST,Talensi,Tongo-Zubeogo,E.K.Asare Enterprise Ltd.,SHEP-5-TD-ASARE-16,12,2,2,2,300,267,267,220,1,1,0,0,40
UPPER EAST,Talensi,Winkongo Goriko Chief Palace,E.K.Asare Enterprise Limited,SHEP-4-TD-E.K.A-16,10,0,0,0,177,120,40,40,0,0,0,0,210
UPPER EAST,Talensi,Winkongo Primary,E.K Asare Enterprise Limited,SHEP-4-TD-E.K.A-16,16,16,16,16,120,160,160,160,1,1,0,0,150
UPPER EAST,Talensi,Yaale,Budic Electrical & Engineering Works,SHEP-UE-TAD-BUDIC-17,52,37,0,0,150,151,0,0,0,0,0,0,0
UPPER EAST,Talensi,Zanwore,KASN Engineering and Consult Ltd,SHEP-4-UER-TD-KECL-03-2020,36,36,36,36,200,200,200,200,1,1,1,0,125
UPPER EAST,Talensi/Pusiga,GAARE BONG,Happy World of Technology Ltd.,SHEP-4/THENGASHEP-UER-TD&HWTL-08-19,12,0,0,0,180,0,0,0,1,0,0,0,0
UPPER EAST,Talensi/Pusiga,GAARE LOOTE/ZOORE,Happy World of Technology Ltd.,SHEP-4/THENGASHEP-UER-TD&HWTL-08-19,14,0,0,0,190,0,0,0,1,0,0,0,100
UPPER EAST,Talensi/Pusiga,GAARE MARKET,Happy World of Technology Ltd.,SHEP-4/THENGASHEP-UER-TD&HWTL-08-19,16,4,4,4,100,100,100,100,1,1,1,0,100
UPPER EAST,Talensi/Pusiga,GBANI DANYIRE,Happy World of Techn. Ltd.,SHEP-4/THENGASHEP-UER-TD&HWTL-08-19,12,0,0,0,100,100,100,100,1,1,1,0,60
UPPER EAST,Talensi/Pusiga,GBANI DATOK/TASOYERI,Happy World of Techn. Ltd.,SHEP-4/THENGASHEP-UER-TD&HWTL-08-19,18,0,0,0,120,120,120,120,1,1,1,0,50
UPPER EAST,Talensi/Pusiga,GBEWAA NO.1,Happy World of Techn. Ltd.,SHEP-4/THENGASHEP-UER-TD&HWTL-08-19,6,6,6,6,105,105,105,105,1,1,1,0,150
UPPER EAST,Talensi/Pusiga,GBEWAA NO.2/SIGNOGO,Happy World of Techn. Ltd.,SHEP-4/THENGASHEP-UER-TD&HWTL-08-19,10,10,10,10,110,110,110,110,1,1,1,0,200
UPPER EAST,Tampane,Adugbal,Powerboard Company LTD,SHEP-4-UER-TD-PCL-09-19,48,2,2,2,250,250,250,250,0,0,0,0,0
UPPER EAST,Tampane,Benwoko,Powerboard Company LTD,SHEP-4-UER-TD-PCL-09-19,2,2,2,2,55,55,55,55,0,0,0,0,0
UPPER EAST,Tampane,Bulpiese Nabuya,Powerboard Company LTD,SHEP-4-UER-TD-PCL-09-19,60,48,48,48,127,127,127,127,0,0,0,0,0
UPPER EAST,Tampane,Duayediga 1,Powerboard Company LTD,SHEP-4-UER-TD-PCL-09-19,96,10,10,10,122,122,122,122,0,0,0,0,0
UPPER EAST,Tampane,Duayediga 2,Powerboard Company LTD,SHEP-4-UER-TD-PCL-09-19,14,60,60,60,150,150,150,150,0,0,0,0,0
UPPER EAST,Tampane,Duayediga 3,Powerboard Company LTD,SHEP-4-UER-TD-PCL-09-19,10,14,14,14,90,90,90,90,0,0,0,0,0
UPPER EAST,Tampane,Gabri Bolgatanga,Powerboard Company LTD,SHEP-4-UER-TD-PCL-09-19,2,2,2,2,50,50,50,50,0,0,0,0,0
UPPER EAST,Tampane,Jelakologo,Washdan Company LTD,SHEP-4-UER-TD-WDCL-09-19,48,48,48,48,410,410,410,410,2,2,2,0,335
UPPER EAST,Tampane,Kanbogun Zambala,Powerboard Company LTD,SHEP-4-UER-TD-PCL-09-19,24,24,24,24,80,80,80,80,0,0,0,0,0
UPPER EAST,Tampane,Kolebore,Washdan Company LTD,SHEP-4-UER-TD-WDCL-09-19,12,12,12,12,120,120,120,120,0,0,0,0,0
UPPER EAST,Tampane,Kugasego Bugri,Washdan Company LTD,SHEP-4-UER-TD-WDCL-09-19,50,50,50,50,220,220,220,220,0,0,0,0,0
UPPER EAST,Tampane,Mamamburi,Powerboard Company LTD,SHEP-4-UER-TD-PCL-09-19,40,40,40,40,185,185,185,185,0,0,0,0,0
UPPER EAST,Tampane,Nadigiri,Washdan Company LTD,SHEP-4-UER-TD-WDCL-09-19,12,12,12,12,250,250,250,250,0,0,0,0,0
UPPER EAST,Tampane,Nambina-Sigure,Washdan Company LTD,SHEP-4-UER-TD-WDCL-09-19,10,10,10,10,208,208,208,208,0,0,0,0,0
UPPER EAST,Tampane,Nyosbara,Washdan Company LTD,SHEP-4-UER-TD-WDCL-09-19,7,7,7,7,116,116,116,116,1,1,1,0,83
UPPER EAST,Tampane,Subzude,Washdan Company LTD,SHEP-4-UER-TD-WDCL-09-19,14,14,14,14,350,350,350,350,0,0,0,0,0
UPPER EAST,Tampane,Tambalagu,Powerboard Company LTD,SHEP-4-UER-TD-PCL-09-19,97,5,5,5,150,150,150,150,0,0,0,0,0
UPPER EAST,Tampane,Terudig,Washdan Company LTD,SHEP-4-UER-TD-WDCL-09-19,14,14,14,14,208,208,208,208,0,0,0,0,0
UPPER EAST,Tampane,Timlgbog,Powerboard Company LTD,SHEP-4-UER-TD-PCL-09-19,18,18,18,18,120,120,120,120,0,0,0,0,0
UPPER EAST,Tampane,Trudiga,Powerboard Company LTD,SHEP-4-UER-TD-PCL-09-19,17,97,97,97,160,160,160,160,0,0,0,0,0
UPPER EAST,Tampane,Tubong,Washdan Company LTD,SHEP-4-UER-TD-WDCL-09-19,52,0,0,0,366,366,366,366,0,0,0,0,0
UPPER EAST,Tampane,Zangsirboliga,Mohatu Electrical Ltd,SHEP-4/THENGASHEP-UER-GT&PD-MEEL-09-18,4,4,4,4,72,72,72,72,0,0,0,0,0
UPPER EAST,Tampane,Zansibuliga # 1,Standard Techs Engineering Service,SHEP-4-UER-TD-STES-06-20,6,6,6,6,160,160,160,0,0,0,0,0,0
UPPER EAST,Tampane,Zomandiga,Powerboard Company LTD,SHEP-4-UER-TD-PCL-09-19,5,2,2,2,48,48,48,48,0,0,0,0,0
UPPER EAST,Tampane,Zotrikkuom,Washdan Company LTD,SHEP-4-UER-TD-WDCL-09-19,1,1,1,1,650,650,650,650,0,0,0,0,0
UPPER EAST,Tampane,Zotrikoum,Powerboard Company LTD,SHEP-4-UER-TD-PCL-09-19,5,96,96,96,50,50,50,50,0,0,0,0,0
UPPER EAST,Tempane,Abarpusiga,Korigu Engineering Construction Limited,SHEP-4-UER-TD-KECL-09-2019,28,0,0,0,189,0,0,0,0,0,0,0,0
UPPER EAST,Tempane,Bimpella 1,Korigu Engineering Construction Limited,SHEP-4-UER-TD-KECL-09-2019,36,0,0,0,250,0,0,0,0,0,0,0,0
UPPER EAST,Tempane,Bimpella 2,Korigu Engineering Construction Limited,SHEP-4-UER-TD-KECL-09-2019,24,0,0,0,250,0,0,0,0,0,0,0,0
UPPER EAST,Tempane,Doanyediga 2,Korigu Engineering Construction Limited,SHEP-4-UER-TD-KECL-09-2019,108,0,0,0,200,0,0,0,0,0,0,0,0
UPPER EAST,Tempane,Komkomada#1,Korigu Engineering Construction Limited,SHEP-4-UER-TD-KECL-09-2019,25,0,0,0,83,0,0,0,0,0,0,0,0
UPPER EAST,Tempane,Komkomada#2,Korigu Engineering Construction Limited,SHEP-4-UER-TD-KECL-09-2019,17,0,0,0,75,0,0,0,0,0,0,0,0
UPPER EAST,Tempane,Nagani-Kparsako,Korigu Engineering Construction Limited,SHEP-4-UER-TD-KECL-09-2019,60,0,0,0,300,0,0,0,0,0,0,0,0
UPPER EAST,Tempane,Ninsum,Korigu Engineering Construction Limited,SHEP-4-UER-TD-KECL-09-2019,48,0,0,0,200,0,0,0,0,0,0,0,0
UPPER EAST,Tempane,Sumadure,Korigu Engineering Construction Limited,SHEP-4-UER-TD-KECL-09-2019,24,0,0,0,194,0,0,0,0,0,0,0,0
UPPER EAST,Tempane,Tipint,Korigu Engineering Construction Limited,SHEP-4-UER-TD-KECL-09-2019,1,0,0,0,170,0,0,0,0,0,0,0,0
UPPER EAST,pusiga,Banterfargo,Mohatu Electrical Ltd,SHEP-4/THENGASHEP-UER-GT&PD-MEEL-09-18,8,8,8,8,155,155,155,155,2,0,0,0,0
UPPER WEST,Bole,Bekwaikura,BRENYEKWA LTD,SHEP-5-NR-BOLE-16,6,6,6,6,240,239,215,215,1,0,0,0,0
UPPER WEST,Bole,Bodi,BRENYEKWA LTD,SHEP-5-NR-BOLE-16,10,10,10,10,320,318,310,96,1,0,0,0,0
UPPER WEST,Bole,Gbodaa,BRENYEKWA LTD,SHEP-5-NR-BOLE-16,12,48,48,48,550,544,531,531,1,0,0,0,0
UPPER WEST,Bole,Nsunua,BRENYEKWA LTD,SHEP-5-NR-BOLE-16,144,144,144,120,200,192,31,31,1,0,0,0,0
UPPER WEST,Bole,Nuoyiri,BRENYEKWA LTD,SHEP-5-NR-BOLE-16,8,74,55,55,320,295,271,271,1,0,0,0,0
UPPER WEST,Daffiama-Bussie-Issa,Banonyiri,A.A.WARNCHARN COMPANY LTD,SHEP-5-DBID-AAWCL-16,90,163,163,163,200,78,78,78,0,0,0,0,0
UPPER WEST,Daffiama-Bussie-Issa,Dakyie,A.A.WARNCHARN COMPANY LTD,SHEP-5-DBID-AAWCL-16,84,132,131,131,120,83,83,83,0,0,0,0,0
UPPER WEST,Daffiama-Bussie-Issa,Kamahegu,A.A.WARNCHARN COMPANY LTD,SHEP-5-DBID-AAWCL-16,240,240,120,120,250,0,0,0,0,0,0,0,0
UPPER WEST,Daffiama-Bussie-Issa,Pin-Naayiri,A.A.WARNCHARN COMPANY LTD,SHEP-5-DBID-AAWCL-16,78,112,112,112,120,60,58,58,0,0,0,0,0
UPPER WEST,Daffiama-Bussie-Issa,Tonyepare,A.A.WARNCHARN COMPANY LTD,SHEP-5-DBID-AAWCL-16,96,117,117,117,150,70,70,70,0,0,0,0,0
UPPER WEST,Jirapa Municipal,Douri-Gyan,HEN-MEN ELECTRICALS LTD,SHEP-5-JD-HEN-16,60,60,60,60,250,0,0,0,0,0,0,0,0
UPPER WEST,Jirapa Municipal,Guri,HEN-MEN ELECTRICALS LTD,SHEP-5-JD-HEN-16,12,0,0,0,200,0,0,0,0,1,0,0,0
UPPER WEST,Jirapa Municipal,Kogri  No. 1,HEN-MEN ELECTRICALS LTD,SHEP - 5- JD - HEN-07-16,0,0,0,0,0,0,0,0,0,0,0,0,0
UPPER WEST,Jirapa Municipal,Kogri  No. 2,HEN-MEN ELECTRICALS LTD,SHEP - 5- JD - HEN-07-16,0,0,0,0,0,0,0,0,0,0,0,0,0
UPPER WEST,Jirapa Municipal,Kogri #1,HEN-MEN ELECTRICALS LTD,SHEP-5-JD-HEN-16,180,180,180,180,150,0,0,0,0,0,0,0,0
UPPER WEST,Jirapa Municipal,Kogri #2,HEN-MEN ELECTRICALS LTD,SHEP-5-JD-HEN-16,12,12,12,12,250,0,0,0,0,0,0,0,0
UPPER WEST,Jirapa Municipal,Ping,HEN-MEN ELECTRICALS LTD,SHEP-5-JD-HEN-16,12,0,0,0,270,0,0,0,2,1,1,0,0
UPPER WEST,Jirapa Municipal,Ull-Baazu,HEN-MEN ELECTRICALS LTD,SHEP-5-JD-HEN-16,12,0,0,0,300,0,0,0,0,0,0,0,0
UPPER WEST,Lambussie Karni,Chaboggo,TANJA ENGINEERING LTD,SHEP-4-UWR-TANJA-17,174,174,174,174,350,216,216,216,2,2,1,350,146
UPPER WEST,Lambussie Karni,Chetu,T-TOMMY CONTRACT WORKS LTD,SHEP-5-LKD-TOMMY-16,90,87,45,45,150,150,150,120,1,1,0,0,0
UPPER WEST,Lambussie Karni,Kokoligu,T-TOMMY CONTRACT WORKS LTD,SHEP-5-LKD-TOMMY-16,0,0,0,0,100,140,140,140,1,1,0,0,0
UPPER WEST,Lambussie Karni,Koro Extension,TANJA ENGINEERING LTD,SHEP-4-UWR-TANJA-16,16,16,16,100,370,146,146,142,2,0,0,315,35
UPPER WEST,Lambussie Karni,Kuntawi,T-TOMMY CONTRACT WORKS LTD,SHEP-5-LKD-TOMMY-16,36,0,0,0,180,280,180,180,1,1,0,0,0
UPPER WEST,Lambussie Karni,Muodeng,T-TOMMY CONTRACT WORKS LTD,SHEP-5-LKD-TOMMY-16,36,51,29,45,150,150,150,120,1,1,0,0,0
UPPER WEST,Lambussie Karni,Ninchilli #2,TANJA ENGINEERING LTD,SHEP-4-UWR-TANJA-16,60,48,29,52,150,150,150,150,1,0,0,304,24
UPPER WEST,Lambussie Karni,Samoa Gballe,T-TOMMY CONTRACT WORKS LTD,SHEP-4-UWR-T-TOMMY-16,0,0,0,0,150,150,45,45,1,0,80,0,0
UPPER WEST,Lambussie Karni,Samoa Lung,T-TOMMY CONTRACT WORKS LTD,SHEP-4-UWR-T-TOMMY-16,10,10,10,10,300,300,300,300,1,1,1,0,200
UPPER WEST,Lambussie Karni,Samoa Namvee,T-TOMMY CONTRACT WORKS LTD,SHEP-4-UWR-T-TOMMY-16,10,10,10,10,300,300,300,300,1,1,1,0,253
UPPER WEST,Lambussie Karni,Suke No.1,T-TOMMY CONTRACT WORKS LTD,SHEP-5-LKD-TOMMY-16,0,0,0,0,100,130,130,130,1,1,0,0,0
UPPER WEST,Lawra,Amburi Zoxpaal,FAZ PLAX CO. LTD,SHEP-4-UWR-LD-FPL-09-19,68,35,28,28,450,59,59,13,1,0,0,0,0
UPPER WEST,Lawra,Baagagn,T-TOMMY CONTRACT WORKS LTD,SHEP-4-LD-TTCWL-09-19,36,12,12,12,350,140,56,56,1,0,0,0,0
UPPER WEST,Lawra,Baagagn Sia Ext.,FAZ PLAX CO. LTD,SHEP-4-UWR-LD-FPL-09-19,48,0,0,0,250,0,0,0,0,0,0,0,0
UPPER WEST,Lawra,Babile - Baagan,E.K.KWASAAK COMPANY LIMITED,SHEP-5-LAWRA-E.K.K-16,0,0,0,0,0,0,0,0,0,0,0,0,0
UPPER WEST,Lawra,Badi,MAX B ELECTRICALS LTD,SHEP-4-UWR-LD-MBEL-09-19,0,0,0,0,200,50,0,0,0,0,0,0,0
UPPER WEST,Lawra,Bagri,E.K.KWASAAK COMPANY LIMITED,SHEP-5-LAWRA-E.K.K-16,0,0,0,0,0,0,0,0,0,0,0,0,0
UPPER WEST,Lawra,Berewon Ext.,FAZ PLAX CO. LTD,SHEP-4-UWR-LD-FPL-09-19,98,0,0,0,200,166,172,172,1,0,0,0,0
UPPER WEST,Lawra,Bompari/Dazzuri,E.K.KWASAAK COMPANY LIMITED,SHEP-5-LAWRA-E.K.K-16,48,60,0,0,400,300,200,200,3,0,3,0,0
UPPER WEST,Lawra,Boo,WILLIAM TEI LTD,SHEP-4-UWR-LD-WTL-09-19,4,9,9,0,250,252,252,252,1,0,0,0,0
UPPER WEST,Lawra,Buuri Methou,T-TOMMY CONTRACT WORKS LTD,SHEP-4-LD-TTCWL-09-19,48,48,48,48,700,221,221,221,3,0,0,0,0
UPPER WEST,Lawra,Dowin Ext.,WILLIAM TEI LTD,SHEP-4-UWR-LD-WTL-09-19,10,15,15,0,400,296,296,296,2,0,0,0,0
UPPER WEST,Lawra,Gbiedewu,FAZ PLAX CO. LTD,SHEP-4-UWR-LD-FPL-09-19,26,20,17,17,550,50,50,49,2,0,0,0,0
UPPER WEST,Lawra,Goh-Gori,MAX B ELECTRICALS LTD,SHEP-4-UWR-LD-MBEL-09-19,48,45,25,25,520,50,0,0,1,0,0,0,0
UPPER WEST,Lawra,Hayiong,E. K. Kwasaak Co. Ltd,SHEP-4-UWR-LD-EKKCL-09-19,48,0,25,25,800,0,0,0,3,0,0,0,0
UPPER WEST,Lawra,Huowob No. 1,MAX B ELECTRICALS LTD,SHEP-4-UWR-LD-MBEL-09-19,60,45,45,45,300,50,50,50,1,0,0,0,0
UPPER WEST,Lawra,Huowob No. 2,MAX B ELECTRICALS LTD,SHEP-4-UWR-LD-MBEL-09-19,2,0,0,0,300,50,50,50,1,0,0,0,0
UPPER WEST,Lawra,Juma,WILLIAM TEI LTD,SHEP-4-UWR-LD-WTL-09-19,12,17,17,0,450,240,240,240,2,0,0,0,0
UPPER WEST,Lawra,Korkon,MAX B ELECTRICALS LTD,SHEP-4-UWR-LD-MBEL-09-19,36,0,0,0,720,50,0,0,0,0,0,0,0
UPPER WEST,Lawra,Koron Baagagn,T-TOMMY CONTRACT WORKS LTD,SHEP-4-LD-TTCWL-09-19,24,38,38,38,400,134,134,134,2,0,0,0,0
UPPER WEST,Lawra,Kulangagn Ext.,FAZ PLAX CO. LTD,SHEP-4-UWR-LD-FPL-09-19,68,0,0,0,150,73,73,73,0,0,0,0,0
UPPER WEST,Lawra,Kumasare,T-TOMMY CONTRACT WORKS LTD,SHEP-4-LD-TTCWL-09-19,12,12,12,12,240,160,160,160,1,0,0,0,0
UPPER WEST,Lawra,Naburinye Sorigwon,E.K.KWASAAK COMPANY LIMITED,SHEP-5-LAWRA-E.K.K-16,96,56,0,0,2300,130,0,0,3,0,0,0,0
UPPER WEST,Lawra,Nawoye,E. K. Kwasaak Co. Ltd,SHEP-4-UWR-LD-EKKCL-09-19,12,30,0,11,450,0,0,0,2,0,0,0,0
UPPER WEST,Lawra,Orbil,MAX B ELECTRICALS LTD,SHEP-4-UWR-LD-MBEL-09-19,2,0,0,0,620,50,50,50,2,0,0,0,0
UPPER WEST,Lawra,Tabier,MAX B ELECTRICALS LTD,SHEP-4-UWR-LD-MBEL-09-19,6,0,0,0,360,50,50,50,1,0,0,0,0
UPPER WEST,Lawra,Tample-Baagagn,WILLIAM TEI LTD,SHEP-4-UWR-LD-WTL-09-19,30,86,86,0,150,170,170,170,1,0,0,0,0
UPPER WEST,Lawra,Tolibre Ext.,FAZ PLAX CO. LTD,SHEP-4-UWR-LD-FPL-09-19,4,0,0,0,150,73,79,79,1,0,0,0,0
UPPER WEST,Lawra,Tongo,WILLIAM TEI LTD,SHEP-4-UWR-LD-WTL-09-19,24,25,25,0,250,290,290,290,1,0,0,0,0
UPPER WEST,Lawra,Toto,E. K. Kwasaak Co. Ltd,SHEP-4-UWR-LD-EKKCL-09-19,60,24,24,11,350,70,0,7,1,0,0,0,0
UPPER WEST,Lawra,Tuori-Yiziri,WILLIAM TEI LTD,SHEP-4-UWR-LD-WTL-09-19,18,21,21,0,150,190,190,190,1,0,0,0,0
UPPER WEST,Lawra,Yagtuuri,FAZ PLAX CO. LTD,SHEP-4-UWR-LD-FPL-09-19,6,25,0,0,550,0,0,0,2,0,0,0,0
UPPER WEST,Lawra,Zakpee,WILLIAM TEI LTD,SHEP-4-UWR-LD-WTL-09-19,60,25,25,0,550,262,262,262,2,0,0,0,0
UPPER WEST,Lawra,Zoopale,E.K.KWASAAK COMPANY LIMITED,SHEP-5-LAWRA-E.K.K-16,18,12,0,0,50,0,0,0,1,0,0,0,0
UPPER WEST,Nadowli-Kaleo,Begu-Nadowli,VOLTAGE ELECTRICALS LTD,SHEP-5-ND-VEL-16,36,150,0,0,0,0,0,0,1,0,0,0,0
UPPER WEST,Nadowli-Kaleo,Dapuori,ERIKIN ELECTRICAL ENGINEERING COMPANY LTD,SP-UWR-ND-EEECL-09-08,0,0,0,0,0,0,0,0,0,0,0,0,0
UPPER WEST,Nadowli-Kaleo,Gyili,ERIKIN ELECTRICAL ENGINEERING COMPANY LTD,SP-UWR-ND-EEECL-09-08,0,0,0,0,0,0,0,0,0,0,0,0,0
UPPER WEST,Nadowli-Kaleo,Kaluri,ERIKIN ELECTRICAL ENGINEERING COMPANY LTD,SP-UWR-ND-EEECL-09-08,6,150,0,0,0,0,0,0,1,0,0,0,0
UPPER WEST,Nadowli-Kaleo,Kanyiguasi,VOLTAGE ELECTRICALS LTD,SHEP-5-ND-VEL-16,120,150,0,0,0,0,0,0,1,0,0,0,0
UPPER WEST,Nadowli-Kaleo,Kojokpere,ERIKIN ELECTRICAL ENGINEERING COMPANY LTD,SP-UWR-ND-EEECL-09-08,0,0,0,0,0,0,0,0,0,0,0,0,0
UPPER WEST,Nadowli-Kaleo,Landugu,ERIKIN ELECTRICAL ENGINEERING COMPANY LTD,SP-UWR-ND-EEECL-09-08,0,0,0,0,0,0,0,0,0,0,0,0,0
UPPER WEST,Nadowli-Kaleo,Loho,ERIKIN ELECTRICAL ENGINEERING COMPANY LTD,SP-UWR-ND-EEECL-09-08,0,0,0,0,0,0,0,0,0,0,0,0,0
UPPER WEST,Nadowli-Kaleo,Nawuli,VOLTAGE ELECTRICALS LTD,SHEP-5-ND-VEL-16,60,200,0,0,0,0,0,0,1,0,0,0,0
UPPER WEST,Nadowli-Kaleo,Nayiri/Mwaawaari/Dunjan,ERIKIN ELECTRICAL ENGINEERING COMPANY LTD,SP-UWR-ND-EEECL-09-08,2,2,2,0,100,50,50,60,1,1,1,0,0
UPPER WEST,Nadowli-Kaleo,Penitobo,VOLTAGE ELECTRICALS LTD,SHEP-5-ND-VEL-16,216,200,0,0,0,0,0,0,1,0,0,0,0
UPPER WEST,Nadowli-Kaleo,Pepena,ERIKIN ELECTRICAL ENGINEERING COMPANY LTD,SP-UWR-ND-EEECL-09-08,0,0,0,0,0,0,0,0,0,0,0,0,0
UPPER WEST,Nadowli-Kaleo,Tabiasi,ERIKIN ELECTRICAL ENGINEERING COMPANY LTD,SP-UWR-ND-EEECL-09-08,0,0,0,0,0,0,0,0,0,0,0,0,5
UPPER WEST,Nandom,Bogzila,FREECE ELECTRICAL SERVICES,SHEP-4-UWR-ND-FES-2020-P1,100,0,0,0,250,0,0,0,1,0,0,0,0
UPPER WEST,Nandom,Borchii,FREECE ELECTRICAL SERVICES,SHEP-4-UWR-ND-FES-2020-P1,100,0,0,0,50,0,0,0,1,0,0,0,0
UPPER WEST,Nandom,Dilangpuo,FREECE ELECTRICAL SERVICES,SHEP-4-UWR-ND-FES-2020-P1,50,0,0,0,50,0,0,0,1,0,0,0,0
UPPER WEST,Nandom,Dobir,FREECE ELECTRICAL SERVICES,SHEP-4-UWR-ND-FES-2020-P1,200,0,0,0,200,0,0,0,1,0,0,0,0
UPPER WEST,Nandom,Duotang,FREECE ELECTRICAL SERVICES,SHEP-4-UWR-ND-FES-2020-P1,200,21,0,0,300,0,0,11,1,0,0,0,0
UPPER WEST,Nandom,Gbelong,FREECE ELECTRICAL SERVICES,SHEP-4-UWR-ND-FES-2020-P1,200,0,0,0,250,0,0,0,1,0,0,0,0
UPPER WEST,Nandom,Kokor,FREECE ELECTRICAL SERVICES,SHEP-4-UWR-ND-FES-2020-P1,100,0,0,0,300,0,0,6,1,0,0,0,0
UPPER WEST,Nandom,Sabyir,FREECE ELECTRICAL SERVICES,SHEP-4-UWR-ND-FES-2020-P1,100,0,0,0,150,0,0,0,1,0,0,0,0
UPPER WEST,Nandom,Takaa,FREECE ELECTRICAL SERVICES,SHEP-4-UWR-ND-FES-2020-P1,150,0,0,0,150,0,0,11,1,0,0,0,0
UPPER WEST,Nandom,Tom Zendaagangu,FREECE ELECTRICAL SERVICES,SHEP-4-UWR-ND-FES-2020-P1,50,0,0,0,50,0,0,0,1,0,0,0,0
UPPER WEST,Nandom,Venne,FREECE ELECTRICAL SERVICES,SHEP-4-UWR-ND-FES-2020-P1,100,0,0,0,250,0,0,0,1,0,0,0,0
UPPER WEST,Nandom,Wobzu,FREECE ELECTRICAL SERVICES,SHEP-4-UWR-ND-FES-2020-P1,250,0,0,0,300,0,0,0,1,0,0,0,0
UPPER WEST,Nandom,Yobirteng,FREECE ELECTRICAL SERVICES,SHEP-4-UWR-ND-FES-2020-P1,100,0,0,0,300,0,0,0,1,0,0,0,0
UPPER WEST,Nkwanta North Municipalty,Koni No.1 &2,ENERGY WORKS LTD,SHEP-4-OR- NNM-EWL-10-22,0,0,0,0,0,0,0,0,0,0,0,0,0
UPPER WEST,Nkwanta North Municipalty,Obunja,ENERGY WORKS LTD,SHEP-4-OR- NNM-EWL-10-21,0,0,0,0,0,0,0,0,0,0,0,0,0
UPPER WEST,Nkwanta North Municipalty,Ogando,ENERGY WORKS LTD,SHEP-4-OR- NNM-EWL-10-23,0,0,0,0,0,0,0,0,0,0,0,0,0
UPPER WEST,Nkwanta North Municipalty,Ujagandor,ENERGY WORKS LTD,SHEP-4-OR- NNM-EWL-10-24,0,0,0,0,0,0,0,0,0,0,0,0,0
UPPER WEST,Sawla-Tuna-Kalba,Kong,E.K.KWASAAK COMPANY LIMITED,SHEP-5-NR-SAWLA-16,9,0,0,0,430,0,0,0,0,0,0,0,0
UPPER WEST,Sawla-Tuna-Kalba,Kpongiri,E.K.KWASAAK COMPANY LIMITED,SHEP-5-NR-SAWLA-16,250,110,0,0,730,0,0,0,0,0,0,0,0
UPPER WEST,Sawla-Tuna-Kalba,Nasoyiri,DASS B ELECT SERVICES,SHEP-5-NR-DASS-SAWLA-16,96,34,0,0,250,250,250,0,0,0,0,0,0
UPPER WEST,Sawla-Tuna-Kalba,Sanyeri,DASS B ELECT SERVICES,SHEP-5-NR-DASS-SAWLA-16,180,73,15,15,360,250,250,0,0,0,0,0,0
UPPER WEST,Sawla-Tuna-Kalba,Soma,DASS B ELECT SERVICES,SHEP-5-NR-DASS-SAWLA-16,216,196,119,119,400,40,40,0,0,0,0,0,0
UPPER WEST,Sissala-East,Bawaseibelle,E. K. Kwasaak Co. Ltd,SHEP-4-UWR-SED-EKK-16,0,0,0,0,0,0,0,0,0,0,0,0,0
UPPER WEST,Sissala-East,Bichembol,E. K. Kwasaak Co. Ltd,SHEP-4-UWR-SED-EKK-16,0,0,0,0,0,0,0,0,0,0,1,0,0
UPPER WEST,Sissala-East,Du,E. K. Kwasaak Co. Ltd,SHEP-4-UWR-SED-EKK-16,0,0,0,0,0,0,0,0,0,0,0,0,0
UPPER WEST,Sissala-East,Kormor No. 2,E. K. Kwasaak Co. Ltd,SHEP-4-UWR-SED-EKK-16,36,36,0,0,100,100,0,0,1,0,0,0,0
UPPER WEST,Sissala-West,Gbelle,S.K DUKU ENTERPRISE,SHEP-5-SWD-SKDEL-16,72,72,72,72,150,150,150,150,1,1,1,0,100
UPPER WEST,Sissala-West,Kunni,S.K DUKU ENTERPRISE,SHEP-5-SWD-SKDEL-16,60,0,0,0,150,0,0,0,0,0,0,0,0
UPPER WEST,Sissala-West,Paana,S.K DUKU ENTERPRISE,SHEP-5-SWD-SKDEL-16,96,80,0,0,510,0,0,0,0,0,0,0,0
UPPER WEST,Sissala-West,Sangbaka,S.K DUKU ENTERPRISE,SHEP-5-SWD-SKDEL-16,36,36,36,36,100,100,100,100,1,1,1,0,100
UPPER WEST,Sissala-West,Zinni-Bagibine,S.K DUKU ENTERPRISE,SHEP-5-SWD-SKDEL-16,36,30,20,0,150,0,0,0,0,0,0,0,0
UPPER WEST,Wa Central,Kponkle Mojong,WILLIAM TEI LTD,SHEP-5-UWR-WACM-WTL-02-2020,90,89,89,89,250,0,0,0,1,0,0,0,0
UPPER WEST,Wa Central,Piihi,WILLIAM TEI LTD,SHEP-5-UWR-WACM-WTL-02-2020,13,13,12,12,120,0,0,0,1,0,0,0,0
UPPER WEST,Wa Central,Seyiri,WILLIAM TEI LTD,SHEP-5-UWR-WACM-WTL-02-2020,62,60,58,58,120,0,0,0,1,0,0,0,0
UPPER WEST,Wa East,Chasia,GIWACO CONS & ELECT WORKS LTD,SHEP-5-WED-GCEWL-16,210,100,0,0,120,100,100,70,0,0,0,0,0
UPPER WEST,Wa East,Gbantala,GIWACO CONS & ELECT WORKS LTD,SHEP-5-WED-GCEWL-16,0,0,0,0,120,0,0,0,0,0,0,0,0
UPPER WEST,Wa East,Gounua,GIWACO CONS & ELECT WORKS LTD,SHEP-5-WED-GCEWL-16,7,0,0,0,250,100,80,80,0,0,0,0,0
UPPER WEST,Wa East,Kakalipuo,GIWACO CONS & ELECT WORKS LTD,SHEP-5-WED-GCEWL-16,0,0,0,0,120,0,0,0,0,0,0,0,0
UPPER WEST,Wa East,Kpanlinye,GIWACO CONS & ELECT WORKS LTD,SHEP-5-WED-GCEWL-16,0,0,0,0,120,0,0,0,0,0,0,0,0
UPPER WEST,Wa West,Gonjayiri Kawu,DAVID & SONS LTD,SHEP-5-WWD-DAVID-16,0,0,0,0,0,0,0,0,0,0,0,0,0
UPPER WEST,Wa West,Gurungu,DAVID & SONS LTD,SHEP-5-WWD-DAVID-16,336,316,232,232,500,467,467,316,0,0,0,0,0
UPPER WEST,Wa West,Meteu,DAVID & SONS LTD,SHEP-5-WWD-DAVID-16,96,15,0,0,160,130,0,0,0,0,0,0,0
UPPER WEST,Wa West,Varenperi,DAVID & SONS LTD,SHEP-5-WWD-DAVID-16,0,0,0,0,260,230,0,0,0,0,0,0,0
VOLTA,AKATSI NORTH,Adigblikope / Kalalakope,DAVID & SON COMPANY LIMITED,SHEP-4-VR-AND-DSL 11-18,2,2,0,0,20,16,16,16,1,1,0,0,0
VOLTA,AKATSI NORTH,Akeykope,DAVID & SON COMPANY LIMITED,SHEP-4-VR-AND-DSL 11-18,10,0,0,0,40,0,0,0,1,0,0,0,0
VOLTA,AKATSI NORTH,Atrokope / Klevekope,DAVID & SON COMPANY LIMITED,SHEP-4-VR-AND-DSL 11-18,26,27,27,27,40,42,42,42,1,1,1,0,0
VOLTA,AKATSI NORTH,Tomkokope / Adivefe,DAVID & SON COMPANY LIMITED,SHEP-4-VR-AND-DSL 11-18,10,0,0,0,20,0,0,0,1,0,0,0,0
VOLTA,AKATSI SOUTH,Adetsewui,KWANASH ENTERPRISE LIMITED,SHEP-4-VR-ASD- KEL- 09 - 15,34,34,34,34,110,72,60,37,1,1,0,0,47
VOLTA,AKATSI SOUTH,Adjahokope,DASS B ELECTRICAL SERVICE LIMITED,VR-AKTD- 11-16-01,10,8,8,8,20,45,27,27,1,1,0,0,106
VOLTA,AKATSI SOUTH,Afikope,DASS B ELECTRICAL SERVICE LIMITED,VR-AKTD- 11-16-01,16,31,31,31,50,50,25,0,1,0,0,0,0
VOLTA,AKATSI SOUTH,Agblorkpo,KWANASH ENTERPRISE LIMITED,SHEP - 4-VR-ASD- KEL-11-16,20,35,35,35,80,54,0,28,1,0,0,0,0
VOLTA,AKATSI SOUTH,Agordoe,KWANASH ENTERPRISE LIMITED,SHEP-4-VR-ASD- KEL- 09 - 15,32,30,30,15,60,51,51,51,1,1,0,0,0
VOLTA,AKATSI SOUTH,Ahlepedo Extension,DASS B ELECTRICAL SERVICE LIMITED,VR-AKTD- 11-16-01,26,6,0,0,30,55,10,20,1,0,0,0,0
VOLTA,AKATSI SOUTH,Ahlepedo/Sogbekope,DASS B ELECTRICAL SERVICE LIMITED,VR-AKTD- 11-16-01,26,15,15,0,30,30,30,0,1,1,0,0,72
VOLTA,AKATSI SOUTH,Asadame,KWANASH ENTERPRISE LIMITED,SHEP - 4-VR-ASD- KEL-11-16,5,0,0,0,20,12,0,0,1,0,0,0,0
VOLTA,AKATSI SOUTH,Avadre,KWANASH ENTERPRISE LIMITED,SHEP-4-VR-ASD- KEL- 09 - 15,27,28,28,28,55,54,39,39,1,1,1,0,65
VOLTA,AKATSI SOUTH,Avata,DASS B ELECTRICAL SERVICE LIMITED,VR-AKTD- 11-16-01,16,7,7,7,30,21,0,0,1,0,0,0,0
VOLTA,AKATSI SOUTH,Bayive Upgrade,DASS B ELECTRICAL SERVICE LIMITED,VR-AKTD- 11-16-01,8,2,0,0,60,55,0,0,1,0,0,0,110
VOLTA,AKATSI SOUTH,Dadamey,KWANASH ENTERPRISE LIMITED,VR-AKTD- 11-16-2,20,21,21,21,10,10,10,10,1,1,1,0,0
VOLTA,AKATSI SOUTH,Deti,DASS B ELECTRICAL SERVICE LIMITED,VR-AKTD- 11-16-01,3,2,2,2,80,50,50,50,1,1,0,0,54
VOLTA,AKATSI SOUTH,Deve Fusesekope,DASS B ELECTRICAL SERVICE LIMITED,VR-AKTD- 11-16-01,4,9,9,0,16,16,16,0,1,0,0,0,0
VOLTA,AKATSI SOUTH,Deve Gbesekope,DASS B ELECTRICAL SERVICE LIMITED,VR-AKTD- 11-16-01,4,1,1,0,10,10,6,0,1,0,0,0,0
VOLTA,AKATSI SOUTH,Deve Huadagbakope,DASS B ELECTRICAL SERVICE LIMITED,VR-AKTD- 11-16-01,20,12,12,0,16,16,14,0,1,0,0,0,0
VOLTA,AKATSI SOUTH,Deve Netideke,DASS B ELECTRICAL SERVICE LIMITED,VR-AKTD- 11-16-01,13,8,8,0,12,12,12,0,1,1,0,0,0
VOLTA,AKATSI SOUTH,Deve Xenyokope,DASS B ELECTRICAL SERVICE LIMITED,VR-AKTD- 11-16-01,20,2,2,0,10,10,10,0,1,0,0,0,0
VOLTA,AKATSI SOUTH,Devevia,DASS B ELECTRICAL SERVICE LIMITED,VR-AKTD- 11-16-01,8,12,0,0,20,20,20,0,1,0,0,0,0
VOLTA,AKATSI SOUTH,Esusukope,DASS B ELECTRICAL SERVICE LIMITED,VR-AKTD- 11-16-01,39,39,39,39,40,49,7,5,1,1,0,0,0
VOLTA,AKATSI SOUTH,Gakpokope,KWANASH ENTERPRISE LIMITED,VR-AKTD- 11-16-2,21,22,22,22,31,24,24,24,1,0,0,0,0
VOLTA,AKATSI SOUTH,Gidisukope,KWANASH ENTERPRISE LIMITED,VR-AKTD- 11-16-2,16,17,17,17,20,20,20,20,1,0,0,0,0
VOLTA,AKATSI SOUTH,Have Agordome,KWANASH ENTERPRISE LIMITED,VR-AKTD- 11-16-2,20,17,12,0,30,8,0,0,1,0,0,0,0
VOLTA,AKATSI SOUTH,HaveKope,DASS B ELECTRICAL SERVICE LIMITED,VR-AKTD- 11-16-01,26,14,14,14,40,8,8,8,1,0,0,0,0
VOLTA,AKATSI SOUTH,Korvenu/Anyiheme/ Anyidzene,DASS B ELECTRICAL SERVICE LIMITED,VR-AKTD- 11-16-01,10,1,1,1,30,37,37,0,1,1,0,0,0
VOLTA,AKATSI SOUTH,Kpatsakope,KWANASH ENTERPRISE LIMITED,VR-AKTD- 11-16-2,23,0,0,0,20,25,0,0,1,0,0,0,0
VOLTA,AKATSI SOUTH,Kpevenu,KWANASH ENTERPRISE LIMITED,SHEP - 4-VR-ASD- KEL-11-16,27,27,27,14,40,37,17,16,1,0,0,0,0
VOLTA,AKATSI SOUTH,Kporwui,KWANASH ENTERPRISE LIMITED,VR-AKTD- 11-16-2,16,15,14,14,45,29,29,29,1,0,0,0,0
VOLTA,AKATSI SOUTH,Lawui Avedzi,KWANASH ENTERPRISE LIMITED,VR-AKTD- 11-16-2,16,27,8,0,25,19,19,0,1,0,0,0,0
VOLTA,AKATSI SOUTH,Lawui Avegadzi,KWANASH ENTERPRISE LIMITED,VR-AKTD- 11-16-2,8,8,4,0,15,30,12,0,1,0,0,0,0
VOLTA,AKATSI SOUTH,Lawui Kpota,KWANASH ENTERPRISE LIMITED,VR-AKTD- 11-16-2,10,15,14,0,30,11,8,0,1,0,0,0,0
VOLTA,AKATSI SOUTH,Maleme,KWANASH ENTERPRISE LIMITED,VR-AKTD- 11-16-2,29,21,21,21,50,20,20,20,1,1,1,0,0
VOLTA,AKATSI SOUTH,Nugblevi,DASS B ELECTRICAL SERVICE LIMITED,VR-AKTD- 11-16-01,29,23,23,23,45,43,43,43,1,1,0,0,90
VOLTA,AKATSI SOUTH,Tovi,KWANASH ENTERPRISE LIMITED,VR-AKTD- 11-16-2,20,8,0,0,20,16,0,0,1,0,0,0,0
VOLTA,AKATSI SOUTH,Tsive,KWANASH ENTERPRISE LIMITED,SHEP - 4-VR-ASD- KEL-11-16,18,18,18,18,25,25,18,20,1,1,1,0,23
VOLTA,AKATSI SOUTH,Wlitey Extension,DASS B ELECTRICAL SERVICE LIMITED,VR-AKTD- 11-16-01,21,31,31,31,235,97,97,97,5,1,0,0,500
VOLTA,Akatsi North,Avadre,KWANASH ENTERPRISE LIMITED,SHEP-4-VR-ASD- KEL- 09 - 15,34,0,0,0,55,0,0,0,1,0,0,65,0
VOLTA,HO MUNICIPAL,Godokpe-New Site,WILKWAK ENGINEERING LIMITED,SHEP-4-VR-HM-WEL 5-20,5,0,0,0,30,0,0,0,1,0,0,0,0
VOLTA,HO MUNICIPAL,Lokoe -Diamond,JOHOME COMPANY LIMITED,SHEP-4-VR-HM-JCL 05-20,5,7,7,7,30,12,12,12,1,0,0,0,0
VOLTA,HO MUNICIPAL,Nkuabiakorpe/ Dokpokorpe,JOHOME COMPANY LIMITED,SHEP-4-VR-HM-JCL 05-20,18,18,18,18,48,7,7,7,1,0,0,0,0
VOLTA,HO MUNICIPAL,Sokode Lande,WILKWAK ENGINEERING LIMITED,SHEP-4-VR-HM-WEL 5-20,4,0,0,0,31,0,0,0,2,0,0,0,0
VOLTA,HO MUNICIPAL,Torgodo - New Site,WILKWAK ENGINEERING LIMITED,SHEP-4-VR-HM-WEL 5-20,5,0,0,0,32,0,0,0,3,0,0,0,0
VOLTA,HO MUNICIPAL,Wumenu,JOHOME COMPANY LIMITED,SHEP-4-VR-HM-JCL 05-20,6,0,0,0,85,0,0,0,1,0,0,0,0
VOLTA,HO MUNICIPALITY,Aklamakpetoe,DAVID & SON COMPANY LIMITED,SHEP-4-VR-HM-DSL 5-20,31,0,0,0,60,0,0,0,0,0,0,0,0
VOLTA,HO MUNICIPALITY,Amavernu,DAVID & SON COMPANY LIMITED,SHEP-4-HM-DASL-09-15,0,0,0,0,20,8,8,8,0,0,1,0,0
VOLTA,HO MUNICIPALITY,Anyiboboe,DAVID & SON COMPANY LIMITED,SHEP-4-HM-DASL-09-15,22,17,17,17,25,19,19,19,1,1,0,0,42
VOLTA,HO MUNICIPALITY,Hodzo Ve,DAVID & SON COMPANY LIMITED,SHEP-4-HM-DASL-09-15,40,34,34,34,60,32,32,32,1,1,0,0,86
VOLTA,HO MUNICIPALITY,Klefe,DAVID & SON COMPANY LIMITED,SHEP-4-VR-HM-DSL 3-19,12,0,0,0,20,21,21,21,1,1,0,0,0
VOLTA,HO MUNICIPALITY,Kolenu,DAVID & SON COMPANY LIMITED,SHEP-4-VR-HM-DSL 3-19,17,0,0,0,50,0,0,0,0,0,0,0,0
VOLTA,HO MUNICIPALITY,Kpenoe - Agadzi Zone 2,DAVID & SON COMPANY LIMITED,SHEP-4-VR-HM-DSL 5-20,11,0,0,0,95,65,65,65,1,0,0,0,0
VOLTA,HO MUNICIPALITY,Sodzikope,DAVID & SON COMPANY LIMITED,SHEP-4-HM-DASL-09-15,26,27,27,27,10,8,8,8,1,1,1,0,17
VOLTA,HO MUNICIPALITY,Takla,DAVID & SON COMPANY LIMITED,SHEP-4-HM-DASL-09-15,6,6,6,6,10,10,10,10,1,1,0,0,12
VOLTA,HO MUNICIPALITY,Tove,DAVID & SON COMPANY LIMITED,SHEP-4-VR-HM-DSL 3-19,26,0,0,0,100,0,0,0,0,0,0,0,0
VOLTA,HO MUNICIPALITY,Wortikpo,DAVID & SON COMPANY LIMITED,SHEP-4-HM-DASL-09-15,0,0,0,0,20,6,6,6,1,1,1,0,0
VOLTA,HO WEST,Aboete,BRAMAC,SHEP-4-VR-HWD-BCL 5-20,38,9,0,0,30,11,0,0,1,0,0,0,0
VOLTA,HO WEST,Abutia,STONE ELECTRICALS LIMITED,SHEP-VR-HWD-SEW-06-16,10,0,0,0,20,57,26,3,0,0,0,0,0
VOLTA,HO WEST,Abutia Adzimakope/Wukpo,DAVID & SON COMPANY LIMITED,SHEP-4-VR-HWD-DSCL 03-19,27,28,18,13,100,49,40,40,1,0,0,0,0
VOLTA,HO WEST,Abutia Agortive,DAVID & SON COMPANY LIMITED,SHEP-4-VR-HWD-DSCL 03-19,24,19,19,19,65,65,65,65,1,0,0,0,0
VOLTA,HO WEST,Abutia Dzanyodeke,AZ POWER,SHEP-4-VR-HWD-AZPL 5-20,96,0,0,0,70,20,20,20,1,0,0,0,0
VOLTA,HO WEST,Abutia Nyekornakpoe,MENSKLIF COMPANY LIMITED,SHEP -4-VR-HWD-MCL-04-19,38,20,20,20,250,34,5,5,3,0,0,0,0
VOLTA,HO WEST,Abutia Pomeyikope,DAVID & SON COMPANY LIMITED,SHEP-4-VR-HWD-DSCL 03-19,53,0,0,0,40,0,0,0,1,0,0,0,0
VOLTA,HO WEST,Abutia Township Ext.,MENSKLIF COMPANY LIMITED,SHEP -4-VR-HWD-MCL-04-19,38,2,2,2,200,91,69,69,2,0,0,0,0
VOLTA,HO WEST,Abutiakpo,DAVID & SON COMPANY LIMITED,SHEP-4-VR-HWD-DSCL 03-19,78,48,48,0,50,0,0,0,1,0,0,0,0
VOLTA,HO WEST,Achemkpoeta,MENSKLIF COMPANY LIMITED,SHEP -4-VR-HWD-MCL-5-20,8,0,0,0,85,0,0,0,1,0,0,0,0
VOLTA,HO WEST,Aflakope,STONE ELECTRICALS LIMITED,SHEP-VR-HWD-SEW-06-16,0,0,0,0,15,9,0,0,0,0,0,0,0
VOLTA,HO WEST,Akome,STONE ELECTRICALS LIMITED,SHEP-VR-HWD-SEW-06-16,0,0,0,0,20,0,0,0,0,0,0,0,0
VOLTA,HO WEST,Akorviefe,STONE ELECTRICALS LIMITED,SHEP-VR-HWD-SEW-06-16,0,0,0,0,15,0,0,0,0,0,0,0,0
VOLTA,HO WEST,Anfoeta,STONE ELECTRICALS LIMITED,SHEP-VR-HWD-SEW-06-16,0,0,0,0,20,0,0,0,0,0,0,0,0
VOLTA,HO WEST,Anfoeta Zongo,DAVID & SON COMPANY LIMITED,SHEP-4-VR-HWD-DSL 5-20,11,0,0,0,30,42,4,4,0,0,0,0,0
VOLTA,HO WEST,Anyrawase Official Town,DAVID & SON COMPANY LIMITED,SHEP-4-VR-HWD-DSL 5-20,0,0,0,0,40,0,0,0,0,0,0,0,0
VOLTA,HO WEST,Avatime,STONE ELECTRICALS LIMITED,SHEP-VR-HWD-SEW-06-16,0,0,0,0,15,15,0,0,0,0,0,0,0
VOLTA,HO WEST,Avenui,DAVID & SON COMPANY LIMITED,SHEP-4-VR-HWD-DSL 5-20,8,4,4,4,125,40,40,40,2,0,0,0,0
VOLTA,HO WEST,Awudome,STONE ELECTRICALS LIMITED,SHEP-VR-HWD-SEW-06-16,0,0,0,0,15,0,0,0,0,0,0,0,0
VOLTA,HO WEST,Dodome,STONE ELECTRICALS LIMITED,SHEP-VR-HWD-SEW-06-16,0,0,0,0,15,14,12,12,0,0,0,0,0
VOLTA,HO WEST,Dzolo,STONE ELECTRICALS LIMITED,SHEP-VR-HWD-SEW-06-16,73,73,73,73,99,99,99,100,1,1,1,0,0
VOLTA,HO WEST,Dzolokpuita Ass. Site,JOHOME COMPANY LIMITED,SHEP-4-VR-HWD-JCL 05-20,10,5,0,0,110,33,33,33,1,0,0,0,0
VOLTA,HO WEST,Hlefe,STONE ELECTRICALS LIMITED,SHEP-VR-HWD-SEW-06-16,0,0,0,0,15,15,56,56,0,0,0,0,0
VOLTA,HO WEST,Kpale,STONE ELECTRICALS LIMITED,SHEP-VR-HWD-SEW-06-16,0,0,0,0,15,0,0,0,0,0,0,0,0
VOLTA,HO WEST,Kpedze,STONE ELECTRICALS LIMITED,SHEP-VR-HWD-SEW-06-16,12,0,0,0,21,55,27,18,0,0,0,0,0
VOLTA,HO WEST,Kpedze Sreme,BRAMAC,SHEP-4-VR-HWD-BCL 5-20,4,0,0,0,70,0,0,0,1,0,0,0,0
VOLTA,HO WEST,Kpoeta,STONE ELECTRICALS LIMITED,SHEP-VR-HWD-SEW-06-16,10,0,0,0,20,11,0,0,0,0,0,0,0
VOLTA,HO WEST,Tave,JOHOME COMPANY LIMITED,SHEP-4-VR-HWD-JCL 05-20,13,21,0,0,75,37,35,35,1,0,0,0,0
VOLTA,HO WEST,Tsito,STONE ELECTRICALS LIMITED,SHEP-VR-HWD-SEW-06-16,22,8,0,0,110,24,0,0,1,0,0,0,0
VOLTA,HOHOE,DZORGBEKOFE,DEMSACK ENGINEERING LIMITED,SHEP-4-VR-HD-DEWL-07-16,0,0,0,0,0,0,0,0,0,0,0,0,0
VOLTA,HOHOE,Dzorgbekope,DEMSACK ENGINEERING LIMITED,SHEP - 4-VR-HD- DEW-08-16,65,25,25,25,90,16,16,16,1,1,0,0,0
VOLTA,HOHOE,FODOME,DEMSACK ENGINEERING LIMITED,SHEP-4-VR-HD-DEWL-07-16,0,0,0,0,0,0,0,0,0,0,0,0,0
VOLTA,HOHOE,Fodome,DEMSACK ENGINEERING LIMITED,SHEP - 4-VR-HD- DEW-08-16,52,46,46,46,42,41,41,41,1,1,0,0,0
VOLTA,HOHOE,LORMNAVA,DEMSACK ENGINEERING LIMITED,SHEP-4-VR-HD-DEWL-07-16,0,0,0,0,0,0,0,0,0,0,0,0,0
VOLTA,HOHOE,Lormnava,DEMSACK ENGINEERING LIMITED,SHEP - 4-VR-HD- DEW-08-16,38,28,28,28,38,25,25,25,1,1,0,0,0
VOLTA,HOHOE,TORGBADZA,DEMSACK ENGINEERING LIMITED,SHEP-4-VR-HD-DEWL-07-16,0,0,0,0,0,0,0,0,0,0,0,0,0
VOLTA,HOHOE,Torgbadza,DEMSACK ENGINEERING LIMITED,SHEP - 4-VR-HD- DEW-08-16,58,9,9,9,55,28,28,28,1,1,0,0,0
VOLTA,HOHOE MUNICIPALITY,Abansi Maname,McOMAN COMPANY LIMITED,VR-HM-02-19-02,20,0,0,0,80,52,0,0,1,0,0,0,0
VOLTA,HOHOE MUNICIPALITY,Akpatanu,McOMAN COMPANY LIMITED,VR-HM-02-19-02,38,32,0,0,80,75,0,0,1,0,0,0,0
VOLTA,HOHOE MUNICIPALITY,Alavanyo Ext.,DAVID & SON COMPANY LIMITED,SHEP - 4-VR-HM- DSL-09-18,42,0,0,0,56,0,0,0,3,0,0,0,0
VOLTA,HOHOE MUNICIPALITY,Behind Majestic Hotel,McOMAN COMPANY LIMITED,VR-HM-02-19-02,30,26,0,0,120,33,0,0,1,0,0,0,0
VOLTA,HOHOE MUNICIPALITY,EPSH,McOMAN COMPANY LIMITED,VR-HM-02-19-02,40,0,0,0,65,56,0,0,1,0,0,0,0
VOLTA,HOHOE MUNICIPALITY,Fodome Ahor Lorvetornu,DASS B ELECTRICAL SERVICE LIMITED,VR-HM-02-19-01,4,0,0,0,60,0,0,0,1,0,0,0,0
VOLTA,HOHOE MUNICIPALITY,Fodome Ext.,DAVID & SON COMPANY LIMITED,SHEP - 4-VR-HM- DSL-09-18,12,0,0,0,80,40,0,0,3,0,0,0,0
VOLTA,HOHOE MUNICIPALITY,Fodome Togbadza,DASS B ELECTRICAL SERVICE LIMITED,VR-HM-02-19-01,10,0,0,0,50,0,0,0,1,0,0,0,0
VOLTA,HOHOE MUNICIPALITY,Gbi Kodzofe,DAVID & SON COMPANY LIMITED,SHEP - 4-VR-HM- DSL-09-18,16,14,14,14,40,0,0,0,1,0,0,0,0
VOLTA,HOHOE MUNICIPALITY,Hohoe Township,DAVID & SON COMPANY LIMITED,SHEP - 4-VR-HM- DSL-09-18,48,24,24,24,250,20,20,20,2,1,0,0,0
VOLTA,HOHOE MUNICIPALITY,Koloenu Avekpo,DASS B ELECTRICAL SERVICE LIMITED,VR-HM-02-19-01,3,0,0,0,45,0,0,0,1,0,0,0,0
VOLTA,HOHOE MUNICIPALITY,Kpoeta Ext.,DAVID & SON COMPANY LIMITED,SHEP - 4-VR-HM- DSL-09-18,12,3,3,3,35,29,29,29,1,1,0,0,0
VOLTA,HOHOE MUNICIPALITY,Liati Avetome,DASS B ELECTRICAL SERVICE LIMITED,VR-HM-02-19-01,28,0,0,0,20,0,0,0,1,0,0,0,0
VOLTA,HOHOE MUNICIPALITY,Liati Tove 2,DASS B ELECTRICAL SERVICE LIMITED,VR-HM-02-19-01,27,0,0,0,150,0,0,0,2,0,0,0,0
VOLTA,HOHOE MUNICIPALITY,Liati Wusuta,DASS B ELECTRICAL SERVICE LIMITED,VR-HM-02-19-01,4,0,0,0,30,0,0,0,1,0,0,0,0
VOLTA,HOHOE MUNICIPALITY,Likpekpefe,DASS B ELECTRICAL SERVICE LIMITED,VR-HM-02-19-01,4,0,0,0,50,0,0,0,1,0,0,0,0
VOLTA,HOHOE MUNICIPALITY,Lolobi Ashaimbi 2,DASS B ELECTRICAL SERVICE LIMITED,VR-HM-02-19-01,3,0,0,0,60,0,0,0,1,0,0,0,0
VOLTA,HOHOE MUNICIPALITY,New Atabu,DASS B ELECTRICAL SERVICE LIMITED,VR-HM-02-19-01,16,0,0,0,60,0,0,0,1,0,0,0,0
VOLTA,HOHOE MUNICIPALITY,Oklahoma,McOMAN COMPANY LIMITED,VR-HM-02-19-02,22,24,0,0,70,78,0,0,1,0,0,0,0
VOLTA,HOHOE MUNICIPALITY,Opp. Volta Forest Product,DASS B ELECTRICAL SERVICE LIMITED,VR-HM-02-19-01,16,0,0,0,90,0,0,0,1,0,0,0,0
VOLTA,HOHOE MUNICIPALITY,Paloma Down,McOMAN COMPANY LIMITED,VR-HM-02-19-02,38,11,0,0,60,47,0,0,1,0,0,0,0
VOLTA,HOHOE MUNICIPALITY,Temkpokofe,DASS B ELECTRICAL SERVICE LIMITED,VR-HM-02-19-01,11,0,0,0,45,0,0,0,1,0,0,0,0
VOLTA,HOHOE MUNICIPALITY,Water Works Down,McOMAN COMPANY LIMITED,VR-HM-02-19-02,18,17,0,0,40,40,0,0,1,0,0,0,0
VOLTA,HOHOE MUNICIPALITY,Wegbe,DASS B ELECTRICAL SERVICE LIMITED,VR-HM-02-19-01,21,0,0,0,50,0,0,0,1,0,0,0,0
VOLTA,HOHOE MUNICIPALITY,Wli Boarder Post,DAVID & SON COMPANY LIMITED,SHEP - 4-VR-HM- DSL-09-18,18,14,14,14,140,110,60,44,1,1,0,0,0
VOLTA,HOHOE MUNICIPALITY,Wli Dzogbega,DASS B ELECTRICAL SERVICE LIMITED,VR-HM-02-19-01,40,0,0,0,70,0,0,0,2,0,0,0,0
VOLTA,HOHOE MUNICIPALITY,Wli Waterfalls,DAVID & SON COMPANY LIMITED,SHEP - 4-VR-HM- DSL-09-18,0,0,0,0,80,0,0,0,0,0,0,0,0
VOLTA,Ho Municipal,Kpenoe - Agadzi Zone 2,DAVID & SON COMPANY LIMITED,SHEP-4-VR-HM-DSL 5-20,31,13,13,3,95,0,0,0,1,0,0,0,0
VOLTA,Ho West,Abutia Nyekornakpoe,McOMAN COMPANY LIMITED,VR-HM-02-19-02,30,0,0,0,250,0,0,11,3,0,0,0,0
VOLTA,KETA,Agbedrafor,DASS B ELECTRICAL SERVICE LIMITED,VR-AK- 10-18-1,12,9,6,0,84,77,52,52,2,0,0,0,0
VOLTA,KETA,Anyanui,DOKMEL / GIZ GHANA OFFICE,SHEP-4-VR-KM- ECG- 11 - 16,0,0,0,0,25,25,0,0,0,0,0,0,0
VOLTA,KETA,Apedome,DASS B ELECTRICAL SERVICE LIMITED,VR-AK- 10-18-1,4,2,0,0,26,46,45,45,1,0,0,0,0
VOLTA,KETA,Ashieta,DASS B ELECTRICAL SERVICE LIMITED,VR-AK- 10-18-1,111,9,9,9,35,102,102,102,1,0,0,0,0
VOLTA,KETA,Atsibor/ Dorve,DOKMEL / GIZ GHANA OFFICE,SHEP-4-VR-KM- ECG- 11 - 16,18,0,0,0,30,25,25,25,1,0,0,0,0
VOLTA,KETA,Dornogbor,DOKMEL / GIZ GHANA OFFICE,SHEP-4-VR-KM- ECG- 11 - 16,12,0,0,0,15,16,0,0,1,0,0,0,0
VOLTA,KETA,Mishiso,DOKMEL / GIZ GHANA OFFICE,SHEP-4-VR-KM- ECG- 11 - 16,17,0,0,0,50,49,22,22,2,0,0,0,0
VOLTA,KETA,Woe Aklorbodzi,DOKMEL / GIZ GHANA OFFICE,SHEP-4-VR-KM- ECG- 11 - 16,96,0,0,0,25,22,22,22,1,0,0,0,0
VOLTA,KETA,Woe Dzidzorfe,DOKMEL / GIZ GHANA OFFICE,SHEP-4-VR-KM- ECG- 11 - 16,17,0,0,0,20,20,20,20,1,0,0,0,0
VOLTA,KETA (ANLO) / KETU SOUTH,Adzidotoe,SANI MORRISON ENG. LTD,SHEP-4-VR-KSD-SMEL-09-15,5,0,0,0,25,35,0,0,1,0,0,0,0
VOLTA,KETA (ANLO) / KETU SOUTH,Agblekpui,SANI MORRISON ENG. LTD,SHEP-4-VR-KSD-SMEL-09-15,32,36,36,36,140,134,76,76,2,1,1,0,0
VOLTA,KETA (ANLO) / KETU SOUTH,Atiteti,SANI MORRISON ENG. LTD,SHEP-4-VR-KSD-SMEL-09-15,13,12,12,12,56,56,56,56,1,1,1,0,0
VOLTA,KETA (ANLO) / KETU SOUTH,Fihokope,SANI MORRISON ENG. LTD,SHEP-4-VR-KSD-SMEL-09-15,23,18,17,17,105,66,66,66,2,0,0,0,0
VOLTA,KETA (ANLO) / KETU SOUTH,Tetekope,SANI MORRISON ENG. LTD,SHEP-4-VR-KSD-SMEL-09-15,27,20,20,10,25,25,25,17,0,1,1,0,0
VOLTA,KETA (ANLO) / KETU SOUTH,Tublukope,SANI MORRISON ENG. LTD,SHEP-4-VR-KSD-SMEL-09-15,20,17,17,17,74,65,65,65,2,1,1,0,0
VOLTA,KETA (ANLO) / KETU SOUTH,Tunu,SANI MORRISON ENG. LTD,SHEP-4-VR-KSD-SMEL-09-15,31,31,31,31,30,38,38,38,1,1,1,0,0
VOLTA,KETU NORTH,Adagbledu,IDEAL ELECTRICAL WORKS,SHEP - 4-VR-KND- IEW-12-17-02,0,0,0,0,80,108,90,91,0,0,0,0,0
VOLTA,KETU NORTH,Adomekope,IDEAL ELECTRICAL WORKS,SHEP - 4-VR-KND- IEW-12-17-02,5,0,0,0,25,25,25,25,1,0,0,0,0
VOLTA,KETU NORTH,Adoteykorpe,DASS B ELECTRICAL SERVICE LIMITED,SHEP-4-VR-KND-DESL 07-19,24,0,0,0,0,0,0,0,0,0,0,0,0
VOLTA,KETU NORTH,Agbodokope,IDEAL ELECTRICAL WORKS,SHEP - 4-VR-KND- IEW-12-17-02,5,0,0,0,20,15,0,0,1,0,0,0,0
VOLTA,KETU NORTH,Agbogakorpe/ Kutsokorpe,DASS B ELECTRICAL SERVICE LIMITED,SHEP-4-VR-KND-DESL 07-19,14,0,0,0,65,0,0,0,1,0,0,0,0
VOLTA,KETU NORTH,Agbovokorpe,DASS B ELECTRICAL SERVICE LIMITED,SHEP-4-VR-KND-DESL 07-19,11,12,0,0,80,26,0,0,1,0,0,0,0
VOLTA,KETU NORTH,Aglonukope,IDEAL ELECTRICAL WORKS,SHEP - 4-VR-KND- IEW-12-17-02,5,5,5,5,65,55,55,55,1,1,1,0,0
VOLTA,KETU NORTH,Agordeke,KWANASH ENTERPRISE LIMITED,SHEP-4-VR-KND- KE- 07 - 15,15,14,14,14,51,57,57,57,1,1,1,0,0
VOLTA,KETU NORTH,Agorme,KWANASH ENTERPRISE LIMITED,SHEP-4-VR-KND- KE- 07 - 15,19,17,17,17,20,12,12,12,1,1,1,0,0
VOLTA,KETU NORTH,Ahiamadzikorpe,DASS B ELECTRICAL SERVICE LIMITED,SHEP-4-VR-KND-DESL 07-19,11,0,0,0,50,0,0,0,1,0,0,0,0
VOLTA,KETU NORTH,Alagbavi 1&2,DAVID & SON COMPANY LIMITED,SHEP-4-VR-KND-DSCL 12-17-01,30,9,9,9,230,117,117,117,3,0,0,0,130
VOLTA,KETU NORTH,Amuzukope,KWANASH ENTERPRISE LIMITED,SHEP-4-VR-KND- KE- 07 - 15,24,22,0,0,15,13,13,13,1,1,0,0,0
VOLTA,KETU NORTH,Atsiakope,IDEAL ELECTRICAL WORKS,SHEP - 4-VR-KND- IEW-12-17-02,5,5,5,5,50,53,53,53,1,1,1,0,58
VOLTA,KETU NORTH,Awayikope,KWANASH ENTERPRISE LIMITED,SHEP-4-VR-KND- KE- 07 - 15,26,26,26,26,15,15,15,15,1,1,0,0,0
VOLTA,KETU NORTH,Awlikope,IDEAL ELECTRICAL WORKS,SHEP - 4-VR-KND- IEW-12-17-02,0,0,0,0,30,40,36,36,0,0,0,0,0
VOLTA,KETU NORTH,Bagome,DAVID & SON COMPANY LIMITED,SHEP-4-VR-KND-DSCL 12-17-01,0,0,0,0,40,30,29,30,0,1,0,0,8
VOLTA,KETU NORTH,Bokorgakope,IDEAL ELECTRICAL WORKS,SHEP - 4-VR-KND- IEW-12-17-02,11,0,0,0,20,20,20,20,1,1,1,0,22
VOLTA,KETU NORTH,Deme,DAVID & SON COMPANY LIMITED,SHEP-4-VR-KND-DSCL 12-17-01,0,0,0,0,120,40,40,40,2,0,0,0,0
VOLTA,KETU NORTH,Dorwuime/ Savekor,DAVID & SON COMPANY LIMITED,SHEP-4-VR-KND-DSCL 12-17-01,80,80,80,80,90,63,63,57,1,0,0,0,0
VOLTA,KETU NORTH,Doviakorpe,DASS B ELECTRICAL SERVICE LIMITED,SHEP-4-VR-KND-DESL 07-19,0,0,0,0,40,0,0,0,1,0,0,0,0
VOLTA,KETU NORTH,Ehi Township,DASS B ELECTRICAL SERVICE LIMITED,SHEP-4-VR-KND-DESL 07-19,11,0,0,0,100,0,0,0,1,0,0,0,0
VOLTA,KETU NORTH,Evekorpe,DASS B ELECTRICAL SERVICE LIMITED,SHEP-4-VR-KND-DESL 07-19,0,0,0,0,80,0,0,0,1,0,0,0,0
VOLTA,KETU NORTH,Fiagbedu,DAVID & SON COMPANY LIMITED,SHEP-4-VR-KND-DSCL 12-17-01,15,0,0,0,250,0,0,0,2,0,0,0,80
VOLTA,KETU NORTH,Flakavi,KWANASH ENTERPRISE LIMITED,SHEP-4-VR-KND- KE- 07 - 15,22,18,0,0,15,15,0,0,1,0,0,0,0
VOLTA,KETU NORTH,Gamorkorpe/ Akplagakorpe,DASS B ELECTRICAL SERVICE LIMITED,SHEP-4-VR-KND-DESL 07-19,30,0,0,0,45,0,0,0,1,0,0,0,0
VOLTA,KETU NORTH,Gatikorpe/ Dzotepekorpe,DASS B ELECTRICAL SERVICE LIMITED,SHEP-4-VR-KND-DESL 07-19,14,0,0,0,30,0,0,0,1,0,0,0,0
VOLTA,KETU NORTH,Glitikorpe/Gbetikorpe,DASS B ELECTRICAL SERVICE LIMITED,SHEP-4-VR-KND-DESL 07-19,0,0,0,0,60,0,0,0,1,0,0,0,0
VOLTA,KETU NORTH,Kave 1&2,DAVID & SON COMPANY LIMITED,SHEP-4-VR-KND-DSCL 12-17-01,47,15,15,0,110,80,80,80,2,0,0,0,10
VOLTA,KETU NORTH,Kpelikope/ Avafe,DAVID & SON COMPANY LIMITED,SHEP-4-VR-KND-DSCL 12-17-01,20,20,0,0,60,40,40,29,1,0,0,0,0
VOLTA,KETU NORTH,Kpelikorpe,DASS B ELECTRICAL SERVICE LIMITED,SHEP-4-VR-KND-DESL 07-19,0,0,0,0,120,0,0,0,1,0,0,0,0
VOLTA,KETU NORTH,Kugbekorpe,DASS B ELECTRICAL SERVICE LIMITED,SHEP-4-VR-KND-DESL 07-19,11,0,0,0,35,0,0,0,1,0,0,0,0
VOLTA,KETU NORTH,Kuve/Deve,IDEAL ELECTRICAL WORKS,SHEP - 4-VR-KND- IEW-12-17-02,2,0,0,0,100,60,60,60,1,1,1,0,110
VOLTA,KETU NORTH,Midenekye,DAVID & SON COMPANY LIMITED,SHEP-4-VR-KND-DSCL 12-17-01,60,2,2,2,60,20,20,20,2,0,0,0,0
VOLTA,KETU NORTH,Patakukorpe/ Ameamukorpe,DASS B ELECTRICAL SERVICE LIMITED,SHEP-4-VR-KND-DESL 07-19,22,0,0,0,35,0,0,0,1,0,0,0,0
VOLTA,KETU NORTH,Tove Agbornoe,IDEAL ELECTRICAL WORKS,SHEP - 4-VR-KND- IEW-12-17-02,120,79,70,70,80,102,93,93,2,0,0,0,0
VOLTA,KETU NORTH,Tsivuikorpe/ Sodzidorkorpe,DASS B ELECTRICAL SERVICE LIMITED,SHEP-4-VR-KND-DESL 07-19,35,0,0,0,75,0,0,0,1,0,0,0,0
VOLTA,KETU NORTH / KETA,Agbledomi,STRING ELECTRIC WORKS LIMITED / KWANASH ENTERPRISE,SHEP - VR - 08 / SPVRK -02,12,12,12,100,137,137,130,130,1,1,1,0,480
VOLTA,KETU NORTH / KETA,Akplorwutorkor,STRING ELECTRIC WORKS LIMITED / KWANASH ENTERPRISE,SHEP - VR - 08 / SPVRK -02,0,0,0,0,37,34,34,34,1,1,1,0,109
VOLTA,KETU NORTH / KETA,Anyanui,STRING ELECTRIC WORKS LIMITED / KWANASH ENTERPRISE,SHEP - VR - 08 / SPVRK -02,9,9,9,100,125,125,125,125,1,1,1,0,0
VOLTA,KETU NORTH / KETA,Dzita,STRING ELECTRIC WORKS LIMITED / KWANASH ENTERPRISE,SHEP - VR - 08 / SPVRK -02,0,0,0,0,58,58,58,58,1,1,1,0,50
VOLTA,KETU NORTH / KETA,Gbegbekope/ Bedikope/ Ahufeto,STRING ELECTRIC WORKS LIMITED / KWANASH ENTERPRISE,SHEP - VR - 08 / SPVRK -02,33,29,29,29,120,85,85,80,1,1,0,0,0
VOLTA,KPANDO,Asikakrom,DEMSACK ENGINEERING LIMITED,SHEP - 4-VR-KM- DEWL-07-19,16,0,0,0,58,0,0,0,1,0,0,0,0
VOLTA,KPANDO,Avega,DEMSACK ENGINEERING LIMITED,SHEP - 4-VR-KM- DEWL-07-19,36,36,36,36,35,35,35,35,1,1,1,0,70
VOLTA,KPANDO,Debidebi,DEMSACK ENGINEERING LIMITED,SHEP - 4-VR-KM- DEWL-07-19,76,37,37,37,48,21,21,21,1,1,0,0,0
VOLTA,KPANDO,Kuddzra Asiklotoe No.1,DEMSACK ENGINEERING LIMITED,SHEP - 4-VR-KM- DEWL-07-19,41,2,0,0,44,25,18,18,1,0,0,0,0
VOLTA,KPANDO,Kuddzra Asiklotoe No.2,DEMSACK ENGINEERING LIMITED,SHEP - 4-VR-KM- DEWL-07-19,9,2,0,0,18,43,27,27,1,0,0,0,0
VOLTA,Ketu South,Adzidotoe,SANI MORRISON ENG. LTD,SHEP-4-VR-KSD-SMEL-09-15,20,0,0,0,25,15,0,0,1,0,0,0,0
VOLTA,Kpando,Kuddzra Asiklotoe No.1,TRANSPOWER ENGINEERING & CONSTRUCTION LIMITED,SHEP-4-VR-NTD - TECL-09-16,15,0,0,0,44,0,0,0,1,0,0,23,0
VOLTA,Kpando,Kuddzra Asiklotoe No.2,DEMSACK ENGINEERING LIMITED,SHEP - 4-VR-KM- DEWL-07-19,41,0,0,0,18,0,0,0,1,0,0,35,0
VOLTA,NORTH TONGU,Adakorpe/Agbekokorpe,JOHOME COMPANY LIMITED,SHEP - 4-VR-NTD-JCL 07-19,5,60,0,0,0,0,0,0,1,0,0,0,0
VOLTA,NORTH TONGU,Ahumakope / Deikope,SDIL,SHEP-4-VR-NTD-SCL 06-16,12,0,0,0,20,26,26,26,1,1,0,0,0
VOLTA,NORTH TONGU,Ativikorpe,JOHOME COMPANY LIMITED,SHEP - 4-VR-NTD-JCL 07-19,14,40,0,0,0,0,0,0,1,0,0,0,0
VOLTA,NORTH TONGU,Atsiekpoe Ext.,JOHOME COMPANY LIMITED,SHEP - 4-VR-NTD-JCL 07-19,7,50,30,30,0,0,0,0,1,0,0,0,0
VOLTA,NORTH TONGU,Bukarikorpe,JOHOME COMPANY LIMITED,SHEP - 4-VR-NTD-JCL 07-19,14,80,0,0,0,0,0,0,1,0,0,0,0
VOLTA,NORTH TONGU,Deikorpe/Fulakorpe,JOHOME COMPANY LIMITED,SHEP - 4-VR-NTD-JCL 07-19,7,40,0,0,0,0,0,0,1,0,0,0,0
VOLTA,NORTH TONGU,Dorfor Kome,JOHOME COMPANY LIMITED,SHEP - 4-VR-NTD-JCL 07-19,8,50,0,0,0,0,0,0,1,0,0,0,0
VOLTA,NORTH TONGU,Dramanikorpe,JOHOME COMPANY LIMITED,SHEP - 4-VR-NTD-JCL 07-19,7,40,0,0,0,0,0,0,1,0,0,0,0
VOLTA,NORTH TONGU,Dzasanikorpe,JOHOME COMPANY LIMITED,SHEP - 4-VR-NTD-JCL 07-19,7,40,0,0,0,0,0,0,1,0,0,0,0
VOLTA,NORTH TONGU,Husikope / Aklikpanu,SDIL,SHEP-4-VR-NTD-SCL 06-16,8,0,0,0,22,32,32,32,1,1,0,0,0
VOLTA,NORTH TONGU,Kinikorpe,JOHOME COMPANY LIMITED,SHEP - 4-VR-NTD-JCL 07-19,5,140,0,0,0,0,0,0,1,0,0,0,0
VOLTA,NORTH TONGU,Masape,SDIL,SHEP-4-VR-NTD-SCL 06-16,15,0,0,0,30,36,36,36,1,1,0,0,0
VOLTA,NORTH TONGU,Mepe CBIT Campus,SDIL,SHEP-4-VR-NTD-SCL 06-16,9,10,10,10,28,66,66,66,1,1,0,0,0
VOLTA,NORTH TONGU,Mepe Laku,SDIL,SHEP-4-VR-NTD-SCL 06-16,4,11,11,11,22,45,45,45,1,1,0,0,0
VOLTA,NORTH TONGU,Ngokpoe,JOHOME COMPANY LIMITED,SHEP - 4-VR-NTD-JCL 07-19,14,70,0,0,0,0,0,0,1,0,0,0,0
VOLTA,NORTH TONGU,North Tongu District Assembly (Battor Dugame),SANI MORRISON ENG. LTD,SHEP-4-VR-SMEL- NTD-02-22,3,0,0,0,0,0,0,0,0,0,0,0,0
VOLTA,NORTH TONGU,Nyekodzikorpe,JOHOME COMPANY LIMITED,SHEP - 4-VR-NTD-JCL 07-19,74,60,0,0,0,0,0,0,1,0,0,0,0
VOLTA,NORTH TONGU,Sayikope,SDIL,SHEP-4-VR-NTD-SCL 06-16,11,0,0,0,38,38,38,38,1,1,0,0,0
VOLTA,NORTH TONGU,Tengeykorpe,JOHOME COMPANY LIMITED,SHEP - 4-VR-NTD-JCL 07-19,54,70,0,0,0,0,0,0,1,0,0,0,0
VOLTA,NORTH TONGU,Volo New Town,JOHOME COMPANY LIMITED,SHEP - 4-VR-NTD-JCL 07-19,4,50,0,0,0,0,0,0,1,0,0,0,0
VOLTA,NORTH TONGU,Vome Ext.,JOHOME COMPANY LIMITED,SHEP - 4-VR-NTD-JCL 07-19,11,70,40,40,0,0,0,0,1,0,0,0,0
VOLTA,NORTH TONGU,Yirekorpe,JOHOME COMPANY LIMITED,SHEP - 4-VR-NTD-JCL 07-19,34,25,0,0,0,0,0,0,1,0,0,0,0
VOLTA,NORTH TONGU,Zadola,SDIL,SHEP-4-VR-NTD-SCL 06-16,9,0,0,0,52,46,46,46,1,1,0,0,0
VOLTA,SOUTH TONGU,Adzikope,TRANSPOWER ENGINEERING & CONSTRUCTION LIMITED,SHEP-4-VR-NTD - TECL-09-16,31,5,5,5,120,47,0,0,1,1,0,0,0
VOLTA,SOUTH TONGU,Adzikpoe,IKE ELECTRICAL & CIVIL ENGINEERING LIMITED,SHEP-4-VR-STD-IECEL 11-19,20,0,0,0,30,0,0,0,1,0,0,0,0
VOLTA,SOUTH TONGU,Adzralakope,IKE ELECTRICAL & CIVIL ENGINEERING LIMITED,SHEP-4-VR-STD-IECEL 11-19,5,0,0,0,20,0,0,0,1,0,0,0,0
VOLTA,SOUTH TONGU,Agbakope Kofeyae New Town,IKE ELECTRICAL & CIVIL ENGINEERING LIMITED,SHEP-4-VR-STD-IECEL 11-19,31,0,0,0,30,25,0,0,1,0,0,0,0
VOLTA,SOUTH TONGU,Agbelitime,IKE ELECTRICAL & CIVIL ENGINEERING LIMITED,SHEP-4-VR-STD-IECEL 11-19,4,0,0,0,25,0,0,0,1,0,0,0,0
VOLTA,SOUTH TONGU,Agordome Kpotame,IKE ELECTRICAL & CIVIL ENGINEERING LIMITED,SHEP-4-VR-STD-IECEL 11-19,4,0,0,0,20,12,12,0,1,0,0,0,0
VOLTA,SOUTH TONGU,Ahlihlakpui No.3 / No.4,IKE ELECTRICAL & CIVIL ENGINEERING LIMITED,SHEP-4-VR-STD-IECEL 11-19,35,0,0,0,40,0,0,0,1,0,0,0,0
VOLTA,SOUTH TONGU,Ahorgbakope/Podakope,IKE ELECTRICAL & CIVIL ENGINEERING LIMITED,SHEP-4-VR-STD-IECEL 11-19,20,0,0,0,20,0,0,0,1,0,0,0,0
VOLTA,SOUTH TONGU,Akamkope,IKE ELECTRICAL & CIVIL ENGINEERING LIMITED,SHEP-4-VR-STD-IECEL 11-19,19,0,0,0,22,0,0,0,1,0,0,0,0
VOLTA,SOUTH TONGU,Alavanyo,SANI MORRISON ENG. LTD,SHEP-4-VR-STD-SMEL- 04-19,2,0,0,0,80,52,19,19,1,0,0,0,0
VOLTA,SOUTH TONGU,Amusukope,IKE ELECTRICAL & CIVIL ENGINEERING LIMITED,SHEP-4-VR-STD-IECEL 11-19,4,0,0,0,20,0,0,0,1,0,0,0,0
VOLTA,SOUTH TONGU,Chiefkope,TRANSPOWER ENGINEERING & CONSTRUCTION LIMITED,SHEP-4-VR-NTD - TECL-09-16,35,0,0,0,69,26,0,0,1,0,0,0,0
VOLTA,SOUTH TONGU,Dekpevie New Town,IKE ELECTRICAL & CIVIL ENGINEERING LIMITED,SHEP-4-VR-STD-IECEL 11-19,20,0,0,0,15,0,0,0,1,0,0,0,0
VOLTA,SOUTH TONGU,Dordoekope,TRANSPOWER ENGINEERING & CONSTRUCTION LIMITED,SHEP-4-VR-NTD - TECL-09-16,18,14,14,14,120,96,54,54,1,1,0,0,0
VOLTA,SOUTH TONGU,Fieborkope,IKE ELECTRICAL & CIVIL ENGINEERING LIMITED,SHEP-4-VR-STD-IECEL 11-19,23,0,0,0,25,40,0,0,1,0,0,0,0
VOLTA,SOUTH TONGU,Gbadagbatorkor,IKE ELECTRICAL & CIVIL ENGINEERING LIMITED,SHEP-4-VR-STD-IECEL 11-19,20,0,0,0,20,0,0,0,1,0,0,0,0
VOLTA,SOUTH TONGU,Gbokpe,IKE ELECTRICAL & CIVIL ENGINEERING LIMITED,SHEP-4-VR-STD-IECEL 11-19,0,0,0,0,15,0,0,0,1,0,0,0,0
VOLTA,SOUTH TONGU,Godzanu,IKE ELECTRICAL & CIVIL ENGINEERING LIMITED,SHEP-4-VR-STD-IECEL 11-19,16,0,0,0,10,30,0,0,1,0,0,0,0
VOLTA,SOUTH TONGU,Hlevi,SANI MORRISON ENG. LTD,SHEP-4-VR-STD-SMEL- 04-19,0,0,0,0,20,36,36,36,0,0,0,0,0
VOLTA,SOUTH TONGU,Kome-Adjiekope,IKE ELECTRICAL & CIVIL ENGINEERING LIMITED,SHEP-4-VR-STD-IECEL 11-19,7,0,0,0,30,0,0,0,1,0,0,0,0
VOLTA,SOUTH TONGU,Kpodzinyanor,IKE ELECTRICAL & CIVIL ENGINEERING LIMITED,SHEP-4-VR-STD-IECEL 11-19,12,0,0,0,15,0,0,0,1,0,0,0,0
VOLTA,SOUTH TONGU,Larve Newtown,IKE ELECTRICAL & CIVIL ENGINEERING LIMITED,SHEP-4-VR-STD-IECEL 11-19,4,0,0,0,40,0,0,0,1,0,0,0,0
VOLTA,SOUTH TONGU,Medical City 1,SANI MORRISON ENG. LTD,SHEP-4-VR-STD-SMEL- 04-19,8,0,0,0,80,98,71,71,1,0,0,0,0
VOLTA,SOUTH TONGU,Medical City 2,SANI MORRISON ENG. LTD,SHEP-4-VR-STD-SMEL- 04-19,12,0,0,0,100,68,32,32,1,0,0,0,0
VOLTA,SOUTH TONGU,Medical City 3,SANI MORRISON ENG. LTD,SHEP-4-VR-STD-SMEL- 04-19,17,0,0,0,100,0,0,0,0,0,0,0,0
VOLTA,SOUTH TONGU,Takukope,IKE ELECTRICAL & CIVIL ENGINEERING LIMITED,SHEP-4-VR-STD-IECEL 11-19,4,0,0,0,30,0,0,0,1,0,0,0,0
VOLTA,SOUTH TONGU,Tetsakpo,TRANSPOWER ENGINEERING & CONSTRUCTION LIMITED,SHEP-4-VR-NTD - TECL-09-16,15,20,20,20,69,111,111,111,1,1,0,0,0
VOLTA,SOUTH TONGU,Thunder Village,SANI MORRISON ENG. LTD,SHEP-4-VR-STD-SMEL- 04-19,3,0,0,0,40,64,52,52,1,0,0,0,0
VOLTA,SOUTH TONGU,Toklokpo,SANI MORRISON ENG. LTD,SHEP-4-VR-STD-SMEL- 04-19,2,0,0,0,40,40,33,33,1,0,0,0,0
VOLTA,SOUTH TONGU,Toklokpo-Avegorme New Town,SANI MORRISON ENG. LTD,SHEP-4-VR-STD-SMEL- 04-19,15,0,0,0,250,118,92,92,2,0,0,0,0
VOLTA,SOUTH TONGU,Tordzekor,IKE ELECTRICAL & CIVIL ENGINEERING LIMITED,SHEP-4-VR-STD-IECEL 11-19,20,0,0,0,20,0,0,0,1,0,0,0,0
VOLTA,SOUTH TONGU,Vigbedorkope,TRANSPOWER ENGINEERING & CONSTRUCTION LIMITED,SHEP-4-VR-NTD - TECL-09-16,18,4,4,4,115,30,9,0,1,0,0,0,0
VOLTA,SOUTH TONGU,Votenu/Nyakpedukope/ Todome,IKE ELECTRICAL & CIVIL ENGINEERING LIMITED,SHEP-4-VR-STD-IECEL 11-19,4,0,0,0,65,0,0,0,1,0,0,0,0
WESTERN,,Anyinase,Transactors Ltd,SHEP-4-SPWR/MMW-TL-08-19-001,42,19,37,37,30,20,30,30,0,0,0,0,0
WESTERN NORTH,,Maakrom,EAGLE POWER LIMITED,SHEP-ASR-AMDA-PEL-10-16,0,6,6,6,40,0,0,0,2,0,0,0,0
Western,Ahanta East,Aboaboso,Kwablisha Services Ltd,S4-SP-PKGB-AED-KSL-10-16,33,0,0,0,30,0,0,0,0,0,0,0,0
Western,Ahanta East,Kwaso Tawiakrom,Kwablisha Services Ltd,S4-SP-PKGB-AED-KSL-10-16,41,0,0,0,40,0,0,0,0,0,0,0,0
Western,Ahanta East,Mangoase,Kwablisha Services Ltd,S4-SP-PKGB-AED-KSL-10-16,37,0,0,0,35,0,0,0,0,0,0,0,0
Western,Ahanta East,Nyamebekyere,Kwablisha Services Ltd,S4-SP-PKGB-AED-KSL-10-16,12,0,0,0,55,0,0,0,0,0,0,0,0
Western,Ahanta East,Oppong Valley Camp,Kwablisha Services Ltd,S4-SP-PKGB-AED-KSL-10-16,12,0,0,0,35,0,0,0,0,0,0,0,0
Western,Ahanta East,Todzi,Kwablisha Services Ltd,S4-SP-PKGB-AED-KSL-10-16,19,0,0,0,50,0,0,0,0,0,0,0,0
Western,Ahanta West,Aboade,Daily Electricals Ltd,SHEP-4-SP-WR-AW-DEL-08-19-001,36,32,0,0,150,0,0,0,0,0,0,0,0
Western,Ahanta West,Akemtenchie,Daily Electricals Ltd,SHEP-4-SP-WR-AW-DEL-08-19-001,12,12,0,0,30,0,0,0,0,0,0,0,0
Western,Ahanta West,Akitakyi,Daily Electricals Ltd,SHEP-4-SP-WR-AW-DEL-08-19-001,36,32,0,0,90,0,0,0,0,0,0,0,0
Western,Ahanta West,Amandela-Agona By-Pass,Daily Electricals Ltd,SHEP-4-SP-WR-AW-DEL-08-19-001,18,12,0,0,80,0,0,0,0,0,0,0,0
Western,Ahanta West,Apowa/Ghacem,Daily Electricals Ltd,SHEP-4-SP-WR-AW-DEL-08-19-001,18,14,0,0,70,0,0,0,0,0,0,0,0
Western,Ahanta West,Beahu-Yabiw Road,Daily Electricals Ltd,SHEP-4-SP-WR-AW-DEL-08-19-001,18,16,0,0,60,0,0,0,0,0,0,0,0
Western,Ahanta West,Damptey-Agona Nkwanta,Daily Electricals Ltd,SHEP-4-SP-WR-AW-DEL-08-19-001,42,36,0,0,100,0,0,0,0,0,0,0,0
Western,Ahanta West,Matseapow Area-apowa,Daily Electricals Ltd,SHEP-4-SP-WR-AW-DEL-08-19-001,42,40,0,0,100,0,0,0,0,0,0,0,0
Western,Ahanta West,Mosque Zongo,Daily Electricals Ltd,SHEP-4-SP-WR-AW-DEL-08-19-001,30,28,0,0,80,0,0,0,0,0,0,0,0
Western,Ahanta West,Yabiw Township,Daily Electricals Ltd,SHEP-4-SP-WR-AW-DEL-08-19-001,12,10,0,0,40,0,0,0,0,0,0,0,0
Western,Amenfi East,Abeneso,Pakassen Ltd,S4-SP-PKGA-AED-PL-10-16-001,15,0,0,0,60,60,0,0,0,0,0,0,0
Western,Amenfi East,Agave,Pakassen Ltd,S4-SP-PKGA-AED-PL-10-16-001,12,0,0,0,60,60,0,0,0,0,0,0,0
Western,Amenfi East,Asomdwee,Pakassen Ltd,S4-SP-PKGA-AED-PL-10-16-001,12,0,0,0,45,14,0,0,0,0,0,0,0
Western,Amenfi East,Chiefkrom,Pakassen Ltd,S4-SP-PKGA-AED-PL-10-16-001,12,0,0,0,60,60,0,0,0,0,0,0,0
Western,Amenfi East,Ethiopia Forest,Pakassen Ltd,S4-SP-PKGA-AED-PL-10-16-001,50,0,0,0,40,40,0,0,0,0,0,0,0
Western,Amenfi East,Krofofrom,Pakassen Ltd,S4-SP-PKGA-AED-PL-10-16-001,4,0,0,0,40,40,0,0,0,0,0,0,0
Western,Amenfi East,Nyamebekyere,Pakassen Ltd,S4-SP-PKGA-AED-PL-10-16-001,5,0,0,0,40,34,0,0,0,0,0,0,0
Western,Amenfi East,Saa Anwiam,Pakassen Ltd,S4-SP-PKGA-AED-PL-10-16-001,12,0,0,0,60,31,0,0,0,0,0,0,0
Western,Ellembelle,Dentelebo,Saini Morrison Ltd,,12,0,0,0,81,81,0,0,0,0,0,0,0
Western,Ellembelle,Navelongo,Saini Morrison Ltd,,10,0,0,0,77,77,0,0,0,0,0,0,0
Western,Ellembelle,Tweakor No.1,Saini Morrison Ltd,,4,0,0,0,52,52,0,0,0,0,0,0,0
Western,Ellembelle,Tweakor No.2,Saini Morrison Ltd,,10,0,0,0,88,88,0,0,0,0,0,0,0
Western,Jomoro,Ayinase,Ayekoo Ghana Ltd,,0,0,0,0,0,0,0,0,0,0,0,0,0
Western,Jomoro,Basake,Ayekoo Ghana Ltd,,0,0,0,0,0,0,0,0,0,0,0,0,0
Western,Jomoro,Batanta,Ayekoo Ghana Ltd,,0,0,0,0,0,0,0,0,0,0,0,0,0
Western,Jomoro,Bonyere,Co Saah Ltd,S4-SP-JD-CEL-11-16-001,0,0,0,0,0,0,0,0,0,0,0,0,0
Western,Jomoro,Edwokpol,Ayekoo Ghana Ltd,,0,0,0,0,0,0,0,0,0,0,0,0,0
Western,Jomoro,Epku-Cambodia,Co Saah Ltd,S4-SP-JD-CEL-11-16-001,9,0,0,0,80,47,0,0,0,0,0,0,0
Western,Jomoro,Epku-Presby,Co Saah Ltd,S4-SP-JD-CEL-11-16-001,10,0,0,0,35,16,0,0,0,0,0,0,0
Western,Jomoro,Ezinlimbo,Co Saah Ltd,S4-SP-JD-CEL-11-16-001,9,0,0,0,150,150,0,0,0,0,0,0,0
Western,Jomoro,Jaway,Co Saah Ltd,S4-SP-JD-CEL-11-16-001,7,0,0,0,65,25,0,0,0,0,0,0,0
Western,Jomoro,Kpku ECG,Co Saah Ltd,S4-SP-JD-CEL-11-16-001,0,0,0,0,85,57,0,0,0,0,0,0,0
Western,Jomoro,Sanzule,Ayekoo Ghana Ltd,,0,0,0,0,0,0,0,0,0,0,0,0,0
Western,Mpohor Wassa,Abena Anteikrom,Transactors Ltd,SHEP-4-SPWR/MMW-TL-08-19-001,0,0,0,0,0,0,0,0,0,0,0,0,0
Western,Mpohor Wassa,Amuzu(Kromantse),Transactors Ltd,SHEP-4-SPWR/MMW-TL-08-19-001,12,10,0,0,30,10,0,0,0,0,0,0,0
Western,Mpohor Wassa,Angu Site 2,Transactors Ltd,SHEP-4-SPWR/MMW-TL-08-19-001,0,0,0,0,0,0,0,0,0,0,0,0,0
Western,Mpohor Wassa,Anhwemu,Transactors Ltd,SHEP-4-SPWR/MMW-TL-08-19-001,42,33,0,0,65,30,0,0,0,0,0,0,0
Western,Mpohor Wassa,Anyinase,Transactors Ltd,SHEP-4-SPWR/MMW-TL-08-19-001,24,18,0,0,30,10,0,0,0,0,0,0,0
Western,Mpohor Wassa,Brusu/Mphoryabiw,Transactors Ltd,SHEP-4-SPWR/MMW-TL-08-19-001,42,36,0,0,80,44,0,0,0,0,0,0,0
Western,Mpohor Wassa,Domeabra,Transactors Ltd,SHEP-4-SPWR/MMW-TL-08-19-001,120,55,0,0,120,55,0,0,0,0,0,0,0
Western,Mpohor Wassa,Edaa mahateko,Transactors Ltd,SHEP-4-SPWR/MMW-TL-08-19-001,6,2,0,0,15,10,0,0,0,0,0,0,0
Western,Mpohor Wassa,Hweneso,Transactors Ltd,SHEP-4-SPWR/MMW-TL-08-19-001,0,0,0,0,0,0,0,0,0,0,0,0,0
Western,Mpohor Wassa,Kojoboa,Transactors Ltd,SHEP-4-SPWR/MMW-TL-08-19-001,12,10,0,0,60,30,0,0,0,0,0,0,0
Western,Mpohor Wassa,Nabio(K9 & K3),Transactors Ltd,SHEP-4-SPWR/MMW-TL-08-19-001,84,50,0,0,80,46,0,0,0,0,0,0,0
Western,Mpohor Wassa,Yebodzidi,Transactors Ltd,SHEP-4-SPWR/MMW-TL-08-19-001,30,21,0,0,150,65,0,0,0,0,0,0,0
Western,Nzema East,Apewosika,Nzemanle Co Ltd,SHEP-4-WR-NED-NCL-08-19-001,3,0,0,0,91,0,0,0,0,0,0,0,0
Western,Nzema East,Axim Lower Town,Voltage Electricals Co Ltd,SHEP-4-SP-WR-VEL-08-19-001,35,0,0,0,47,0,0,0,0,0,0,0,0
Western,Nzema East,Axim Upper Town,Voltage Electricals Co Ltd,SHEP-4-SP-WR-VEL-08-19-001,18,0,0,0,118,0,0,0,0,0,0,0,0
Western,Nzema East,Bamianko,Voltage Electricals Co Ltd,SHEP-4-SP-WR-VEL-08-19-001,2,0,0,0,97,17,0,0,0,0,0,0,0
Western,Nzema East,Dadwen,Nzemanle Co Ltd,SHEP-4-WR-NED-NCL-08-19-001,7,0,0,0,17,40,0,0,0,0,0,0,0
Western,Nzema East,Ekwansuazo,Nzemanle Co Ltd,SHEP-4-WR-NED-NCL-08-19-001,0,0,0,0,24,0,0,0,0,0,0,0,0
Western,Nzema East,Enibil,Nzemanle Co Ltd,SHEP-4-WR-NED-NCL-08-19-001,18,0,0,0,58,25,0,0,0,0,0,0,0
Western,Nzema East,Gwira Banso,Voltage Electricals Co Ltd,SHEP-4-SP-WR-VEL-08-19-001,5,0,0,0,195,0,0,0,0,0,0,0,0
Western,Nzema East,Isakrom,Nzemanle Co Ltd,SHEP-4-WR-NED-NCL-08-19-001,12,0,0,0,34,0,0,0,0,0,0,0,0
Western,Nzema East,Kegyina,Nzemanle Co Ltd,SHEP-4-WR-NED-NCL-08-19-001,26,0,0,0,42,0,0,0,0,0,0,0,0
Western,Nzema East,Ndetiem,Nzemanle Co Ltd,SHEP-4-WR-NED-NCL-08-19-001,3,0,0,0,24,0,0,0,0,0,0,0,0
Western,Nzema East,Nyamebekyere,Nzemanle Co Ltd,SHEP-4-WR-NED-NCL-08-19-001,20,0,0,0,37,0,0,0,0,0,0,0,0
Western,Nzema East,Yediyezele,Nzemanle Co Ltd,SHEP-4-WR-NED-NCL-08-19-001,2,0,0,0,33,40,0,0,0,0,0,0,0
Western,Tarkwa,Akroma Plaza,Euroflex 1 Ltd,SHEP-4-WR-TD-ECL-11-20,0,0,0,0,0,0,0,0,0,0,0,0,0
Western,Tarkwa,Akyem Boko Area,Euroflex 1 Ltd,SHEP-4-WR-TD-ECL-11-20,0,0,0,0,0,0,0,0,0,0,0,0,0
Western,Tarkwa,Behind Mp Area,Euroflex 1 Ltd,SHEP-4-WR-TD-ECL-11-20,0,0,0,0,0,0,0,0,0,0,0,0,0
Western,Tarkwa,Boama Nkwanta,Euroflex 1 Ltd,SHEP-4-WR-TD-ECL-11-20,0,0,0,0,0,0,0,0,0,0,0,0,0
Western,Tarkwa,Bukom Meth Area,Euroflex 1 Ltd,SHEP-4-WR-TD-ECL-11-20,0,0,0,0,0,0,0,0,0,0,0,0,0
Western,Tarkwa,Church Of Christ Area,Euroflex 1 Ltd,SHEP-4-WR-TD-ECL-11-20,0,0,0,0,0,0,0,0,0,0,0,0,0
Western,Tarkwa,Gyantekrom,Euroflex 1 Ltd,SHEP-4-WR-TD-ECL-11-20,0,0,0,0,0,0,0,0,0,0,0,0,0
Western,Tarkwa,Haleluya Area,Euroflex 1 Ltd,SHEP-4-WR-TD-ECL-11-20,0,0,0,0,0,0,0,0,0,0,0,0,0
Western,Tarkwa,Maratha Sch Area,Euroflex 1 Ltd,SHEP-4-WR-TD-ECL-11-20,0,0,0,0,0,0,0,0,0,0,0,0,0
Western,Tarkwa,Mpintsin,Franves Eng Ltd,SHEP-4-BE&WR-NN&EKD-FEL-09-19,0,0,0,0,0,0,0,0,0,0,0,0,0
Western,Tarkwa,Municipal Ass,Franves Eng Ltd,SHEP-4-BE&WR-NN&EKD-FEL-09-19,0,0,0,0,0,0,0,0,0,0,0,0,0
Western,Tarkwa,Nana Brenya,Euroflex 1 Ltd,SHEP-4-WR-TD-ECL-11-20,0,0,0,0,0,0,0,0,0,0,0,0,0
Western,Tarkwa,New Site Bensa Area,Euroflex 1 Ltd,SHEP-4-WR-TD-ECL-11-20,0,0,0,0,0,0,0,0,0,0,0,0,0
Western,Tarkwa,Nsankwa Area,Euroflex 1 Ltd,SHEP-4-WR-TD-ECL-11-20,0,0,0,0,0,0,0,0,0,0,0,0,0
Western,Tarkwa,Nsuem Newtown,Euroflex 1 Ltd,SHEP-4-WR-TD-ECL-11-20,0,0,0,0,0,0,0,0,0,0,0,0,0
Western,Tarkwa,Nsuem Top Kenyarko,Euroflex 1 Ltd,SHEP-4-WR-TD-ECL-11-20,0,0,0,0,0,0,0,0,0,0,0,0,0
Western,Tarkwa,Police Qtrs Area,Euroflex 1 Ltd,SHEP-4-WR-TD-ECL-11-20,0,0,0,0,0,0,0,0,0,0,0,0,0
Western,Tarkwa,Sam&Swansy Fty,Franves Eng Ltd,SHEP-4-BE&WR-NN&EKD-FEL-09-19,0,0,0,0,0,0,0,0,0,0,0,0,0
Western,Tarkwa,Sda Area,Euroflex 1 Ltd,SHEP-4-WR-TD-ECL-11-20,0,0,0,0,0,0,0,0,0,0,0,0,0
Western,Tarkwa,Senkrom Zones,Euroflex 1 Ltd,SHEP-4-WR-TD-ECL-11-20,0,0,0,0,0,0,0,0,0,0,0,0,0
Western,Tarkwa,Sofomansa,Euroflex 1 Ltd,SHEP-4-WR-TD-ECL-11-20,0,0,0,0,0,0,0,0,0,0,0,0,0
Western,Tarkwa,Suncity,Euroflex 1 Ltd,SHEP-4-WR-TD-ECL-11-20,0,0,0,0,0,0,0,0,0,0,0,0,0
Western,Tarkwa,Tarkwa Shp Mall,Franves Eng Ltd,SHEP-4-BE&WR-NN&EKD-FEL-09-19,0,0,0,0,0,0,0,0,0,0,0,0,0
Western,Tarkwa,Teacher Amankra,Euroflex 1 Ltd,SHEP-4-WR-TD-ECL-11-20,0,0,0,0,0,0,0,0,0,0,0,0,0
Western,Tarkwa,Wood Village,Franves Eng Ltd,SHEP-4-BE&WR-NN&EKD-FEL-09-19,0,0,0,0,0,0,0,0,0,0,0,0,0
Western,Tarkwa Nsuaem,Kaniako,SDIL Ltd,SHEP-WR-TNMA-SCL-08-16,96,51,50,50,51,100,98,98,0,0,0,0,0
Western,Tarkwa Nsuaem,Kyekyerewere,SDIL Ltd,SHEP-WR-TNMA-SCL-08-16,12,0,0,0,40,18,0,0,0,0,0,0,0
Western,Tarkwa Nsuaem,Nsuam Atakrom,SDIL Ltd,SHEP-WR-TNMA-SCL-08-16,12,12,12,12,50,119,119,119,0,0,0,0,0
Western,Tarkwa Nsuaem,Nsuam New Town,SDIL Ltd,SHEP-WR-TNMA-SCL-08-16,12,12,12,12,25,40,40,40,0,0,0,0,0
Western,Tarkwa Nsuaem,Police Quarters,SDIL Ltd,SHEP-WR-TNMA-SCL-08-16,12,12,12,12,70,84,84,84,0,0,0,0,0
Western North,Bibiani A.,Maakrom,S.K Duku,SHEP-SKDE-09-12-15,46,43,43,43,20,20,20,20,1,1,1,0,0
Western North,Juaboso,Adwumamu,Alpha Ltd,,0,0,0,0,0,0,0,0,1,0,0,0,0
Western North,Juaboso,Afofiekrom,Alpha Ltd,,0,0,0,0,0,0,0,0,0,0,0,0,0
Western North,Juaboso,Africa,Zenecca Co Ltd,SHEP-4-WR-JD-ZCL-11-20,0,0,0,0,0,0,0,0,1,0,0,0,0
Western North,Juaboso,Ahidam,Alpha Ltd,SHEP-4-WR-JD-ZCL-11-20,0,0,0,0,0,0,0,0,2,0,0,0,0
Western North,Juaboso,Akoyem,Alpha Ltd,,0,0,0,0,0,0,0,0,1,0,0,0,0
Western North,Juaboso,Amadukrom,Zenecca Co Ltd,SHEP-4-WR-JD-ZCL-11-20,0,0,0,0,0,0,0,0,0,0,0,0,0
Western North,Juaboso,Amantreso,Zenecca Co Ltd,SHEP-4-WR-JD-ZCL-11-20,0,0,0,0,0,0,0,0,1,0,0,0,0
Western North,Juaboso,Camp 5,Zenecca Co Ltd,SHEP-4-WR-JD-ZCL-11-20,0,0,0,0,0,0,0,0,1,0,0,0,0
Western North,Juaboso,Darkwakrom,Zenecca Co Ltd,SHEP-4-WR-JD-ZCL-11-20,0,0,0,0,0,0,0,0,1,0,0,0,0
Western North,Juaboso,Diamekrom,Zenecca Co Ltd,SHEP-4-WR-JD-ZCL-11-20,0,0,0,0,0,0,0,0,1,0,0,0,0
Western North,Juaboso,Fanttraline,Alpha Ltd,,0,0,0,0,0,0,0,0,0,0,0,0,0
Western North,Juaboso,Helehele,Alpha Ltd,,0,0,0,0,0,0,0,0,1,0,0,0,0
Western North,Juaboso,Kantamanto,Zenecca Co Ltd,SHEP-4-WR-JD-ZCL-11-20,0,0,0,0,0,0,0,0,1,0,0,0,0
Western North,Juaboso,Kwamware,Zenecca Co Ltd,SHEP-4-WR-JD-ZCL-11-20,0,0,0,0,0,0,0,0,0,0,0,0,0
Western North,Juaboso,Nkyensekrom,Alpha Ltd,,0,0,0,0,0,0,0,0,1,0,0,0,0
Western North,Juaboso,North Sonka,Zenecca Co Ltd,SHEP-4-WR-JD-ZCL-11-20,0,0,0,0,0,0,0,0,1,0,0,0,0
Western North,Juaboso,Nsonyameye,Zenecca Co Ltd,SHEP-4-WR-JD-ZCL-11-20,0,0,0,0,0,0,0,0,0,0,0,0,0
Western North,Juaboso,Pusi,Alpha Ltd,,0,0,0,0,0,0,0,0,1,0,0,0,0
Western North,Juaboso,South Sonka,Zenecca Co Ltd,SHEP-4-WR-JD-ZCL-11-20,0,0,0,0,0,0,0,0,1,0,0,0,0
Western North,Juaboso,Yamidiakrom,Zenecca Co Ltd,SHEP-4-WR-JD-ZCL-11-20,0,0,0,0,0,0,0,0,1,0,0,0,0
